{"sessionId": "79f104", "runId": "pre-fix", "hypothesisId": "H4", "location": "Epos自動化測試工具3.0.py:check_and_process_invoice:start", "message": "Start process invoice", "data": {"companyId": "60640053", "invoiceNumber": "ZN57303869", "currentUrl": "https://epos.einvoice.com.tw/Welcome"}, "timestamp": 1776825966430}
{"sessionId": "79f104", "runId": "pre-fix", "hypothesisId": "H1", "location": "Epos自動化測試工具3.0.py:query_invoice_rows:start", "message": "Start invoice query", "data": {"companyId": "60640053", "invoiceNumber": "ZN57303869", "currentUrl": "https://epos.einvoice.com.tw/Welcome"}, "timestamp": 1776825966440}
{"sessionId": "79f104", "runId": "pre-fix", "hypothesisId": "H1", "location": "Epos自動化測試工具3.0.py:open_business_query_page", "message": "Opened business query page", "data": {"currentUrl": "https://epos.einvoice.com.tw/AS0102", "openedBizPage": true}, "timestamp": 1776825967181}
{"sessionId": "79f104", "runId": "pre-fix", "hypothesisId": "H3", "location": "Epos自動化測試工具3.0.py:query_invoice_rows:rows", "message": "Fetched invoice rows", "data": {"companyId": "60640053", "invoiceNumber": "ZN57303869", "rowCount": 2, "rows": [[1, "開立", "小平台解析失敗"], [2, "開立", "大平台回覆成功"]]}, "timestamp": 1776825968859}
{"sessionId": "79f104", "runId": "pre-fix", "hypothesisId": "H3", "location": "Epos自動化測試工具3.0.py:check_and_process_invoice:decision", "message": "Decision for multi rows", "data": {"invoiceNumber": "ZN57303869", "totalRows": 2, "failRows": 1, "reasons": ["小平台解析失敗", "大平台回覆成功"]}, "timestamp": 1776825968865}
{"sessionId": "79f104", "runId": "pre-fix", "hypothesisId": "H2", "location": "Epos自動化測試工具3.0.py:delete_invoice:start", "message": "Start delete invoice", "data": {"companyId": "60640053", "invoiceNumber": "ZN57303869", "currentUrl": "https://epos.einvoice.com.tw/AS0102"}, "timestamp": 1776825968873}
{"sessionId": "79f104", "runId": "post-fix", "hypothesisId": "H2", "location": "Epos自動化測試工具3.0.py:open_ops_page:ready", "message": "Ops page ready", "data": {"currentUrl": "https://epos.einvoice.com.tw/UM0501", "openedOpsPage": true}, "timestamp": 1776825969556}
{"sessionId": "79f104", "runId": "pre-fix", "hypothesisId": "H2", "location": "Epos自動化測試工具3.0.py:delete_invoice:query_result", "message": "Delete page query result", "data": {"invoiceNumber": "ZN57303869", "rowCount": 1}, "timestamp": 1776825970275}
{"sessionId": "79f104", "runId": "pre-fix", "hypothesisId": "H4", "location": "Epos自動化測試工具3.0.py:check_and_process_invoice:start", "message": "Start process invoice", "data": {"companyId": "60570346", "invoiceNumber": "ZN54248951", "currentUrl": "https://epos.einvoice.com.tw/UM0501"}, "timestamp": 1776825970983}
{"sessionId": "79f104", "runId": "pre-fix", "hypothesisId": "H1", "location": "Epos自動化測試工具3.0.py:query_invoice_rows:start", "message": "Start invoice query", "data": {"companyId": "60570346", "invoiceNumber": "ZN54248951", "currentUrl": "https://epos.einvoice.com.tw/UM0501"}, "timestamp": 1776825970989}
{"sessionId": "79f104", "runId": "pre-fix", "hypothesisId": "H1", "location": "Epos自動化測試工具3.0.py:open_business_query_page", "message": "Opened business query page", "data": {"currentUrl": "https://epos.einvoice.com.tw/AS0102", "openedBizPage": true}, "timestamp": 1776825971876}
{"sessionId": "79f104", "runId": "pre-fix", "hypothesisId": "H3", "location": "Epos自動化測試工具3.0.py:query_invoice_rows:rows", "message": "Fetched invoice rows", "data": {"companyId": "60570346", "invoiceNumber": "ZN54248951", "rowCount": 2, "rows": [[1, "開立", "大平台回覆成功"], [2, "開立", "小平台解析失敗"]]}, "timestamp": 1776825973521}
{"sessionId": "79f104", "runId": "pre-fix", "hypothesisId": "H3", "location": "Epos自動化測試工具3.0.py:check_and_process_invoice:decision", "message": "Decision for multi rows", "data": {"invoiceNumber": "ZN54248951", "totalRows": 2, "failRows": 1, "reasons": ["大平台回覆成功", "小平台解析失敗"]}, "timestamp": 1776825973527}
{"sessionId": "79f104", "runId": "pre-fix", "hypothesisId": "H2", "location": "Epos自動化測試工具3.0.py:delete_invoice:start", "message": "Start delete invoice", "data": {"companyId": "60570346", "invoiceNumber": "ZN54248951", "currentUrl": "https://epos.einvoice.com.tw/AS0102"}, "timestamp": 1776825973535}
{"sessionId": "79f104", "runId": "post-fix", "hypothesisId": "H2", "location": "Epos自動化測試工具3.0.py:open_ops_page:ready", "message": "Ops page ready", "data": {"currentUrl": "https://epos.einvoice.com.tw/UM0501", "openedOpsPage": true}, "timestamp": 1776825974183}
{"sessionId": "79f104", "runId": "pre-fix", "hypothesisId": "H2", "location": "Epos自動化測試工具3.0.py:delete_invoice:query_result", "message": "Delete page query result", "data": {"invoiceNumber": "ZN54248951", "rowCount": 1}, "timestamp": 1776825974846}
{"sessionId": "79f104", "runId": "pre-fix", "hypothesisId": "H4", "location": "Epos自動化測試工具3.0.py:check_and_process_invoice:start", "message": "Start process invoice", "data": {"companyId": "60570346", "invoiceNumber": "ZN54248950", "currentUrl": "https://epos.einvoice.com.tw/UM0501"}, "timestamp": 1776825975577}
{"sessionId": "79f104", "runId": "pre-fix", "hypothesisId": "H1", "location": "Epos自動化測試工具3.0.py:query_invoice_rows:start", "message": "Start invoice query", "data": {"companyId": "60570346", "invoiceNumber": "ZN54248950", "currentUrl": "https://epos.einvoice.com.tw/UM0501"}, "timestamp": 1776825975587}
{"sessionId": "79f104", "runId": "pre-fix", "hypothesisId": "H1", "location": "Epos自動化測試工具3.0.py:open_business_query_page", "message": "Opened business query page", "data": {"currentUrl": "https://epos.einvoice.com.tw/AS0102", "openedBizPage": true}, "timestamp": 1776825976447}
{"sessionId": "79f104", "runId": "pre-fix", "hypothesisId": "H3", "location": "Epos自動化測試工具3.0.py:query_invoice_rows:rows", "message": "Fetched invoice rows", "data": {"companyId": "60570346", "invoiceNumber": "ZN54248950", "rowCount": 2, "rows": [[1, "開立", "大平台回覆成功"], [2, "開立", "小平台解析失敗"]]}, "timestamp": 1776825978137}
{"sessionId": "79f104", "runId": "pre-fix", "hypothesisId": "H3", "location": "Epos自動化測試工具3.0.py:check_and_process_invoice:decision", "message": "Decision for multi rows", "data": {"invoiceNumber": "ZN54248950", "totalRows": 2, "failRows": 1, "reasons": ["大平台回覆成功", "小平台解析失敗"]}, "timestamp": 1776825978143}
{"sessionId": "79f104", "runId": "pre-fix", "hypothesisId": "H2", "location": "Epos自動化測試工具3.0.py:delete_invoice:start", "message": "Start delete invoice", "data": {"companyId": "60570346", "invoiceNumber": "ZN54248950", "currentUrl": "https://epos.einvoice.com.tw/AS0102"}, "timestamp": 1776825978149}
{"sessionId": "79f104", "runId": "post-fix", "hypothesisId": "H2", "location": "Epos自動化測試工具3.0.py:open_ops_page:ready", "message": "Ops page ready", "data": {"currentUrl": "https://epos.einvoice.com.tw/UM0501", "openedOpsPage": true}, "timestamp": 1776825978800}
{"sessionId": "79f104", "runId": "pre-fix", "hypothesisId": "H2", "location": "Epos自動化測試工具3.0.py:delete_invoice:query_result", "message": "Delete page query result", "data": {"invoiceNumber": "ZN54248950", "rowCount": 1}, "timestamp": 1776825979472}
{"sessionId": "79f104", "runId": "pre-fix", "hypothesisId": "H4", "location": "Epos自動化測試工具3.0.py:check_and_process_invoice:start", "message": "Start process invoice", "data": {"companyId": "92509432", "invoiceNumber": "ZF99927369", "currentUrl": "https://epos.einvoice.com.tw/UM0501"}, "timestamp": 1776825980220}
{"sessionId": "79f104", "runId": "pre-fix", "hypothesisId": "H1", "location": "Epos自動化測試工具3.0.py:query_invoice_rows:start", "message": "Start invoice query", "data": {"companyId": "92509432", "invoiceNumber": "ZF99927369", "currentUrl": "https://epos.einvoice.com.tw/UM0501"}, "timestamp": 1776825980232}
{"sessionId": "79f104", "runId": "pre-fix", "hypothesisId": "H1", "location": "Epos自動化測試工具3.0.py:open_business_query_page", "message": "Opened business query page", "data": {"currentUrl": "https://epos.einvoice.com.tw/AS0102", "openedBizPage": true}, "timestamp": 1776825981151}
{"sessionId": "79f104", "runId": "pre-fix", "hypothesisId": "H3", "location": "Epos自動化測試工具3.0.py:query_invoice_rows:rows", "message": "Fetched invoice rows", "data": {"companyId": "92509432", "invoiceNumber": "ZF99927369", "rowCount": 2, "rows": [[1, "開立", "大平台回覆成功"], [2, "開立", "小平台解析失敗"]]}, "timestamp": 1776825982900}
{"sessionId": "79f104", "runId": "pre-fix", "hypothesisId": "H3", "location": "Epos自動化測試工具3.0.py:check_and_process_invoice:decision", "message": "Decision for multi rows", "data": {"invoiceNumber": "ZF99927369", "totalRows": 2, "failRows": 1, "reasons": ["大平台回覆成功", "小平台解析失敗"]}, "timestamp": 1776825982905}
{"sessionId": "79f104", "runId": "pre-fix", "hypothesisId": "H2", "location": "Epos自動化測試工具3.0.py:delete_invoice:start", "message": "Start delete invoice", "data": {"companyId": "92509432", "invoiceNumber": "ZF99927369", "currentUrl": "https://epos.einvoice.com.tw/AS0102"}, "timestamp": 1776825982914}
{"sessionId": "79f104", "runId": "post-fix", "hypothesisId": "H2", "location": "Epos自動化測試工具3.0.py:open_ops_page:ready", "message": "Ops page ready", "data": {"currentUrl": "https://epos.einvoice.com.tw/UM0501", "openedOpsPage": true}, "timestamp": 1776825983569}
{"sessionId": "79f104", "runId": "pre-fix", "hypothesisId": "H2", "location": "Epos自動化測試工具3.0.py:delete_invoice:query_result", "message": "Delete page query result", "data": {"invoiceNumber": "ZF99927369", "rowCount": 1}, "timestamp": 1776825984260}
{"sessionId": "79f104", "runId": "pre-fix", "hypothesisId": "H4", "location": "Epos自動化測試工具3.0.py:check_and_process_invoice:start", "message": "Start process invoice", "data": {"companyId": "42169177", "invoiceNumber": "YZ42850877", "currentUrl": "https://epos.einvoice.com.tw/UM0501"}, "timestamp": 1776825984960}
{"sessionId": "79f104", "runId": "pre-fix", "hypothesisId": "H1", "location": "Epos自動化測試工具3.0.py:query_invoice_rows:start", "message": "Start invoice query", "data": {"companyId": "42169177", "invoiceNumber": "YZ42850877", "currentUrl": "https://epos.einvoice.com.tw/UM0501"}, "timestamp": 1776825984971}
{"sessionId": "79f104", "runId": "pre-fix", "hypothesisId": "H1", "location": "Epos自動化測試工具3.0.py:open_business_query_page", "message": "Opened business query page", "data": {"currentUrl": "https://epos.einvoice.com.tw/AS0102", "openedBizPage": true}, "timestamp": 1776825985858}
{"sessionId": "79f104", "runId": "pre-fix", "hypothesisId": "H3", "location": "Epos自動化測試工具3.0.py:query_invoice_rows:rows", "message": "Fetched invoice rows", "data": {"companyId": "42169177", "invoiceNumber": "YZ42850877", "rowCount": 2, "rows": [[1, "開立", "小平台解析失敗"], [2, "開立", "大平台回覆成功"]]}, "timestamp": 1776825987559}
{"sessionId": "79f104", "runId": "pre-fix", "hypothesisId": "H3", "location": "Epos自動化測試工具3.0.py:check_and_process_invoice:decision", "message": "Decision for multi rows", "data": {"invoiceNumber": "YZ42850877", "totalRows": 2, "failRows": 1, "reasons": ["小平台解析失敗", "大平台回覆成功"]}, "timestamp": 1776825987565}
{"sessionId": "79f104", "runId": "pre-fix", "hypothesisId": "H2", "location": "Epos自動化測試工具3.0.py:delete_invoice:start", "message": "Start delete invoice", "data": {"companyId": "42169177", "invoiceNumber": "YZ42850877", "currentUrl": "https://epos.einvoice.com.tw/AS0102"}, "timestamp": 1776825987573}
{"sessionId": "79f104", "runId": "post-fix", "hypothesisId": "H2", "location": "Epos自動化測試工具3.0.py:open_ops_page:ready", "message": "Ops page ready", "data": {"currentUrl": "https://epos.einvoice.com.tw/UM0501", "openedOpsPage": true}, "timestamp": 1776825988252}
{"sessionId": "79f104", "runId": "pre-fix", "hypothesisId": "H2", "location": "Epos自動化測試工具3.0.py:delete_invoice:query_result", "message": "Delete page query result", "data": {"invoiceNumber": "YZ42850877", "rowCount": 1}, "timestamp": 1776825988918}
{"sessionId": "79f104", "runId": "post-fix", "hypothesisId": "H5", "location": "Epos自動化測試工具3.0.py:write_invoice_data:success", "message": "Excel write success", "data": {"path": "D:\\D\\wilsonhuang\\Worktime\\python\\epos自動化測試工具3.0\\data\\EposError.xlsx", "rows": 4}, "timestamp": 1776825989656}
{"sessionId": "79f104", "runId": "pre-fix", "hypothesisId": "H4", "location": "Epos自動化測試工具3.0.py:check_and_process_invoice:start", "message": "Start process invoice", "data": {"companyId": "42169177", "invoiceNumber": "YZ42850876", "currentUrl": "https://epos.einvoice.com.tw/UM0501"}, "timestamp": 1776825989662}
{"sessionId": "79f104", "runId": "pre-fix", "hypothesisId": "H1", "location": "Epos自動化測試工具3.0.py:query_invoice_rows:start", "message": "Start invoice query", "data": {"companyId": "42169177", "invoiceNumber": "YZ42850876", "currentUrl": "https://epos.einvoice.com.tw/UM0501"}, "timestamp": 1776825989668}
{"sessionId": "79f104", "runId": "pre-fix", "hypothesisId": "H1", "location": "Epos自動化測試工具3.0.py:open_business_query_page", "message": "Opened business query page", "data": {"currentUrl": "https://epos.einvoice.com.tw/AS0102", "openedBizPage": true}, "timestamp": 1776825990517}
{"sessionId": "79f104", "runId": "pre-fix", "hypothesisId": "H3", "location": "Epos自動化測試工具3.0.py:query_invoice_rows:rows", "message": "Fetched invoice rows", "data": {"companyId": "42169177", "invoiceNumber": "YZ42850876", "rowCount": 2, "rows": [[1, "開立", "大平台回覆成功"], [2, "開立", "小平台解析失敗"]]}, "timestamp": 1776825992252}
{"sessionId": "79f104", "runId": "pre-fix", "hypothesisId": "H3", "location": "Epos自動化測試工具3.0.py:check_and_process_invoice:decision", "message": "Decision for multi rows", "data": {"invoiceNumber": "YZ42850876", "totalRows": 2, "failRows": 1, "reasons": ["大平台回覆成功", "小平台解析失敗"]}, "timestamp": 1776825992258}
{"sessionId": "79f104", "runId": "pre-fix", "hypothesisId": "H2", "location": "Epos自動化測試工具3.0.py:delete_invoice:start", "message": "Start delete invoice", "data": {"companyId": "42169177", "invoiceNumber": "YZ42850876", "currentUrl": "https://epos.einvoice.com.tw/AS0102"}, "timestamp": 1776825992266}
{"sessionId": "79f104", "runId": "post-fix", "hypothesisId": "H2", "location": "Epos自動化測試工具3.0.py:open_ops_page:ready", "message": "Ops page ready", "data": {"currentUrl": "https://epos.einvoice.com.tw/UM0501", "openedOpsPage": true}, "timestamp": 1776825992936}
{"sessionId": "79f104", "runId": "pre-fix", "hypothesisId": "H2", "location": "Epos自動化測試工具3.0.py:delete_invoice:query_result", "message": "Delete page query result", "data": {"invoiceNumber": "YZ42850876", "rowCount": 1}, "timestamp": 1776825993620}
{"sessionId": "79f104", "runId": "pre-fix", "hypothesisId": "H4", "location": "Epos自動化測試工具3.0.py:check_and_process_invoice:start", "message": "Start process invoice", "data": {"companyId": "95194625", "invoiceNumber": "ZM48237541", "currentUrl": "https://epos.einvoice.com.tw/UM0501"}, "timestamp": 1776825994357}
{"sessionId": "79f104", "runId": "pre-fix", "hypothesisId": "H1", "location": "Epos自動化測試工具3.0.py:query_invoice_rows:start", "message": "Start invoice query", "data": {"companyId": "95194625", "invoiceNumber": "ZM48237541", "currentUrl": "https://epos.einvoice.com.tw/UM0501"}, "timestamp": 1776825994368}
{"sessionId": "79f104", "runId": "pre-fix", "hypothesisId": "H1", "location": "Epos自動化測試工具3.0.py:open_business_query_page", "message": "Opened business query page", "data": {"currentUrl": "https://epos.einvoice.com.tw/AS0102", "openedBizPage": true}, "timestamp": 1776825995278}
{"sessionId": "79f104", "runId": "pre-fix", "hypothesisId": "H3", "location": "Epos自動化測試工具3.0.py:query_invoice_rows:rows", "message": "Fetched invoice rows", "data": {"companyId": "95194625", "invoiceNumber": "ZM48237541", "rowCount": 2, "rows": [[1, "開立", "小平台解析失敗"], [2, "開立", "大平台回覆成功"]]}, "timestamp": 1776825996990}
{"sessionId": "79f104", "runId": "pre-fix", "hypothesisId": "H3", "location": "Epos自動化測試工具3.0.py:check_and_process_invoice:decision", "message": "Decision for multi rows", "data": {"invoiceNumber": "ZM48237541", "totalRows": 2, "failRows": 1, "reasons": ["小平台解析失敗", "大平台回覆成功"]}, "timestamp": 1776825996997}
{"sessionId": "79f104", "runId": "pre-fix", "hypothesisId": "H2", "location": "Epos自動化測試工具3.0.py:delete_invoice:start", "message": "Start delete invoice", "data": {"companyId": "95194625", "invoiceNumber": "ZM48237541", "currentUrl": "https://epos.einvoice.com.tw/AS0102"}, "timestamp": 1776825997005}
{"sessionId": "79f104", "runId": "post-fix", "hypothesisId": "H2", "location": "Epos自動化測試工具3.0.py:open_ops_page:ready", "message": "Ops page ready", "data": {"currentUrl": "https://epos.einvoice.com.tw/UM0501", "openedOpsPage": true}, "timestamp": 1776825997659}
{"sessionId": "79f104", "runId": "pre-fix", "hypothesisId": "H2", "location": "Epos自動化測試工具3.0.py:delete_invoice:query_result", "message": "Delete page query result", "data": {"invoiceNumber": "ZM48237541", "rowCount": 1}, "timestamp": 1776825998327}
{"sessionId": "79f104", "runId": "pre-fix", "hypothesisId": "H4", "location": "Epos自動化測試工具3.0.py:check_and_process_invoice:start", "message": "Start process invoice", "data": {"companyId": "94369252", "invoiceNumber": "ZL95191108", "currentUrl": "https://epos.einvoice.com.tw/UM0501"}, "timestamp": 1776825999026}
{"sessionId": "79f104", "runId": "pre-fix", "hypothesisId": "H1", "location": "Epos自動化測試工具3.0.py:query_invoice_rows:start", "message": "Start invoice query", "data": {"companyId": "94369252", "invoiceNumber": "ZL95191108", "currentUrl": "https://epos.einvoice.com.tw/UM0501"}, "timestamp": 1776825999040}
{"sessionId": "79f104", "runId": "pre-fix", "hypothesisId": "H1", "location": "Epos自動化測試工具3.0.py:open_business_query_page", "message": "Opened business query page", "data": {"currentUrl": "https://epos.einvoice.com.tw/AS0102", "openedBizPage": true}, "timestamp": 1776825999871}
{"sessionId": "79f104", "runId": "pre-fix", "hypothesisId": "H3", "location": "Epos自動化測試工具3.0.py:query_invoice_rows:rows", "message": "Fetched invoice rows", "data": {"companyId": "94369252", "invoiceNumber": "ZL95191108", "rowCount": 2, "rows": [[1, "開立", "大平台回覆成功"], [2, "開立", "小平台解析失敗"]]}, "timestamp": 1776826001495}
{"sessionId": "79f104", "runId": "pre-fix", "hypothesisId": "H3", "location": "Epos自動化測試工具3.0.py:check_and_process_invoice:decision", "message": "Decision for multi rows", "data": {"invoiceNumber": "ZL95191108", "totalRows": 2, "failRows": 1, "reasons": ["大平台回覆成功", "小平台解析失敗"]}, "timestamp": 1776826001503}
{"sessionId": "79f104", "runId": "pre-fix", "hypothesisId": "H2", "location": "Epos自動化測試工具3.0.py:delete_invoice:start", "message": "Start delete invoice", "data": {"companyId": "94369252", "invoiceNumber": "ZL95191108", "currentUrl": "https://epos.einvoice.com.tw/AS0102"}, "timestamp": 1776826001513}
{"sessionId": "79f104", "runId": "post-fix", "hypothesisId": "H2", "location": "Epos自動化測試工具3.0.py:open_ops_page:ready", "message": "Ops page ready", "data": {"currentUrl": "https://epos.einvoice.com.tw/UM0501", "openedOpsPage": true}, "timestamp": 1776826002153}
{"sessionId": "79f104", "runId": "pre-fix", "hypothesisId": "H2", "location": "Epos自動化測試工具3.0.py:delete_invoice:query_result", "message": "Delete page query result", "data": {"invoiceNumber": "ZL95191108", "rowCount": 1}, "timestamp": 1776826002832}
{"sessionId": "79f104", "runId": "pre-fix", "hypothesisId": "H4", "location": "Epos自動化測試工具3.0.py:check_and_process_invoice:start", "message": "Start process invoice", "data": {"companyId": "82977219", "invoiceNumber": "ZK41245113", "currentUrl": "https://epos.einvoice.com.tw/UM0501"}, "timestamp": 1776826003552}
{"sessionId": "79f104", "runId": "pre-fix", "hypothesisId": "H1", "location": "Epos自動化測試工具3.0.py:query_invoice_rows:start", "message": "Start invoice query", "data": {"companyId": "82977219", "invoiceNumber": "ZK41245113", "currentUrl": "https://epos.einvoice.com.tw/UM0501"}, "timestamp": 1776826003563}
{"sessionId": "79f104", "runId": "pre-fix", "hypothesisId": "H1", "location": "Epos自動化測試工具3.0.py:open_business_query_page", "message": "Opened business query page", "data": {"currentUrl": "https://epos.einvoice.com.tw/AS0102", "openedBizPage": true}, "timestamp": 1776826004465}
{"sessionId": "79f104", "runId": "pre-fix", "hypothesisId": "H3", "location": "Epos自動化測試工具3.0.py:query_invoice_rows:rows", "message": "Fetched invoice rows", "data": {"companyId": "82977219", "invoiceNumber": "ZK41245113", "rowCount": 2, "rows": [[1, "開立", "小平台解析失敗"], [2, "開立", "大平台回覆成功"]]}, "timestamp": 1776826006098}
{"sessionId": "79f104", "runId": "pre-fix", "hypothesisId": "H3", "location": "Epos自動化測試工具3.0.py:check_and_process_invoice:decision", "message": "Decision for multi rows", "data": {"invoiceNumber": "ZK41245113", "totalRows": 2, "failRows": 1, "reasons": ["小平台解析失敗", "大平台回覆成功"]}, "timestamp": 1776826006105}
{"sessionId": "79f104", "runId": "pre-fix", "hypothesisId": "H2", "location": "Epos自動化測試工具3.0.py:delete_invoice:start", "message": "Start delete invoice", "data": {"companyId": "82977219", "invoiceNumber": "ZK41245113", "currentUrl": "https://epos.einvoice.com.tw/AS0102"}, "timestamp": 1776826006114}
{"sessionId": "79f104", "runId": "post-fix", "hypothesisId": "H2", "location": "Epos自動化測試工具3.0.py:open_ops_page:ready", "message": "Ops page ready", "data": {"currentUrl": "https://epos.einvoice.com.tw/UM0501", "openedOpsPage": true}, "timestamp": 1776826006775}
{"sessionId": "79f104", "runId": "pre-fix", "hypothesisId": "H2", "location": "Epos自動化測試工具3.0.py:delete_invoice:query_result", "message": "Delete page query result", "data": {"invoiceNumber": "ZK41245113", "rowCount": 1}, "timestamp": 1776826007479}
{"sessionId": "79f104", "runId": "post-fix", "hypothesisId": "H5", "location": "Epos自動化測試工具3.0.py:write_invoice_data:success", "message": "Excel write success", "data": {"path": "D:\\D\\wilsonhuang\\Worktime\\python\\epos自動化測試工具3.0\\data\\EposError.xlsx", "rows": 0}, "timestamp": 1776826008230}
{"sessionId": "79f104", "runId": "pre-fix", "hypothesisId": "H4", "location": "Epos自動化測試工具3.0.py:check_and_process_invoice:start", "message": "Start process invoice", "data": {"companyId": "95417225", "invoiceNumber": "ZN22507889", "currentUrl": "https://epos.einvoice.com.tw/Welcome"}, "timestamp": 1776914784413}
{"sessionId": "79f104", "runId": "pre-fix", "hypothesisId": "H1", "location": "Epos自動化測試工具3.0.py:query_invoice_rows:start", "message": "Start invoice query", "data": {"companyId": "95417225", "invoiceNumber": "ZN22507889", "currentUrl": "https://epos.einvoice.com.tw/Welcome"}, "timestamp": 1776914784421}
{"sessionId": "79f104", "runId": "pre-fix", "hypothesisId": "H1", "location": "Epos自動化測試工具3.0.py:open_business_query_page", "message": "Opened business query page", "data": {"currentUrl": "https://epos.einvoice.com.tw/AS0102", "openedBizPage": true}, "timestamp": 1776914785418}
{"sessionId": "79f104", "runId": "pre-fix", "hypothesisId": "H3", "location": "Epos自動化測試工具3.0.py:query_invoice_rows:rows", "message": "Fetched invoice rows", "data": {"companyId": "95417225", "invoiceNumber": "ZN22507889", "rowCount": 2, "rows": [[1, "開立", "大平台回覆成功"], [2, "開立", "小平台解析失敗"]]}, "timestamp": 1776914787334}
{"sessionId": "79f104", "runId": "pre-fix", "hypothesisId": "H3", "location": "Epos自動化測試工具3.0.py:check_and_process_invoice:decision", "message": "Decision for multi rows", "data": {"invoiceNumber": "ZN22507889", "totalRows": 2, "failRows": 1, "reasons": ["大平台回覆成功", "小平台解析失敗"]}, "timestamp": 1776914787339}
{"sessionId": "79f104", "runId": "pre-fix", "hypothesisId": "H2", "location": "Epos自動化測試工具3.0.py:delete_invoice:start", "message": "Start delete invoice", "data": {"companyId": "95417225", "invoiceNumber": "ZN22507889", "currentUrl": "https://epos.einvoice.com.tw/AS0102"}, "timestamp": 1776914787349}
{"sessionId": "79f104", "runId": "post-fix", "hypothesisId": "H2", "location": "Epos自動化測試工具3.0.py:open_ops_page:ready", "message": "Ops page ready", "data": {"currentUrl": "https://epos.einvoice.com.tw/UM0501", "openedOpsPage": true}, "timestamp": 1776914788052}
{"sessionId": "79f104", "runId": "pre-fix", "hypothesisId": "H2", "location": "Epos自動化測試工具3.0.py:delete_invoice:query_result", "message": "Delete page query result", "data": {"invoiceNumber": "ZN22507889", "rowCount": 1}, "timestamp": 1776914788802}
{"sessionId": "79f104", "runId": "pre-fix", "hypothesisId": "H4", "location": "Epos自動化測試工具3.0.py:check_and_process_invoice:start", "message": "Start process invoice", "data": {"companyId": "60932122", "invoiceNumber": "ZN96214103", "currentUrl": "https://epos.einvoice.com.tw/UM0501"}, "timestamp": 1776914789575}
{"sessionId": "79f104", "runId": "pre-fix", "hypothesisId": "H1", "location": "Epos自動化測試工具3.0.py:query_invoice_rows:start", "message": "Start invoice query", "data": {"companyId": "60932122", "invoiceNumber": "ZN96214103", "currentUrl": "https://epos.einvoice.com.tw/UM0501"}, "timestamp": 1776914789587}
{"sessionId": "79f104", "runId": "pre-fix", "hypothesisId": "H1", "location": "Epos自動化測試工具3.0.py:open_business_query_page", "message": "Opened business query page", "data": {"currentUrl": "https://epos.einvoice.com.tw/AS0102", "openedBizPage": true}, "timestamp": 1776914790522}
{"sessionId": "79f104", "runId": "pre-fix", "hypothesisId": "H3", "location": "Epos自動化測試工具3.0.py:query_invoice_rows:rows", "message": "Fetched invoice rows", "data": {"companyId": "60932122", "invoiceNumber": "ZN96214103", "rowCount": 2, "rows": [[1, "開立", "小平台解析失敗"], [2, "開立", "大平台回覆成功"]]}, "timestamp": 1776914792269}
{"sessionId": "79f104", "runId": "pre-fix", "hypothesisId": "H3", "location": "Epos自動化測試工具3.0.py:check_and_process_invoice:decision", "message": "Decision for multi rows", "data": {"invoiceNumber": "ZN96214103", "totalRows": 2, "failRows": 1, "reasons": ["小平台解析失敗", "大平台回覆成功"]}, "timestamp": 1776914792275}
{"sessionId": "79f104", "runId": "pre-fix", "hypothesisId": "H2", "location": "Epos自動化測試工具3.0.py:delete_invoice:start", "message": "Start delete invoice", "data": {"companyId": "60932122", "invoiceNumber": "ZN96214103", "currentUrl": "https://epos.einvoice.com.tw/AS0102"}, "timestamp": 1776914792285}
{"sessionId": "79f104", "runId": "post-fix", "hypothesisId": "H2", "location": "Epos自動化測試工具3.0.py:open_ops_page:ready", "message": "Ops page ready", "data": {"currentUrl": "https://epos.einvoice.com.tw/UM0501", "openedOpsPage": true}, "timestamp": 1776914792978}
{"sessionId": "79f104", "runId": "pre-fix", "hypothesisId": "H2", "location": "Epos自動化測試工具3.0.py:delete_invoice:query_result", "message": "Delete page query result", "data": {"invoiceNumber": "ZN96214103", "rowCount": 1}, "timestamp": 1776914793663}
{"sessionId": "79f104", "runId": "pre-fix", "hypothesisId": "H4", "location": "Epos自動化測試工具3.0.py:check_and_process_invoice:start", "message": "Start process invoice", "data": {"companyId": "38711402", "invoiceNumber": "YZ25055796", "currentUrl": "https://epos.einvoice.com.tw/UM0501"}, "timestamp": 1776914794464}
{"sessionId": "79f104", "runId": "pre-fix", "hypothesisId": "H1", "location": "Epos自動化測試工具3.0.py:query_invoice_rows:start", "message": "Start invoice query", "data": {"companyId": "38711402", "invoiceNumber": "YZ25055796", "currentUrl": "https://epos.einvoice.com.tw/UM0501"}, "timestamp": 1776914794481}
{"sessionId": "79f104", "runId": "pre-fix", "hypothesisId": "H1", "location": "Epos自動化測試工具3.0.py:open_business_query_page", "message": "Opened business query page", "data": {"currentUrl": "https://epos.einvoice.com.tw/AS0102", "openedBizPage": true}, "timestamp": 1776914795420}
{"sessionId": "79f104", "runId": "pre-fix", "hypothesisId": "H3", "location": "Epos自動化測試工具3.0.py:query_invoice_rows:rows", "message": "Fetched invoice rows", "data": {"companyId": "38711402", "invoiceNumber": "YZ25055796", "rowCount": 2, "rows": [[1, "開立", "小平台解析失敗"], [2, "開立", "大平台回覆成功"]]}, "timestamp": 1776914797232}
{"sessionId": "79f104", "runId": "pre-fix", "hypothesisId": "H3", "location": "Epos自動化測試工具3.0.py:check_and_process_invoice:decision", "message": "Decision for multi rows", "data": {"invoiceNumber": "YZ25055796", "totalRows": 2, "failRows": 1, "reasons": ["小平台解析失敗", "大平台回覆成功"]}, "timestamp": 1776914797237}
{"sessionId": "79f104", "runId": "pre-fix", "hypothesisId": "H2", "location": "Epos自動化測試工具3.0.py:delete_invoice:start", "message": "Start delete invoice", "data": {"companyId": "38711402", "invoiceNumber": "YZ25055796", "currentUrl": "https://epos.einvoice.com.tw/AS0102"}, "timestamp": 1776914797245}
{"sessionId": "79f104", "runId": "post-fix", "hypothesisId": "H2", "location": "Epos自動化測試工具3.0.py:open_ops_page:ready", "message": "Ops page ready", "data": {"currentUrl": "https://epos.einvoice.com.tw/UM0501", "openedOpsPage": true}, "timestamp": 1776914797955}
{"sessionId": "79f104", "runId": "pre-fix", "hypothesisId": "H2", "location": "Epos自動化測試工具3.0.py:delete_invoice:query_result", "message": "Delete page query result", "data": {"invoiceNumber": "YZ25055796", "rowCount": 1}, "timestamp": 1776914798731}
{"sessionId": "79f104", "runId": "pre-fix", "hypothesisId": "H4", "location": "Epos自動化測試工具3.0.py:check_and_process_invoice:start", "message": "Start process invoice", "data": {"companyId": "93367523", "invoiceNumber": "ZF25937573", "currentUrl": "https://epos.einvoice.com.tw/UM0501"}, "timestamp": 1776914799441}
{"sessionId": "79f104", "runId": "pre-fix", "hypothesisId": "H1", "location": "Epos自動化測試工具3.0.py:query_invoice_rows:start", "message": "Start invoice query", "data": {"companyId": "93367523", "invoiceNumber": "ZF25937573", "currentUrl": "https://epos.einvoice.com.tw/UM0501"}, "timestamp": 1776914799451}
{"sessionId": "79f104", "runId": "pre-fix", "hypothesisId": "H1", "location": "Epos自動化測試工具3.0.py:open_business_query_page", "message": "Opened business query page", "data": {"currentUrl": "https://epos.einvoice.com.tw/AS0102", "openedBizPage": true}, "timestamp": 1776914800356}
{"sessionId": "79f104", "runId": "pre-fix", "hypothesisId": "H3", "location": "Epos自動化測試工具3.0.py:query_invoice_rows:rows", "message": "Fetched invoice rows", "data": {"companyId": "93367523", "invoiceNumber": "ZF25937573", "rowCount": 2, "rows": [[1, "開立", "大平台回覆成功"], [2, "開立", "小平台解析失敗"]]}, "timestamp": 1776914802083}
{"sessionId": "79f104", "runId": "pre-fix", "hypothesisId": "H3", "location": "Epos自動化測試工具3.0.py:check_and_process_invoice:decision", "message": "Decision for multi rows", "data": {"invoiceNumber": "ZF25937573", "totalRows": 2, "failRows": 1, "reasons": ["大平台回覆成功", "小平台解析失敗"]}, "timestamp": 1776914802092}
{"sessionId": "79f104", "runId": "pre-fix", "hypothesisId": "H2", "location": "Epos自動化測試工具3.0.py:delete_invoice:start", "message": "Start delete invoice", "data": {"companyId": "93367523", "invoiceNumber": "ZF25937573", "currentUrl": "https://epos.einvoice.com.tw/AS0102"}, "timestamp": 1776914802106}
{"sessionId": "79f104", "runId": "post-fix", "hypothesisId": "H2", "location": "Epos自動化測試工具3.0.py:open_ops_page:ready", "message": "Ops page ready", "data": {"currentUrl": "https://epos.einvoice.com.tw/UM0501", "openedOpsPage": true}, "timestamp": 1776914802811}
{"sessionId": "79f104", "runId": "pre-fix", "hypothesisId": "H2", "location": "Epos自動化測試工具3.0.py:delete_invoice:query_result", "message": "Delete page query result", "data": {"invoiceNumber": "ZF25937573", "rowCount": 1}, "timestamp": 1776914803499}
{"sessionId": "79f104", "runId": "pre-fix", "hypothesisId": "H4", "location": "Epos自動化測試工具3.0.py:check_and_process_invoice:start", "message": "Start process invoice", "data": {"companyId": "72523549", "invoiceNumber": "ZJ85407375", "currentUrl": "https://epos.einvoice.com.tw/UM0501"}, "timestamp": 1776914804201}
{"sessionId": "79f104", "runId": "pre-fix", "hypothesisId": "H1", "location": "Epos自動化測試工具3.0.py:query_invoice_rows:start", "message": "Start invoice query", "data": {"companyId": "72523549", "invoiceNumber": "ZJ85407375", "currentUrl": "https://epos.einvoice.com.tw/UM0501"}, "timestamp": 1776914804209}
{"sessionId": "79f104", "runId": "pre-fix", "hypothesisId": "H1", "location": "Epos自動化測試工具3.0.py:open_business_query_page", "message": "Opened business query page", "data": {"currentUrl": "https://epos.einvoice.com.tw/AS0102", "openedBizPage": true}, "timestamp": 1776914805157}
{"sessionId": "79f104", "runId": "pre-fix", "hypothesisId": "H3", "location": "Epos自動化測試工具3.0.py:query_invoice_rows:rows", "message": "Fetched invoice rows", "data": {"companyId": "72523549", "invoiceNumber": "ZJ85407375", "rowCount": 2, "rows": [[1, "開立", "大平台回覆成功"], [2, "開立", "小平台解析失敗"]]}, "timestamp": 1776914806880}
{"sessionId": "79f104", "runId": "pre-fix", "hypothesisId": "H3", "location": "Epos自動化測試工具3.0.py:check_and_process_invoice:decision", "message": "Decision for multi rows", "data": {"invoiceNumber": "ZJ85407375", "totalRows": 2, "failRows": 1, "reasons": ["大平台回覆成功", "小平台解析失敗"]}, "timestamp": 1776914806886}
{"sessionId": "79f104", "runId": "pre-fix", "hypothesisId": "H2", "location": "Epos自動化測試工具3.0.py:delete_invoice:start", "message": "Start delete invoice", "data": {"companyId": "72523549", "invoiceNumber": "ZJ85407375", "currentUrl": "https://epos.einvoice.com.tw/AS0102"}, "timestamp": 1776914806893}
{"sessionId": "79f104", "runId": "post-fix", "hypothesisId": "H2", "location": "Epos自動化測試工具3.0.py:open_ops_page:ready", "message": "Ops page ready", "data": {"currentUrl": "https://epos.einvoice.com.tw/UM0501", "openedOpsPage": true}, "timestamp": 1776914807611}
{"sessionId": "79f104", "runId": "pre-fix", "hypothesisId": "H2", "location": "Epos自動化測試工具3.0.py:delete_invoice:query_result", "message": "Delete page query result", "data": {"invoiceNumber": "ZJ85407375", "rowCount": 1}, "timestamp": 1776914808319}
{"sessionId": "79f104", "runId": "post-fix", "hypothesisId": "H5", "location": "Epos自動化測試工具3.0.py:write_invoice_data:success", "message": "Excel write success", "data": {"path": "D:\\D\\wilsonhuang\\Worktime\\python\\epos自動化測試工具3.0\\data\\EposError.xlsx", "rows": 4}, "timestamp": 1776914809114}
{"sessionId": "79f104", "runId": "pre-fix", "hypothesisId": "H4", "location": "Epos自動化測試工具3.0.py:check_and_process_invoice:start", "message": "Start process invoice", "data": {"companyId": "72523549", "invoiceNumber": "ZJ85407374", "currentUrl": "https://epos.einvoice.com.tw/UM0501"}, "timestamp": 1776914809122}
{"sessionId": "79f104", "runId": "pre-fix", "hypothesisId": "H1", "location": "Epos自動化測試工具3.0.py:query_invoice_rows:start", "message": "Start invoice query", "data": {"companyId": "72523549", "invoiceNumber": "ZJ85407374", "currentUrl": "https://epos.einvoice.com.tw/UM0501"}, "timestamp": 1776914809129}
{"sessionId": "79f104", "runId": "pre-fix", "hypothesisId": "H1", "location": "Epos自動化測試工具3.0.py:open_business_query_page", "message": "Opened business query page", "data": {"currentUrl": "https://epos.einvoice.com.tw/AS0102", "openedBizPage": true}, "timestamp": 1776914810024}
{"sessionId": "79f104", "runId": "pre-fix", "hypothesisId": "H3", "location": "Epos自動化測試工具3.0.py:query_invoice_rows:rows", "message": "Fetched invoice rows", "data": {"companyId": "72523549", "invoiceNumber": "ZJ85407374", "rowCount": 2, "rows": [[1, "開立", "大平台回覆成功"], [2, "開立", "小平台解析失敗"]]}, "timestamp": 1776914811771}
{"sessionId": "79f104", "runId": "pre-fix", "hypothesisId": "H3", "location": "Epos自動化測試工具3.0.py:check_and_process_invoice:decision", "message": "Decision for multi rows", "data": {"invoiceNumber": "ZJ85407374", "totalRows": 2, "failRows": 1, "reasons": ["大平台回覆成功", "小平台解析失敗"]}, "timestamp": 1776914811779}
{"sessionId": "79f104", "runId": "pre-fix", "hypothesisId": "H2", "location": "Epos自動化測試工具3.0.py:delete_invoice:start", "message": "Start delete invoice", "data": {"companyId": "72523549", "invoiceNumber": "ZJ85407374", "currentUrl": "https://epos.einvoice.com.tw/AS0102"}, "timestamp": 1776914811793}
{"sessionId": "79f104", "runId": "post-fix", "hypothesisId": "H2", "location": "Epos自動化測試工具3.0.py:open_ops_page:ready", "message": "Ops page ready", "data": {"currentUrl": "https://epos.einvoice.com.tw/UM0501", "openedOpsPage": true}, "timestamp": 1776914812496}
{"sessionId": "79f104", "runId": "pre-fix", "hypothesisId": "H2", "location": "Epos自動化測試工具3.0.py:delete_invoice:query_result", "message": "Delete page query result", "data": {"invoiceNumber": "ZJ85407374", "rowCount": 1}, "timestamp": 1776914813257}
{"sessionId": "79f104", "runId": "pre-fix", "hypothesisId": "H4", "location": "Epos自動化測試工具3.0.py:check_and_process_invoice:start", "message": "Start process invoice", "data": {"companyId": "72523549", "invoiceNumber": "ZJ85407373", "currentUrl": "https://epos.einvoice.com.tw/UM0501"}, "timestamp": 1776914814015}
{"sessionId": "79f104", "runId": "pre-fix", "hypothesisId": "H1", "location": "Epos自動化測試工具3.0.py:query_invoice_rows:start", "message": "Start invoice query", "data": {"companyId": "72523549", "invoiceNumber": "ZJ85407373", "currentUrl": "https://epos.einvoice.com.tw/UM0501"}, "timestamp": 1776914814030}
{"sessionId": "79f104", "runId": "pre-fix", "hypothesisId": "H1", "location": "Epos自動化測試工具3.0.py:open_business_query_page", "message": "Opened business query page", "data": {"currentUrl": "https://epos.einvoice.com.tw/AS0102", "openedBizPage": true}, "timestamp": 1776914814923}
{"sessionId": "79f104", "runId": "pre-fix", "hypothesisId": "H3", "location": "Epos自動化測試工具3.0.py:query_invoice_rows:rows", "message": "Fetched invoice rows", "data": {"companyId": "72523549", "invoiceNumber": "ZJ85407373", "rowCount": 2, "rows": [[1, "開立", "小平台解析失敗"], [2, "開立", "大平台回覆成功"]]}, "timestamp": 1776914816598}
{"sessionId": "79f104", "runId": "pre-fix", "hypothesisId": "H3", "location": "Epos自動化測試工具3.0.py:check_and_process_invoice:decision", "message": "Decision for multi rows", "data": {"invoiceNumber": "ZJ85407373", "totalRows": 2, "failRows": 1, "reasons": ["小平台解析失敗", "大平台回覆成功"]}, "timestamp": 1776914816604}
{"sessionId": "79f104", "runId": "pre-fix", "hypothesisId": "H2", "location": "Epos自動化測試工具3.0.py:delete_invoice:start", "message": "Start delete invoice", "data": {"companyId": "72523549", "invoiceNumber": "ZJ85407373", "currentUrl": "https://epos.einvoice.com.tw/AS0102"}, "timestamp": 1776914816612}
{"sessionId": "79f104", "runId": "post-fix", "hypothesisId": "H2", "location": "Epos自動化測試工具3.0.py:open_ops_page:ready", "message": "Ops page ready", "data": {"currentUrl": "https://epos.einvoice.com.tw/UM0501", "openedOpsPage": true}, "timestamp": 1776914817396}
{"sessionId": "79f104", "runId": "pre-fix", "hypothesisId": "H2", "location": "Epos自動化測試工具3.0.py:delete_invoice:query_result", "message": "Delete page query result", "data": {"invoiceNumber": "ZJ85407373", "rowCount": 1}, "timestamp": 1776914818128}
{"sessionId": "79f104", "runId": "pre-fix", "hypothesisId": "H4", "location": "Epos自動化測試工具3.0.py:check_and_process_invoice:start", "message": "Start process invoice", "data": {"companyId": "98645223", "invoiceNumber": "ZL74499033", "currentUrl": "https://epos.einvoice.com.tw/UM0501"}, "timestamp": 1776914818913}
{"sessionId": "79f104", "runId": "pre-fix", "hypothesisId": "H1", "location": "Epos自動化測試工具3.0.py:query_invoice_rows:start", "message": "Start invoice query", "data": {"companyId": "98645223", "invoiceNumber": "ZL74499033", "currentUrl": "https://epos.einvoice.com.tw/UM0501"}, "timestamp": 1776914818933}
{"sessionId": "79f104", "runId": "pre-fix", "hypothesisId": "H1", "location": "Epos自動化測試工具3.0.py:open_business_query_page", "message": "Opened business query page", "data": {"currentUrl": "https://epos.einvoice.com.tw/AS0102", "openedBizPage": true}, "timestamp": 1776914819828}
{"sessionId": "79f104", "runId": "pre-fix", "hypothesisId": "H3", "location": "Epos自動化測試工具3.0.py:query_invoice_rows:rows", "message": "Fetched invoice rows", "data": {"companyId": "98645223", "invoiceNumber": "ZL74499033", "rowCount": 2, "rows": [[1, "開立", "大平台回覆成功"], [2, "開立", "小平台解析失敗"]]}, "timestamp": 1776914821567}
{"sessionId": "79f104", "runId": "pre-fix", "hypothesisId": "H3", "location": "Epos自動化測試工具3.0.py:check_and_process_invoice:decision", "message": "Decision for multi rows", "data": {"invoiceNumber": "ZL74499033", "totalRows": 2, "failRows": 1, "reasons": ["大平台回覆成功", "小平台解析失敗"]}, "timestamp": 1776914821574}
{"sessionId": "79f104", "runId": "pre-fix", "hypothesisId": "H2", "location": "Epos自動化測試工具3.0.py:delete_invoice:start", "message": "Start delete invoice", "data": {"companyId": "98645223", "invoiceNumber": "ZL74499033", "currentUrl": "https://epos.einvoice.com.tw/AS0102"}, "timestamp": 1776914821586}
{"sessionId": "79f104", "runId": "post-fix", "hypothesisId": "H2", "location": "Epos自動化測試工具3.0.py:open_ops_page:ready", "message": "Ops page ready", "data": {"currentUrl": "https://epos.einvoice.com.tw/UM0501", "openedOpsPage": true}, "timestamp": 1776914822295}
{"sessionId": "79f104", "runId": "pre-fix", "hypothesisId": "H2", "location": "Epos自動化測試工具3.0.py:delete_invoice:query_result", "message": "Delete page query result", "data": {"invoiceNumber": "ZL74499033", "rowCount": 1}, "timestamp": 1776914823016}
{"sessionId": "79f104", "runId": "pre-fix", "hypothesisId": "H4", "location": "Epos自動化測試工具3.0.py:check_and_process_invoice:start", "message": "Start process invoice", "data": {"companyId": "25108990", "invoiceNumber": "ZK79976634", "currentUrl": "https://epos.einvoice.com.tw/UM0501"}, "timestamp": 1776914823755}
{"sessionId": "79f104", "runId": "pre-fix", "hypothesisId": "H1", "location": "Epos自動化測試工具3.0.py:query_invoice_rows:start", "message": "Start invoice query", "data": {"companyId": "25108990", "invoiceNumber": "ZK79976634", "currentUrl": "https://epos.einvoice.com.tw/UM0501"}, "timestamp": 1776914823773}
{"sessionId": "79f104", "runId": "pre-fix", "hypothesisId": "H1", "location": "Epos自動化測試工具3.0.py:open_business_query_page", "message": "Opened business query page", "data": {"currentUrl": "https://epos.einvoice.com.tw/AS0102", "openedBizPage": true}, "timestamp": 1776914824703}
{"sessionId": "79f104", "runId": "pre-fix", "hypothesisId": "H3", "location": "Epos自動化測試工具3.0.py:query_invoice_rows:rows", "message": "Fetched invoice rows", "data": {"companyId": "25108990", "invoiceNumber": "ZK79976634", "rowCount": 2, "rows": [[1, "開立", "小平台解析失敗"], [2, "開立", "大平台回覆成功"]]}, "timestamp": 1776914826434}
{"sessionId": "79f104", "runId": "pre-fix", "hypothesisId": "H3", "location": "Epos自動化測試工具3.0.py:check_and_process_invoice:decision", "message": "Decision for multi rows", "data": {"invoiceNumber": "ZK79976634", "totalRows": 2, "failRows": 1, "reasons": ["小平台解析失敗", "大平台回覆成功"]}, "timestamp": 1776914826444}
{"sessionId": "79f104", "runId": "pre-fix", "hypothesisId": "H2", "location": "Epos自動化測試工具3.0.py:delete_invoice:start", "message": "Start delete invoice", "data": {"companyId": "25108990", "invoiceNumber": "ZK79976634", "currentUrl": "https://epos.einvoice.com.tw/AS0102"}, "timestamp": 1776914826456}
{"sessionId": "79f104", "runId": "post-fix", "hypothesisId": "H2", "location": "Epos自動化測試工具3.0.py:open_ops_page:ready", "message": "Ops page ready", "data": {"currentUrl": "https://epos.einvoice.com.tw/UM0501", "openedOpsPage": true}, "timestamp": 1776914827165}
{"sessionId": "79f104", "runId": "pre-fix", "hypothesisId": "H2", "location": "Epos自動化測試工具3.0.py:delete_invoice:query_result", "message": "Delete page query result", "data": {"invoiceNumber": "ZK79976634", "rowCount": 1}, "timestamp": 1776914827907}
{"sessionId": "79f104", "runId": "post-fix", "hypothesisId": "H5", "location": "Epos自動化測試工具3.0.py:write_invoice_data:success", "message": "Excel write success", "data": {"path": "D:\\D\\wilsonhuang\\Worktime\\python\\epos自動化測試工具3.0\\data\\EposError.xlsx", "rows": 0}, "timestamp": 1776914828676}
{"sessionId": "79f104", "runId": "pre-fix", "hypothesisId": "H4", "location": "Epos自動化測試工具3.0.py:check_and_process_invoice:start", "message": "Start process invoice", "data": {"companyId": "90743165", "invoiceNumber": "ZH97688542", "currentUrl": "https://epos.einvoice.com.tw/Welcome"}, "timestamp": 1776996975880}
{"sessionId": "79f104", "runId": "pre-fix", "hypothesisId": "H1", "location": "Epos自動化測試工具3.0.py:query_invoice_rows:start", "message": "Start invoice query", "data": {"companyId": "90743165", "invoiceNumber": "ZH97688542", "currentUrl": "https://epos.einvoice.com.tw/Welcome"}, "timestamp": 1776996975889}
{"sessionId": "79f104", "runId": "pre-fix", "hypothesisId": "H1", "location": "Epos自動化測試工具3.0.py:open_business_query_page", "message": "Opened business query page", "data": {"currentUrl": "https://epos.einvoice.com.tw/AS0102", "openedBizPage": true}, "timestamp": 1776996976225}
{"sessionId": "79f104", "runId": "pre-fix", "hypothesisId": "H3", "location": "Epos自動化測試工具3.0.py:query_invoice_rows:rows", "message": "Fetched invoice rows", "data": {"companyId": "90743165", "invoiceNumber": "ZH97688542", "rowCount": 2, "rows": [[1, "開立", "大平台回覆成功"], [2, "開立", "小平台解析失敗"]]}, "timestamp": 1776996977884}
{"sessionId": "79f104", "runId": "pre-fix", "hypothesisId": "H3", "location": "Epos自動化測試工具3.0.py:check_and_process_invoice:decision", "message": "Decision for multi rows", "data": {"invoiceNumber": "ZH97688542", "totalRows": 2, "failRows": 1, "reasons": ["大平台回覆成功", "小平台解析失敗"]}, "timestamp": 1776996977890}
{"sessionId": "79f104", "runId": "pre-fix", "hypothesisId": "H2", "location": "Epos自動化測試工具3.0.py:delete_invoice:start", "message": "Start delete invoice", "data": {"companyId": "90743165", "invoiceNumber": "ZH97688542", "currentUrl": "https://epos.einvoice.com.tw/AS0102"}, "timestamp": 1776996977897}
{"sessionId": "79f104", "runId": "post-fix", "hypothesisId": "H2", "location": "Epos自動化測試工具3.0.py:open_ops_page:ready", "message": "Ops page ready", "data": {"currentUrl": "https://epos.einvoice.com.tw/UM0501", "openedOpsPage": true}, "timestamp": 1776996978559}
{"sessionId": "79f104", "runId": "pre-fix", "hypothesisId": "H2", "location": "Epos自動化測試工具3.0.py:delete_invoice:query_result", "message": "Delete page query result", "data": {"invoiceNumber": "ZH97688542", "rowCount": 1}, "timestamp": 1776996979214}
{"sessionId": "79f104", "runId": "pre-fix", "hypothesisId": "H4", "location": "Epos自動化測試工具3.0.py:check_and_process_invoice:start", "message": "Start process invoice", "data": {"companyId": "88592438", "invoiceNumber": "ZP16825703", "currentUrl": "https://epos.einvoice.com.tw/UM0501"}, "timestamp": 1776996979918}
{"sessionId": "79f104", "runId": "pre-fix", "hypothesisId": "H1", "location": "Epos自動化測試工具3.0.py:query_invoice_rows:start", "message": "Start invoice query", "data": {"companyId": "88592438", "invoiceNumber": "ZP16825703", "currentUrl": "https://epos.einvoice.com.tw/UM0501"}, "timestamp": 1776996979926}
{"sessionId": "79f104", "runId": "pre-fix", "hypothesisId": "H1", "location": "Epos自動化測試工具3.0.py:open_business_query_page", "message": "Opened business query page", "data": {"currentUrl": "https://epos.einvoice.com.tw/AS0102", "openedBizPage": true}, "timestamp": 1776996980845}
{"sessionId": "79f104", "runId": "pre-fix", "hypothesisId": "H3", "location": "Epos自動化測試工具3.0.py:query_invoice_rows:rows", "message": "Fetched invoice rows", "data": {"companyId": "88592438", "invoiceNumber": "ZP16825703", "rowCount": 2, "rows": [[1, "開立", "小平台解析失敗"], [2, "開立", "大平台回覆成功"]]}, "timestamp": 1776996982485}
{"sessionId": "79f104", "runId": "pre-fix", "hypothesisId": "H3", "location": "Epos自動化測試工具3.0.py:check_and_process_invoice:decision", "message": "Decision for multi rows", "data": {"invoiceNumber": "ZP16825703", "totalRows": 2, "failRows": 1, "reasons": ["小平台解析失敗", "大平台回覆成功"]}, "timestamp": 1776996982491}
{"sessionId": "79f104", "runId": "pre-fix", "hypothesisId": "H2", "location": "Epos自動化測試工具3.0.py:delete_invoice:start", "message": "Start delete invoice", "data": {"companyId": "88592438", "invoiceNumber": "ZP16825703", "currentUrl": "https://epos.einvoice.com.tw/AS0102"}, "timestamp": 1776996982500}
{"sessionId": "79f104", "runId": "post-fix", "hypothesisId": "H2", "location": "Epos自動化測試工具3.0.py:open_ops_page:ready", "message": "Ops page ready", "data": {"currentUrl": "https://epos.einvoice.com.tw/UM0501", "openedOpsPage": true}, "timestamp": 1776996983139}
{"sessionId": "79f104", "runId": "pre-fix", "hypothesisId": "H2", "location": "Epos自動化測試工具3.0.py:delete_invoice:query_result", "message": "Delete page query result", "data": {"invoiceNumber": "ZP16825703", "rowCount": 1}, "timestamp": 1776996983798}
{"sessionId": "79f104", "runId": "pre-fix", "hypothesisId": "H4", "location": "Epos自動化測試工具3.0.py:check_and_process_invoice:start", "message": "Start process invoice", "data": {"companyId": "00044138", "invoiceNumber": "ZJ23488677", "currentUrl": "https://epos.einvoice.com.tw/UM0501"}, "timestamp": 1776996984491}
{"sessionId": "79f104", "runId": "pre-fix", "hypothesisId": "H1", "location": "Epos自動化測試工具3.0.py:query_invoice_rows:start", "message": "Start invoice query", "data": {"companyId": "00044138", "invoiceNumber": "ZJ23488677", "currentUrl": "https://epos.einvoice.com.tw/UM0501"}, "timestamp": 1776996984500}
{"sessionId": "79f104", "runId": "pre-fix", "hypothesisId": "H1", "location": "Epos自動化測試工具3.0.py:open_business_query_page", "message": "Opened business query page", "data": {"currentUrl": "https://epos.einvoice.com.tw/AS0102", "openedBizPage": true}, "timestamp": 1776996985391}
{"sessionId": "79f104", "runId": "pre-fix", "hypothesisId": "H3", "location": "Epos自動化測試工具3.0.py:query_invoice_rows:rows", "message": "Fetched invoice rows", "data": {"companyId": "00044138", "invoiceNumber": "ZJ23488677", "rowCount": 2, "rows": [[1, "開立", "大平台回覆成功"], [2, "開立", "小平台解析失敗"]]}, "timestamp": 1776996987067}
{"sessionId": "79f104", "runId": "pre-fix", "hypothesisId": "H3", "location": "Epos自動化測試工具3.0.py:check_and_process_invoice:decision", "message": "Decision for multi rows", "data": {"invoiceNumber": "ZJ23488677", "totalRows": 2, "failRows": 1, "reasons": ["大平台回覆成功", "小平台解析失敗"]}, "timestamp": 1776996987072}
{"sessionId": "79f104", "runId": "pre-fix", "hypothesisId": "H2", "location": "Epos自動化測試工具3.0.py:delete_invoice:start", "message": "Start delete invoice", "data": {"companyId": "00044138", "invoiceNumber": "ZJ23488677", "currentUrl": "https://epos.einvoice.com.tw/AS0102"}, "timestamp": 1776996987080}
{"sessionId": "79f104", "runId": "post-fix", "hypothesisId": "H2", "location": "Epos自動化測試工具3.0.py:open_ops_page:ready", "message": "Ops page ready", "data": {"currentUrl": "https://epos.einvoice.com.tw/UM0501", "openedOpsPage": true}, "timestamp": 1776996987713}
{"sessionId": "79f104", "runId": "pre-fix", "hypothesisId": "H2", "location": "Epos自動化測試工具3.0.py:delete_invoice:query_result", "message": "Delete page query result", "data": {"invoiceNumber": "ZJ23488677", "rowCount": 1}, "timestamp": 1776996988346}
{"sessionId": "79f104", "runId": "pre-fix", "hypothesisId": "H4", "location": "Epos自動化測試工具3.0.py:check_and_process_invoice:start", "message": "Start process invoice", "data": {"companyId": "00044138", "invoiceNumber": "ZJ23488683", "currentUrl": "https://epos.einvoice.com.tw/UM0501"}, "timestamp": 1776996989033}
{"sessionId": "79f104", "runId": "pre-fix", "hypothesisId": "H1", "location": "Epos自動化測試工具3.0.py:query_invoice_rows:start", "message": "Start invoice query", "data": {"companyId": "00044138", "invoiceNumber": "ZJ23488683", "currentUrl": "https://epos.einvoice.com.tw/UM0501"}, "timestamp": 1776996989040}
{"sessionId": "79f104", "runId": "pre-fix", "hypothesisId": "H1", "location": "Epos自動化測試工具3.0.py:open_business_query_page", "message": "Opened business query page", "data": {"currentUrl": "https://epos.einvoice.com.tw/AS0102", "openedBizPage": true}, "timestamp": 1776996989885}
{"sessionId": "79f104", "runId": "pre-fix", "hypothesisId": "H3", "location": "Epos自動化測試工具3.0.py:query_invoice_rows:rows", "message": "Fetched invoice rows", "data": {"companyId": "00044138", "invoiceNumber": "ZJ23488683", "rowCount": 2, "rows": [[1, "開立", "大平台回覆成功"], [2, "開立", "小平台解析失敗"]]}, "timestamp": 1776996991520}
{"sessionId": "79f104", "runId": "pre-fix", "hypothesisId": "H3", "location": "Epos自動化測試工具3.0.py:check_and_process_invoice:decision", "message": "Decision for multi rows", "data": {"invoiceNumber": "ZJ23488683", "totalRows": 2, "failRows": 1, "reasons": ["大平台回覆成功", "小平台解析失敗"]}, "timestamp": 1776996991525}
{"sessionId": "79f104", "runId": "pre-fix", "hypothesisId": "H2", "location": "Epos自動化測試工具3.0.py:delete_invoice:start", "message": "Start delete invoice", "data": {"companyId": "00044138", "invoiceNumber": "ZJ23488683", "currentUrl": "https://epos.einvoice.com.tw/AS0102"}, "timestamp": 1776996991532}
{"sessionId": "79f104", "runId": "post-fix", "hypothesisId": "H2", "location": "Epos自動化測試工具3.0.py:open_ops_page:ready", "message": "Ops page ready", "data": {"currentUrl": "https://epos.einvoice.com.tw/UM0501", "openedOpsPage": true}, "timestamp": 1776996992164}
{"sessionId": "79f104", "runId": "pre-fix", "hypothesisId": "H2", "location": "Epos自動化測試工具3.0.py:delete_invoice:query_result", "message": "Delete page query result", "data": {"invoiceNumber": "ZJ23488683", "rowCount": 1}, "timestamp": 1776996992837}
{"sessionId": "79f104", "runId": "pre-fix", "hypothesisId": "H4", "location": "Epos自動化測試工具3.0.py:check_and_process_invoice:start", "message": "Start process invoice", "data": {"companyId": "90130150", "invoiceNumber": "ZK83714570", "currentUrl": "https://epos.einvoice.com.tw/UM0501"}, "timestamp": 1776996993528}
{"sessionId": "79f104", "runId": "pre-fix", "hypothesisId": "H1", "location": "Epos自動化測試工具3.0.py:query_invoice_rows:start", "message": "Start invoice query", "data": {"companyId": "90130150", "invoiceNumber": "ZK83714570", "currentUrl": "https://epos.einvoice.com.tw/UM0501"}, "timestamp": 1776996993535}
{"sessionId": "79f104", "runId": "pre-fix", "hypothesisId": "H1", "location": "Epos自動化測試工具3.0.py:open_business_query_page", "message": "Opened business query page", "data": {"currentUrl": "https://epos.einvoice.com.tw/AS0102", "openedBizPage": true}, "timestamp": 1776996994407}
{"sessionId": "79f104", "runId": "pre-fix", "hypothesisId": "H3", "location": "Epos自動化測試工具3.0.py:query_invoice_rows:rows", "message": "Fetched invoice rows", "data": {"companyId": "90130150", "invoiceNumber": "ZK83714570", "rowCount": 2, "rows": [[1, "開立", "小平台解析失敗"], [2, "開立", "大平台回覆成功"]]}, "timestamp": 1776996996067}
{"sessionId": "79f104", "runId": "pre-fix", "hypothesisId": "H3", "location": "Epos自動化測試工具3.0.py:check_and_process_invoice:decision", "message": "Decision for multi rows", "data": {"invoiceNumber": "ZK83714570", "totalRows": 2, "failRows": 1, "reasons": ["小平台解析失敗", "大平台回覆成功"]}, "timestamp": 1776996996074}
{"sessionId": "79f104", "runId": "pre-fix", "hypothesisId": "H2", "location": "Epos自動化測試工具3.0.py:delete_invoice:start", "message": "Start delete invoice", "data": {"companyId": "90130150", "invoiceNumber": "ZK83714570", "currentUrl": "https://epos.einvoice.com.tw/AS0102"}, "timestamp": 1776996996083}
{"sessionId": "79f104", "runId": "post-fix", "hypothesisId": "H2", "location": "Epos自動化測試工具3.0.py:open_ops_page:ready", "message": "Ops page ready", "data": {"currentUrl": "https://epos.einvoice.com.tw/UM0501", "openedOpsPage": true}, "timestamp": 1776996996767}
{"sessionId": "79f104", "runId": "pre-fix", "hypothesisId": "H2", "location": "Epos自動化測試工具3.0.py:delete_invoice:query_result", "message": "Delete page query result", "data": {"invoiceNumber": "ZK83714570", "rowCount": 1}, "timestamp": 1776996997431}
{"sessionId": "79f104", "runId": "post-fix", "hypothesisId": "H5", "location": "Epos自動化測試工具3.0.py:write_invoice_data:success", "message": "Excel write success", "data": {"path": "D:\\D\\wilsonhuang\\Worktime\\python\\epos自動化測試工具3.0\\data\\EposError.xlsx", "rows": 2}, "timestamp": 1776996998171}
{"sessionId": "79f104", "runId": "pre-fix", "hypothesisId": "H4", "location": "Epos自動化測試工具3.0.py:check_and_process_invoice:start", "message": "Start process invoice", "data": {"companyId": "94337301", "invoiceNumber": "ZL46946469", "currentUrl": "https://epos.einvoice.com.tw/UM0501"}, "timestamp": 1776996998180}
{"sessionId": "79f104", "runId": "pre-fix", "hypothesisId": "H1", "location": "Epos自動化測試工具3.0.py:query_invoice_rows:start", "message": "Start invoice query", "data": {"companyId": "94337301", "invoiceNumber": "ZL46946469", "currentUrl": "https://epos.einvoice.com.tw/UM0501"}, "timestamp": 1776996998188}
{"sessionId": "79f104", "runId": "pre-fix", "hypothesisId": "H1", "location": "Epos自動化測試工具3.0.py:open_business_query_page", "message": "Opened business query page", "data": {"currentUrl": "https://epos.einvoice.com.tw/AS0102", "openedBizPage": true}, "timestamp": 1776996999008}
{"sessionId": "79f104", "runId": "pre-fix", "hypothesisId": "H3", "location": "Epos自動化測試工具3.0.py:query_invoice_rows:rows", "message": "Fetched invoice rows", "data": {"companyId": "94337301", "invoiceNumber": "ZL46946469", "rowCount": 2, "rows": [[1, "開立", "大平台回覆成功"], [2, "開立", "小平台解析失敗"]]}, "timestamp": 1776997000651}
{"sessionId": "79f104", "runId": "pre-fix", "hypothesisId": "H3", "location": "Epos自動化測試工具3.0.py:check_and_process_invoice:decision", "message": "Decision for multi rows", "data": {"invoiceNumber": "ZL46946469", "totalRows": 2, "failRows": 1, "reasons": ["大平台回覆成功", "小平台解析失敗"]}, "timestamp": 1776997000657}
{"sessionId": "79f104", "runId": "pre-fix", "hypothesisId": "H2", "location": "Epos自動化測試工具3.0.py:delete_invoice:start", "message": "Start delete invoice", "data": {"companyId": "94337301", "invoiceNumber": "ZL46946469", "currentUrl": "https://epos.einvoice.com.tw/AS0102"}, "timestamp": 1776997000666}
{"sessionId": "79f104", "runId": "post-fix", "hypothesisId": "H2", "location": "Epos自動化測試工具3.0.py:open_ops_page:ready", "message": "Ops page ready", "data": {"currentUrl": "https://epos.einvoice.com.tw/UM0501", "openedOpsPage": true}, "timestamp": 1776997001339}
{"sessionId": "79f104", "runId": "pre-fix", "hypothesisId": "H2", "location": "Epos自動化測試工具3.0.py:delete_invoice:query_result", "message": "Delete page query result", "data": {"invoiceNumber": "ZL46946469", "rowCount": 1}, "timestamp": 1776997001999}
{"sessionId": "79f104", "runId": "pre-fix", "hypothesisId": "H4", "location": "Epos自動化測試工具3.0.py:check_and_process_invoice:start", "message": "Start process invoice", "data": {"companyId": "88364265", "invoiceNumber": "ZK29527475", "currentUrl": "https://epos.einvoice.com.tw/UM0501"}, "timestamp": 1776997002688}
{"sessionId": "79f104", "runId": "pre-fix", "hypothesisId": "H1", "location": "Epos自動化測試工具3.0.py:query_invoice_rows:start", "message": "Start invoice query", "data": {"companyId": "88364265", "invoiceNumber": "ZK29527475", "currentUrl": "https://epos.einvoice.com.tw/UM0501"}, "timestamp": 1776997002697}
{"sessionId": "79f104", "runId": "pre-fix", "hypothesisId": "H1", "location": "Epos自動化測試工具3.0.py:open_business_query_page", "message": "Opened business query page", "data": {"currentUrl": "https://epos.einvoice.com.tw/AS0102", "openedBizPage": true}, "timestamp": 1776997003528}
{"sessionId": "79f104", "runId": "pre-fix", "hypothesisId": "H3", "location": "Epos自動化測試工具3.0.py:query_invoice_rows:rows", "message": "Fetched invoice rows", "data": {"companyId": "88364265", "invoiceNumber": "ZK29527475", "rowCount": 2, "rows": [[1, "開立", "大平台回覆成功"], [2, "開立", "小平台解析失敗"]]}, "timestamp": 1776997005159}
{"sessionId": "79f104", "runId": "pre-fix", "hypothesisId": "H3", "location": "Epos自動化測試工具3.0.py:check_and_process_invoice:decision", "message": "Decision for multi rows", "data": {"invoiceNumber": "ZK29527475", "totalRows": 2, "failRows": 1, "reasons": ["大平台回覆成功", "小平台解析失敗"]}, "timestamp": 1776997005164}
{"sessionId": "79f104", "runId": "pre-fix", "hypothesisId": "H2", "location": "Epos自動化測試工具3.0.py:delete_invoice:start", "message": "Start delete invoice", "data": {"companyId": "88364265", "invoiceNumber": "ZK29527475", "currentUrl": "https://epos.einvoice.com.tw/AS0102"}, "timestamp": 1776997005173}
{"sessionId": "79f104", "runId": "post-fix", "hypothesisId": "H2", "location": "Epos自動化測試工具3.0.py:open_ops_page:ready", "message": "Ops page ready", "data": {"currentUrl": "https://epos.einvoice.com.tw/UM0501", "openedOpsPage": true}, "timestamp": 1776997005830}
{"sessionId": "79f104", "runId": "pre-fix", "hypothesisId": "H2", "location": "Epos自動化測試工具3.0.py:delete_invoice:query_result", "message": "Delete page query result", "data": {"invoiceNumber": "ZK29527475", "rowCount": 1}, "timestamp": 1776997006489}
{"sessionId": "79f104", "runId": "post-fix", "hypothesisId": "H5", "location": "Epos自動化測試工具3.0.py:write_invoice_data:success", "message": "Excel write success", "data": {"path": "D:\\D\\wilsonhuang\\Worktime\\python\\epos自動化測試工具3.0\\data\\EposError.xlsx", "rows": 0}, "timestamp": 1776997007204}
{"sessionId": "79f104", "runId": "pre-fix", "hypothesisId": "H4", "location": "Epos自動化測試工具3.0.py:check_and_process_invoice:start", "message": "Start process invoice", "data": {"companyId": "50579596", "invoiceNumber": "ZK86001347", "currentUrl": "https://epos.einvoice.com.tw/Welcome"}, "timestamp": 1777271791146}
{"sessionId": "79f104", "runId": "pre-fix", "hypothesisId": "H1", "location": "Epos自動化測試工具3.0.py:query_invoice_rows:start", "message": "Start invoice query", "data": {"companyId": "50579596", "invoiceNumber": "ZK86001347", "currentUrl": "https://epos.einvoice.com.tw/Welcome"}, "timestamp": 1777271791230}
{"sessionId": "79f104", "runId": "pre-fix", "hypothesisId": "H1", "location": "Epos自動化測試工具3.0.py:open_business_query_page", "message": "Opened business query page", "data": {"currentUrl": "https://epos.einvoice.com.tw/AS0102", "openedBizPage": true}, "timestamp": 1777271792269}
{"sessionId": "79f104", "runId": "pre-fix", "hypothesisId": "H3", "location": "Epos自動化測試工具3.0.py:query_invoice_rows:rows", "message": "Fetched invoice rows", "data": {"companyId": "50579596", "invoiceNumber": "ZK86001347", "rowCount": 2, "rows": [[1, "開立", "小平台解析失敗"], [2, "開立", "大平台回覆成功"]]}, "timestamp": 1777271794107}
{"sessionId": "79f104", "runId": "pre-fix", "hypothesisId": "H3", "location": "Epos自動化測試工具3.0.py:check_and_process_invoice:decision", "message": "Decision for multi rows", "data": {"invoiceNumber": "ZK86001347", "totalRows": 2, "failRows": 1, "reasons": ["小平台解析失敗", "大平台回覆成功"]}, "timestamp": 1777271794113}
{"sessionId": "79f104", "runId": "pre-fix", "hypothesisId": "H2", "location": "Epos自動化測試工具3.0.py:delete_invoice:start", "message": "Start delete invoice", "data": {"companyId": "50579596", "invoiceNumber": "ZK86001347", "currentUrl": "https://epos.einvoice.com.tw/AS0102"}, "timestamp": 1777271794124}
{"sessionId": "79f104", "runId": "post-fix", "hypothesisId": "H2", "location": "Epos自動化測試工具3.0.py:open_ops_page:ready", "message": "Ops page ready", "data": {"currentUrl": "https://epos.einvoice.com.tw/UM0501", "openedOpsPage": true}, "timestamp": 1777271794807}
{"sessionId": "79f104", "runId": "pre-fix", "hypothesisId": "H2", "location": "Epos自動化測試工具3.0.py:delete_invoice:query_result", "message": "Delete page query result", "data": {"invoiceNumber": "ZK86001347", "rowCount": 1}, "timestamp": 1777271795473}
{"sessionId": "79f104", "runId": "pre-fix", "hypothesisId": "H4", "location": "Epos自動化測試工具3.0.py:check_and_process_invoice:start", "message": "Start process invoice", "data": {"companyId": "50579596", "invoiceNumber": "ZK86001330", "currentUrl": "https://epos.einvoice.com.tw/UM0501"}, "timestamp": 1777271796235}
{"sessionId": "79f104", "runId": "pre-fix", "hypothesisId": "H1", "location": "Epos自動化測試工具3.0.py:query_invoice_rows:start", "message": "Start invoice query", "data": {"companyId": "50579596", "invoiceNumber": "ZK86001330", "currentUrl": "https://epos.einvoice.com.tw/UM0501"}, "timestamp": 1777271796245}
{"sessionId": "79f104", "runId": "pre-fix", "hypothesisId": "H1", "location": "Epos自動化測試工具3.0.py:open_business_query_page", "message": "Opened business query page", "data": {"currentUrl": "https://epos.einvoice.com.tw/AS0102", "openedBizPage": true}, "timestamp": 1777271797137}
{"sessionId": "79f104", "runId": "pre-fix", "hypothesisId": "H3", "location": "Epos自動化測試工具3.0.py:query_invoice_rows:rows", "message": "Fetched invoice rows", "data": {"companyId": "50579596", "invoiceNumber": "ZK86001330", "rowCount": 2, "rows": [[1, "開立", "大平台回覆成功"], [2, "開立", "小平台解析失敗"]]}, "timestamp": 1777271798809}
{"sessionId": "79f104", "runId": "pre-fix", "hypothesisId": "H3", "location": "Epos自動化測試工具3.0.py:check_and_process_invoice:decision", "message": "Decision for multi rows", "data": {"invoiceNumber": "ZK86001330", "totalRows": 2, "failRows": 1, "reasons": ["大平台回覆成功", "小平台解析失敗"]}, "timestamp": 1777271798815}
{"sessionId": "79f104", "runId": "pre-fix", "hypothesisId": "H2", "location": "Epos自動化測試工具3.0.py:delete_invoice:start", "message": "Start delete invoice", "data": {"companyId": "50579596", "invoiceNumber": "ZK86001330", "currentUrl": "https://epos.einvoice.com.tw/AS0102"}, "timestamp": 1777271798821}
{"sessionId": "79f104", "runId": "post-fix", "hypothesisId": "H2", "location": "Epos自動化測試工具3.0.py:open_ops_page:ready", "message": "Ops page ready", "data": {"currentUrl": "https://epos.einvoice.com.tw/UM0501", "openedOpsPage": true}, "timestamp": 1777271799470}
{"sessionId": "79f104", "runId": "pre-fix", "hypothesisId": "H2", "location": "Epos自動化測試工具3.0.py:delete_invoice:query_result", "message": "Delete page query result", "data": {"invoiceNumber": "ZK86001330", "rowCount": 1}, "timestamp": 1777271800127}
{"sessionId": "79f104", "runId": "pre-fix", "hypothesisId": "H4", "location": "Epos自動化測試工具3.0.py:check_and_process_invoice:start", "message": "Start process invoice", "data": {"companyId": "50784392", "invoiceNumber": "ZF29170757", "currentUrl": "https://epos.einvoice.com.tw/UM0501"}, "timestamp": 1777271800813}
{"sessionId": "79f104", "runId": "pre-fix", "hypothesisId": "H1", "location": "Epos自動化測試工具3.0.py:query_invoice_rows:start", "message": "Start invoice query", "data": {"companyId": "50784392", "invoiceNumber": "ZF29170757", "currentUrl": "https://epos.einvoice.com.tw/UM0501"}, "timestamp": 1777271800822}
{"sessionId": "79f104", "runId": "pre-fix", "hypothesisId": "H1", "location": "Epos自動化測試工具3.0.py:open_business_query_page", "message": "Opened business query page", "data": {"currentUrl": "https://epos.einvoice.com.tw/AS0102", "openedBizPage": true}, "timestamp": 1777271801707}
{"sessionId": "79f104", "runId": "pre-fix", "hypothesisId": "H3", "location": "Epos自動化測試工具3.0.py:query_invoice_rows:rows", "message": "Fetched invoice rows", "data": {"companyId": "50784392", "invoiceNumber": "ZF29170757", "rowCount": 2, "rows": [[1, "開立", "小平台解析失敗"], [2, "開立", "大平台回覆成功"]]}, "timestamp": 1777271803355}
{"sessionId": "79f104", "runId": "pre-fix", "hypothesisId": "H3", "location": "Epos自動化測試工具3.0.py:check_and_process_invoice:decision", "message": "Decision for multi rows", "data": {"invoiceNumber": "ZF29170757", "totalRows": 2, "failRows": 1, "reasons": ["小平台解析失敗", "大平台回覆成功"]}, "timestamp": 1777271803361}
{"sessionId": "79f104", "runId": "pre-fix", "hypothesisId": "H2", "location": "Epos自動化測試工具3.0.py:delete_invoice:start", "message": "Start delete invoice", "data": {"companyId": "50784392", "invoiceNumber": "ZF29170757", "currentUrl": "https://epos.einvoice.com.tw/AS0102"}, "timestamp": 1777271803366}
{"sessionId": "79f104", "runId": "post-fix", "hypothesisId": "H2", "location": "Epos自動化測試工具3.0.py:open_ops_page:ready", "message": "Ops page ready", "data": {"currentUrl": "https://epos.einvoice.com.tw/UM0501", "openedOpsPage": true}, "timestamp": 1777271803990}
{"sessionId": "79f104", "runId": "pre-fix", "hypothesisId": "H2", "location": "Epos自動化測試工具3.0.py:delete_invoice:query_result", "message": "Delete page query result", "data": {"invoiceNumber": "ZF29170757", "rowCount": 1}, "timestamp": 1777271804621}
{"sessionId": "79f104", "runId": "pre-fix", "hypothesisId": "H4", "location": "Epos自動化測試工具3.0.py:check_and_process_invoice:start", "message": "Start process invoice", "data": {"companyId": "50784392", "invoiceNumber": "ZF29170756", "currentUrl": "https://epos.einvoice.com.tw/UM0501"}, "timestamp": 1777271805320}
{"sessionId": "79f104", "runId": "pre-fix", "hypothesisId": "H1", "location": "Epos自動化測試工具3.0.py:query_invoice_rows:start", "message": "Start invoice query", "data": {"companyId": "50784392", "invoiceNumber": "ZF29170756", "currentUrl": "https://epos.einvoice.com.tw/UM0501"}, "timestamp": 1777271805328}
{"sessionId": "79f104", "runId": "pre-fix", "hypothesisId": "H1", "location": "Epos自動化測試工具3.0.py:open_business_query_page", "message": "Opened business query page", "data": {"currentUrl": "https://epos.einvoice.com.tw/AS0102", "openedBizPage": true}, "timestamp": 1777271806165}
{"sessionId": "79f104", "runId": "pre-fix", "hypothesisId": "H3", "location": "Epos自動化測試工具3.0.py:query_invoice_rows:rows", "message": "Fetched invoice rows", "data": {"companyId": "50784392", "invoiceNumber": "ZF29170756", "rowCount": 2, "rows": [[1, "開立", "大平台回覆成功"], [2, "開立", "小平台解析失敗"]]}, "timestamp": 1777271807799}
{"sessionId": "79f104", "runId": "pre-fix", "hypothesisId": "H3", "location": "Epos自動化測試工具3.0.py:check_and_process_invoice:decision", "message": "Decision for multi rows", "data": {"invoiceNumber": "ZF29170756", "totalRows": 2, "failRows": 1, "reasons": ["大平台回覆成功", "小平台解析失敗"]}, "timestamp": 1777271807803}
{"sessionId": "79f104", "runId": "pre-fix", "hypothesisId": "H2", "location": "Epos自動化測試工具3.0.py:delete_invoice:start", "message": "Start delete invoice", "data": {"companyId": "50784392", "invoiceNumber": "ZF29170756", "currentUrl": "https://epos.einvoice.com.tw/AS0102"}, "timestamp": 1777271807809}
{"sessionId": "79f104", "runId": "post-fix", "hypothesisId": "H2", "location": "Epos自動化測試工具3.0.py:open_ops_page:ready", "message": "Ops page ready", "data": {"currentUrl": "https://epos.einvoice.com.tw/UM0501", "openedOpsPage": true}, "timestamp": 1777271808462}
{"sessionId": "79f104", "runId": "pre-fix", "hypothesisId": "H2", "location": "Epos自動化測試工具3.0.py:delete_invoice:query_result", "message": "Delete page query result", "data": {"invoiceNumber": "ZF29170756", "rowCount": 1}, "timestamp": 1777271809118}
{"sessionId": "79f104", "runId": "pre-fix", "hypothesisId": "H4", "location": "Epos自動化測試工具3.0.py:check_and_process_invoice:start", "message": "Start process invoice", "data": {"companyId": "90887508", "invoiceNumber": "ZJ83943253", "currentUrl": "https://epos.einvoice.com.tw/UM0501"}, "timestamp": 1777271809834}
{"sessionId": "79f104", "runId": "pre-fix", "hypothesisId": "H1", "location": "Epos自動化測試工具3.0.py:query_invoice_rows:start", "message": "Start invoice query", "data": {"companyId": "90887508", "invoiceNumber": "ZJ83943253", "currentUrl": "https://epos.einvoice.com.tw/UM0501"}, "timestamp": 1777271809842}
{"sessionId": "79f104", "runId": "pre-fix", "hypothesisId": "H1", "location": "Epos自動化測試工具3.0.py:open_business_query_page", "message": "Opened business query page", "data": {"currentUrl": "https://epos.einvoice.com.tw/AS0102", "openedBizPage": true}, "timestamp": 1777271810724}
{"sessionId": "79f104", "runId": "pre-fix", "hypothesisId": "H3", "location": "Epos自動化測試工具3.0.py:query_invoice_rows:rows", "message": "Fetched invoice rows", "data": {"companyId": "90887508", "invoiceNumber": "ZJ83943253", "rowCount": 2, "rows": [[1, "開立", "小平台解析失敗"], [2, "開立", "大平台回覆成功"]]}, "timestamp": 1777271812428}
{"sessionId": "79f104", "runId": "pre-fix", "hypothesisId": "H3", "location": "Epos自動化測試工具3.0.py:check_and_process_invoice:decision", "message": "Decision for multi rows", "data": {"invoiceNumber": "ZJ83943253", "totalRows": 2, "failRows": 1, "reasons": ["小平台解析失敗", "大平台回覆成功"]}, "timestamp": 1777271812432}
{"sessionId": "79f104", "runId": "pre-fix", "hypothesisId": "H2", "location": "Epos自動化測試工具3.0.py:delete_invoice:start", "message": "Start delete invoice", "data": {"companyId": "90887508", "invoiceNumber": "ZJ83943253", "currentUrl": "https://epos.einvoice.com.tw/AS0102"}, "timestamp": 1777271812439}
{"sessionId": "79f104", "runId": "post-fix", "hypothesisId": "H2", "location": "Epos自動化測試工具3.0.py:open_ops_page:ready", "message": "Ops page ready", "data": {"currentUrl": "https://epos.einvoice.com.tw/UM0501", "openedOpsPage": true}, "timestamp": 1777271813230}
{"sessionId": "79f104", "runId": "pre-fix", "hypothesisId": "H2", "location": "Epos自動化測試工具3.0.py:delete_invoice:query_result", "message": "Delete page query result", "data": {"invoiceNumber": "ZJ83943253", "rowCount": 1}, "timestamp": 1777271813929}
{"sessionId": "79f104", "runId": "post-fix", "hypothesisId": "H5", "location": "Epos自動化測試工具3.0.py:write_invoice_data:success", "message": "Excel write success", "data": {"path": "D:\\D\\wilsonhuang\\Worktime\\python\\epos自動化測試工具3.0\\data\\EposError.xlsx", "rows": 27}, "timestamp": 1777271815238}
{"sessionId": "79f104", "runId": "pre-fix", "hypothesisId": "H4", "location": "Epos自動化測試工具3.0.py:check_and_process_invoice:start", "message": "Start process invoice", "data": {"companyId": "82477468", "invoiceNumber": "ZL46258549", "currentUrl": "https://epos.einvoice.com.tw/UM0501"}, "timestamp": 1777271815243}
{"sessionId": "79f104", "runId": "pre-fix", "hypothesisId": "H1", "location": "Epos自動化測試工具3.0.py:query_invoice_rows:start", "message": "Start invoice query", "data": {"companyId": "82477468", "invoiceNumber": "ZL46258549", "currentUrl": "https://epos.einvoice.com.tw/UM0501"}, "timestamp": 1777271815250}
{"sessionId": "79f104", "runId": "pre-fix", "hypothesisId": "H1", "location": "Epos自動化測試工具3.0.py:open_business_query_page", "message": "Opened business query page", "data": {"currentUrl": "https://epos.einvoice.com.tw/AS0102", "openedBizPage": true}, "timestamp": 1777271816130}
{"sessionId": "79f104", "runId": "pre-fix", "hypothesisId": "H3", "location": "Epos自動化測試工具3.0.py:query_invoice_rows:rows", "message": "Fetched invoice rows", "data": {"companyId": "82477468", "invoiceNumber": "ZL46258549", "rowCount": 2, "rows": [[1, "開立", "大平台回覆成功"], [2, "開立", "小平台解析失敗"]]}, "timestamp": 1777271817760}
{"sessionId": "79f104", "runId": "pre-fix", "hypothesisId": "H3", "location": "Epos自動化測試工具3.0.py:check_and_process_invoice:decision", "message": "Decision for multi rows", "data": {"invoiceNumber": "ZL46258549", "totalRows": 2, "failRows": 1, "reasons": ["大平台回覆成功", "小平台解析失敗"]}, "timestamp": 1777271817767}
{"sessionId": "79f104", "runId": "pre-fix", "hypothesisId": "H2", "location": "Epos自動化測試工具3.0.py:delete_invoice:start", "message": "Start delete invoice", "data": {"companyId": "82477468", "invoiceNumber": "ZL46258549", "currentUrl": "https://epos.einvoice.com.tw/AS0102"}, "timestamp": 1777271817772}
{"sessionId": "79f104", "runId": "post-fix", "hypothesisId": "H2", "location": "Epos自動化測試工具3.0.py:open_ops_page:ready", "message": "Ops page ready", "data": {"currentUrl": "https://epos.einvoice.com.tw/UM0501", "openedOpsPage": true}, "timestamp": 1777271818424}
{"sessionId": "79f104", "runId": "pre-fix", "hypothesisId": "H2", "location": "Epos自動化測試工具3.0.py:delete_invoice:query_result", "message": "Delete page query result", "data": {"invoiceNumber": "ZL46258549", "rowCount": 1}, "timestamp": 1777271819068}
{"sessionId": "79f104", "runId": "pre-fix", "hypothesisId": "H4", "location": "Epos自動化測試工具3.0.py:check_and_process_invoice:start", "message": "Start process invoice", "data": {"companyId": "88633389", "invoiceNumber": "ZN74244782", "currentUrl": "https://epos.einvoice.com.tw/UM0501"}, "timestamp": 1777271820301}
{"sessionId": "79f104", "runId": "pre-fix", "hypothesisId": "H1", "location": "Epos自動化測試工具3.0.py:query_invoice_rows:start", "message": "Start invoice query", "data": {"companyId": "88633389", "invoiceNumber": "ZN74244782", "currentUrl": "https://epos.einvoice.com.tw/UM0501"}, "timestamp": 1777271820309}
{"sessionId": "79f104", "runId": "pre-fix", "hypothesisId": "H1", "location": "Epos自動化測試工具3.0.py:open_business_query_page", "message": "Opened business query page", "data": {"currentUrl": "https://epos.einvoice.com.tw/AS0102", "openedBizPage": true}, "timestamp": 1777271821221}
{"sessionId": "79f104", "runId": "pre-fix", "hypothesisId": "H3", "location": "Epos自動化測試工具3.0.py:query_invoice_rows:rows", "message": "Fetched invoice rows", "data": {"companyId": "88633389", "invoiceNumber": "ZN74244782", "rowCount": 2, "rows": [[1, "開立", "小平台解析失敗"], [2, "開立", "大平台回覆成功"]]}, "timestamp": 1777271822899}
{"sessionId": "79f104", "runId": "pre-fix", "hypothesisId": "H3", "location": "Epos自動化測試工具3.0.py:check_and_process_invoice:decision", "message": "Decision for multi rows", "data": {"invoiceNumber": "ZN74244782", "totalRows": 2, "failRows": 1, "reasons": ["小平台解析失敗", "大平台回覆成功"]}, "timestamp": 1777271822905}
{"sessionId": "79f104", "runId": "pre-fix", "hypothesisId": "H2", "location": "Epos自動化測試工具3.0.py:delete_invoice:start", "message": "Start delete invoice", "data": {"companyId": "88633389", "invoiceNumber": "ZN74244782", "currentUrl": "https://epos.einvoice.com.tw/AS0102"}, "timestamp": 1777271822911}
{"sessionId": "79f104", "runId": "post-fix", "hypothesisId": "H2", "location": "Epos自動化測試工具3.0.py:open_ops_page:ready", "message": "Ops page ready", "data": {"currentUrl": "https://epos.einvoice.com.tw/UM0501", "openedOpsPage": true}, "timestamp": 1777271823588}
{"sessionId": "79f104", "runId": "pre-fix", "hypothesisId": "H2", "location": "Epos自動化測試工具3.0.py:delete_invoice:query_result", "message": "Delete page query result", "data": {"invoiceNumber": "ZN74244782", "rowCount": 1}, "timestamp": 1777271824244}
{"sessionId": "79f104", "runId": "pre-fix", "hypothesisId": "H4", "location": "Epos自動化測試工具3.0.py:check_and_process_invoice:start", "message": "Start process invoice", "data": {"companyId": "90305340", "invoiceNumber": "ZC31022016", "currentUrl": "https://epos.einvoice.com.tw/UM0501"}, "timestamp": 1777271825452}
{"sessionId": "79f104", "runId": "pre-fix", "hypothesisId": "H1", "location": "Epos自動化測試工具3.0.py:query_invoice_rows:start", "message": "Start invoice query", "data": {"companyId": "90305340", "invoiceNumber": "ZC31022016", "currentUrl": "https://epos.einvoice.com.tw/UM0501"}, "timestamp": 1777271825457}
{"sessionId": "79f104", "runId": "pre-fix", "hypothesisId": "H1", "location": "Epos自動化測試工具3.0.py:open_business_query_page", "message": "Opened business query page", "data": {"currentUrl": "https://epos.einvoice.com.tw/AS0102", "openedBizPage": true}, "timestamp": 1777271826326}
{"sessionId": "79f104", "runId": "pre-fix", "hypothesisId": "H3", "location": "Epos自動化測試工具3.0.py:query_invoice_rows:rows", "message": "Fetched invoice rows", "data": {"companyId": "90305340", "invoiceNumber": "ZC31022016", "rowCount": 2, "rows": [[1, "開立", "小平台解析失敗"], [2, "開立", "大平台回覆成功"]]}, "timestamp": 1777271827976}
{"sessionId": "79f104", "runId": "pre-fix", "hypothesisId": "H3", "location": "Epos自動化測試工具3.0.py:check_and_process_invoice:decision", "message": "Decision for multi rows", "data": {"invoiceNumber": "ZC31022016", "totalRows": 2, "failRows": 1, "reasons": ["小平台解析失敗", "大平台回覆成功"]}, "timestamp": 1777271827982}
{"sessionId": "79f104", "runId": "pre-fix", "hypothesisId": "H2", "location": "Epos自動化測試工具3.0.py:delete_invoice:start", "message": "Start delete invoice", "data": {"companyId": "90305340", "invoiceNumber": "ZC31022016", "currentUrl": "https://epos.einvoice.com.tw/AS0102"}, "timestamp": 1777271827987}
{"sessionId": "79f104", "runId": "post-fix", "hypothesisId": "H2", "location": "Epos自動化測試工具3.0.py:open_ops_page:ready", "message": "Ops page ready", "data": {"currentUrl": "https://epos.einvoice.com.tw/UM0501", "openedOpsPage": true}, "timestamp": 1777271828637}
{"sessionId": "79f104", "runId": "pre-fix", "hypothesisId": "H2", "location": "Epos自動化測試工具3.0.py:delete_invoice:query_result", "message": "Delete page query result", "data": {"invoiceNumber": "ZC31022016", "rowCount": 1}, "timestamp": 1777271829279}
{"sessionId": "79f104", "runId": "pre-fix", "hypothesisId": "H4", "location": "Epos自動化測試工具3.0.py:check_and_process_invoice:start", "message": "Start process invoice", "data": {"companyId": "91701136", "invoiceNumber": "ZE97409249", "currentUrl": "https://epos.einvoice.com.tw/UM0501"}, "timestamp": 1777271829983}
{"sessionId": "79f104", "runId": "pre-fix", "hypothesisId": "H1", "location": "Epos自動化測試工具3.0.py:query_invoice_rows:start", "message": "Start invoice query", "data": {"companyId": "91701136", "invoiceNumber": "ZE97409249", "currentUrl": "https://epos.einvoice.com.tw/UM0501"}, "timestamp": 1777271829990}
{"sessionId": "79f104", "runId": "pre-fix", "hypothesisId": "H1", "location": "Epos自動化測試工具3.0.py:open_business_query_page", "message": "Opened business query page", "data": {"currentUrl": "https://epos.einvoice.com.tw/AS0102", "openedBizPage": true}, "timestamp": 1777271830877}
{"sessionId": "79f104", "runId": "pre-fix", "hypothesisId": "H3", "location": "Epos自動化測試工具3.0.py:query_invoice_rows:rows", "message": "Fetched invoice rows", "data": {"companyId": "91701136", "invoiceNumber": "ZE97409249", "rowCount": 2, "rows": [[1, "開立", "小平台解析失敗"], [2, "開立", "大平台回覆成功"]]}, "timestamp": 1777271832557}
{"sessionId": "79f104", "runId": "pre-fix", "hypothesisId": "H3", "location": "Epos自動化測試工具3.0.py:check_and_process_invoice:decision", "message": "Decision for multi rows", "data": {"invoiceNumber": "ZE97409249", "totalRows": 2, "failRows": 1, "reasons": ["小平台解析失敗", "大平台回覆成功"]}, "timestamp": 1777271832562}
{"sessionId": "79f104", "runId": "pre-fix", "hypothesisId": "H2", "location": "Epos自動化測試工具3.0.py:delete_invoice:start", "message": "Start delete invoice", "data": {"companyId": "91701136", "invoiceNumber": "ZE97409249", "currentUrl": "https://epos.einvoice.com.tw/AS0102"}, "timestamp": 1777271832567}
{"sessionId": "79f104", "runId": "post-fix", "hypothesisId": "H2", "location": "Epos自動化測試工具3.0.py:open_ops_page:ready", "message": "Ops page ready", "data": {"currentUrl": "https://epos.einvoice.com.tw/UM0501", "openedOpsPage": true}, "timestamp": 1777271833218}
{"sessionId": "79f104", "runId": "pre-fix", "hypothesisId": "H2", "location": "Epos自動化測試工具3.0.py:delete_invoice:query_result", "message": "Delete page query result", "data": {"invoiceNumber": "ZE97409249", "rowCount": 1}, "timestamp": 1777271833864}
{"sessionId": "79f104", "runId": "pre-fix", "hypothesisId": "H4", "location": "Epos自動化測試工具3.0.py:check_and_process_invoice:start", "message": "Start process invoice", "data": {"companyId": "91701136", "invoiceNumber": "ZE97409230", "currentUrl": "https://epos.einvoice.com.tw/UM0501"}, "timestamp": 1777271834580}
{"sessionId": "79f104", "runId": "pre-fix", "hypothesisId": "H1", "location": "Epos自動化測試工具3.0.py:query_invoice_rows:start", "message": "Start invoice query", "data": {"companyId": "91701136", "invoiceNumber": "ZE97409230", "currentUrl": "https://epos.einvoice.com.tw/UM0501"}, "timestamp": 1777271834590}
{"sessionId": "79f104", "runId": "pre-fix", "hypothesisId": "H1", "location": "Epos自動化測試工具3.0.py:open_business_query_page", "message": "Opened business query page", "data": {"currentUrl": "https://epos.einvoice.com.tw/AS0102", "openedBizPage": true}, "timestamp": 1777271835467}
{"sessionId": "79f104", "runId": "pre-fix", "hypothesisId": "H3", "location": "Epos自動化測試工具3.0.py:query_invoice_rows:rows", "message": "Fetched invoice rows", "data": {"companyId": "91701136", "invoiceNumber": "ZE97409230", "rowCount": 2, "rows": [[1, "開立", "大平台回覆成功"], [2, "開立", "小平台解析失敗"]]}, "timestamp": 1777271837128}
{"sessionId": "79f104", "runId": "pre-fix", "hypothesisId": "H3", "location": "Epos自動化測試工具3.0.py:check_and_process_invoice:decision", "message": "Decision for multi rows", "data": {"invoiceNumber": "ZE97409230", "totalRows": 2, "failRows": 1, "reasons": ["大平台回覆成功", "小平台解析失敗"]}, "timestamp": 1777271837136}
{"sessionId": "79f104", "runId": "pre-fix", "hypothesisId": "H2", "location": "Epos自動化測試工具3.0.py:delete_invoice:start", "message": "Start delete invoice", "data": {"companyId": "91701136", "invoiceNumber": "ZE97409230", "currentUrl": "https://epos.einvoice.com.tw/AS0102"}, "timestamp": 1777271837143}
{"sessionId": "79f104", "runId": "post-fix", "hypothesisId": "H2", "location": "Epos自動化測試工具3.0.py:open_ops_page:ready", "message": "Ops page ready", "data": {"currentUrl": "https://epos.einvoice.com.tw/UM0501", "openedOpsPage": true}, "timestamp": 1777271837781}
{"sessionId": "79f104", "runId": "pre-fix", "hypothesisId": "H2", "location": "Epos自動化測試工具3.0.py:delete_invoice:query_result", "message": "Delete page query result", "data": {"invoiceNumber": "ZE97409230", "rowCount": 1}, "timestamp": 1777271838431}
{"sessionId": "79f104", "runId": "post-fix", "hypothesisId": "H5", "location": "Epos自動化測試工具3.0.py:write_invoice_data:success", "message": "Excel write success", "data": {"path": "D:\\D\\wilsonhuang\\Worktime\\python\\epos自動化測試工具3.0\\data\\EposError.xlsx", "rows": 22}, "timestamp": 1777271839180}
{"sessionId": "79f104", "runId": "pre-fix", "hypothesisId": "H4", "location": "Epos自動化測試工具3.0.py:check_and_process_invoice:start", "message": "Start process invoice", "data": {"companyId": "91701136", "invoiceNumber": "ZE97409226", "currentUrl": "https://epos.einvoice.com.tw/UM0501"}, "timestamp": 1777271839185}
{"sessionId": "79f104", "runId": "pre-fix", "hypothesisId": "H1", "location": "Epos自動化測試工具3.0.py:query_invoice_rows:start", "message": "Start invoice query", "data": {"companyId": "91701136", "invoiceNumber": "ZE97409226", "currentUrl": "https://epos.einvoice.com.tw/UM0501"}, "timestamp": 1777271839190}
{"sessionId": "79f104", "runId": "pre-fix", "hypothesisId": "H1", "location": "Epos自動化測試工具3.0.py:open_business_query_page", "message": "Opened business query page", "data": {"currentUrl": "https://epos.einvoice.com.tw/AS0102", "openedBizPage": true}, "timestamp": 1777271839978}
{"sessionId": "79f104", "runId": "pre-fix", "hypothesisId": "H3", "location": "Epos自動化測試工具3.0.py:query_invoice_rows:rows", "message": "Fetched invoice rows", "data": {"companyId": "91701136", "invoiceNumber": "ZE97409226", "rowCount": 2, "rows": [[1, "開立", "大平台回覆成功"], [2, "開立", "小平台解析失敗"]]}, "timestamp": 1777271841616}
{"sessionId": "79f104", "runId": "pre-fix", "hypothesisId": "H3", "location": "Epos自動化測試工具3.0.py:check_and_process_invoice:decision", "message": "Decision for multi rows", "data": {"invoiceNumber": "ZE97409226", "totalRows": 2, "failRows": 1, "reasons": ["大平台回覆成功", "小平台解析失敗"]}, "timestamp": 1777271841621}
{"sessionId": "79f104", "runId": "pre-fix", "hypothesisId": "H2", "location": "Epos自動化測試工具3.0.py:delete_invoice:start", "message": "Start delete invoice", "data": {"companyId": "91701136", "invoiceNumber": "ZE97409226", "currentUrl": "https://epos.einvoice.com.tw/AS0102"}, "timestamp": 1777271841627}
{"sessionId": "79f104", "runId": "post-fix", "hypothesisId": "H2", "location": "Epos自動化測試工具3.0.py:open_ops_page:ready", "message": "Ops page ready", "data": {"currentUrl": "https://epos.einvoice.com.tw/UM0501", "openedOpsPage": true}, "timestamp": 1777271842263}
{"sessionId": "79f104", "runId": "pre-fix", "hypothesisId": "H2", "location": "Epos自動化測試工具3.0.py:delete_invoice:query_result", "message": "Delete page query result", "data": {"invoiceNumber": "ZE97409226", "rowCount": 1}, "timestamp": 1777271842915}
{"sessionId": "79f104", "runId": "pre-fix", "hypothesisId": "H4", "location": "Epos自動化測試工具3.0.py:check_and_process_invoice:start", "message": "Start process invoice", "data": {"companyId": "91701136", "invoiceNumber": "ZE97409197", "currentUrl": "https://epos.einvoice.com.tw/UM0501"}, "timestamp": 1777271843628}
{"sessionId": "79f104", "runId": "pre-fix", "hypothesisId": "H1", "location": "Epos自動化測試工具3.0.py:query_invoice_rows:start", "message": "Start invoice query", "data": {"companyId": "91701136", "invoiceNumber": "ZE97409197", "currentUrl": "https://epos.einvoice.com.tw/UM0501"}, "timestamp": 1777271843636}
{"sessionId": "79f104", "runId": "pre-fix", "hypothesisId": "H1", "location": "Epos自動化測試工具3.0.py:open_business_query_page", "message": "Opened business query page", "data": {"currentUrl": "https://epos.einvoice.com.tw/AS0102", "openedBizPage": true}, "timestamp": 1777271844516}
{"sessionId": "79f104", "runId": "pre-fix", "hypothesisId": "H3", "location": "Epos自動化測試工具3.0.py:query_invoice_rows:rows", "message": "Fetched invoice rows", "data": {"companyId": "91701136", "invoiceNumber": "ZE97409197", "rowCount": 2, "rows": [[1, "開立", "小平台解析失敗"], [2, "開立", "大平台回覆成功"]]}, "timestamp": 1777271846146}
{"sessionId": "79f104", "runId": "pre-fix", "hypothesisId": "H3", "location": "Epos自動化測試工具3.0.py:check_and_process_invoice:decision", "message": "Decision for multi rows", "data": {"invoiceNumber": "ZE97409197", "totalRows": 2, "failRows": 1, "reasons": ["小平台解析失敗", "大平台回覆成功"]}, "timestamp": 1777271846150}
{"sessionId": "79f104", "runId": "pre-fix", "hypothesisId": "H2", "location": "Epos自動化測試工具3.0.py:delete_invoice:start", "message": "Start delete invoice", "data": {"companyId": "91701136", "invoiceNumber": "ZE97409197", "currentUrl": "https://epos.einvoice.com.tw/AS0102"}, "timestamp": 1777271846155}
{"sessionId": "79f104", "runId": "post-fix", "hypothesisId": "H2", "location": "Epos自動化測試工具3.0.py:open_ops_page:ready", "message": "Ops page ready", "data": {"currentUrl": "https://epos.einvoice.com.tw/UM0501", "openedOpsPage": true}, "timestamp": 1777271846797}
{"sessionId": "79f104", "runId": "pre-fix", "hypothesisId": "H2", "location": "Epos自動化測試工具3.0.py:delete_invoice:query_result", "message": "Delete page query result", "data": {"invoiceNumber": "ZE97409197", "rowCount": 1}, "timestamp": 1777271847441}
{"sessionId": "79f104", "runId": "pre-fix", "hypothesisId": "H4", "location": "Epos自動化測試工具3.0.py:check_and_process_invoice:start", "message": "Start process invoice", "data": {"companyId": "88356053", "invoiceNumber": "ZP31957719", "currentUrl": "https://epos.einvoice.com.tw/UM0501"}, "timestamp": 1777271848146}
{"sessionId": "79f104", "runId": "pre-fix", "hypothesisId": "H1", "location": "Epos自動化測試工具3.0.py:query_invoice_rows:start", "message": "Start invoice query", "data": {"companyId": "88356053", "invoiceNumber": "ZP31957719", "currentUrl": "https://epos.einvoice.com.tw/UM0501"}, "timestamp": 1777271848154}
{"sessionId": "79f104", "runId": "pre-fix", "hypothesisId": "H1", "location": "Epos自動化測試工具3.0.py:open_business_query_page", "message": "Opened business query page", "data": {"currentUrl": "https://epos.einvoice.com.tw/AS0102", "openedBizPage": true}, "timestamp": 1777271849035}
{"sessionId": "79f104", "runId": "pre-fix", "hypothesisId": "H3", "location": "Epos自動化測試工具3.0.py:query_invoice_rows:rows", "message": "Fetched invoice rows", "data": {"companyId": "88356053", "invoiceNumber": "ZP31957719", "rowCount": 2, "rows": [[1, "開立", "小平台解析失敗"], [2, "開立", "大平台回覆成功"]]}, "timestamp": 1777271850691}
{"sessionId": "79f104", "runId": "pre-fix", "hypothesisId": "H3", "location": "Epos自動化測試工具3.0.py:check_and_process_invoice:decision", "message": "Decision for multi rows", "data": {"invoiceNumber": "ZP31957719", "totalRows": 2, "failRows": 1, "reasons": ["小平台解析失敗", "大平台回覆成功"]}, "timestamp": 1777271850697}
{"sessionId": "79f104", "runId": "pre-fix", "hypothesisId": "H2", "location": "Epos自動化測試工具3.0.py:delete_invoice:start", "message": "Start delete invoice", "data": {"companyId": "88356053", "invoiceNumber": "ZP31957719", "currentUrl": "https://epos.einvoice.com.tw/AS0102"}, "timestamp": 1777271850703}
{"sessionId": "79f104", "runId": "post-fix", "hypothesisId": "H2", "location": "Epos自動化測試工具3.0.py:open_ops_page:ready", "message": "Ops page ready", "data": {"currentUrl": "https://epos.einvoice.com.tw/UM0501", "openedOpsPage": true}, "timestamp": 1777271851343}
{"sessionId": "79f104", "runId": "pre-fix", "hypothesisId": "H2", "location": "Epos自動化測試工具3.0.py:delete_invoice:query_result", "message": "Delete page query result", "data": {"invoiceNumber": "ZP31957719", "rowCount": 1}, "timestamp": 1777271851990}
{"sessionId": "79f104", "runId": "pre-fix", "hypothesisId": "H4", "location": "Epos自動化測試工具3.0.py:check_and_process_invoice:start", "message": "Start process invoice", "data": {"companyId": "88356053", "invoiceNumber": "ZP31957720", "currentUrl": "https://epos.einvoice.com.tw/UM0501"}, "timestamp": 1777271852703}
{"sessionId": "79f104", "runId": "pre-fix", "hypothesisId": "H1", "location": "Epos自動化測試工具3.0.py:query_invoice_rows:start", "message": "Start invoice query", "data": {"companyId": "88356053", "invoiceNumber": "ZP31957720", "currentUrl": "https://epos.einvoice.com.tw/UM0501"}, "timestamp": 1777271852712}
{"sessionId": "79f104", "runId": "pre-fix", "hypothesisId": "H1", "location": "Epos自動化測試工具3.0.py:open_business_query_page", "message": "Opened business query page", "data": {"currentUrl": "https://epos.einvoice.com.tw/AS0102", "openedBizPage": true}, "timestamp": 1777271853599}
{"sessionId": "79f104", "runId": "pre-fix", "hypothesisId": "H3", "location": "Epos自動化測試工具3.0.py:query_invoice_rows:rows", "message": "Fetched invoice rows", "data": {"companyId": "88356053", "invoiceNumber": "ZP31957720", "rowCount": 2, "rows": [[1, "開立", "大平台回覆成功"], [2, "開立", "小平台解析失敗"]]}, "timestamp": 1777271855257}
{"sessionId": "79f104", "runId": "pre-fix", "hypothesisId": "H3", "location": "Epos自動化測試工具3.0.py:check_and_process_invoice:decision", "message": "Decision for multi rows", "data": {"invoiceNumber": "ZP31957720", "totalRows": 2, "failRows": 1, "reasons": ["大平台回覆成功", "小平台解析失敗"]}, "timestamp": 1777271855260}
{"sessionId": "79f104", "runId": "pre-fix", "hypothesisId": "H2", "location": "Epos自動化測試工具3.0.py:delete_invoice:start", "message": "Start delete invoice", "data": {"companyId": "88356053", "invoiceNumber": "ZP31957720", "currentUrl": "https://epos.einvoice.com.tw/AS0102"}, "timestamp": 1777271855265}
{"sessionId": "79f104", "runId": "post-fix", "hypothesisId": "H2", "location": "Epos自動化測試工具3.0.py:open_ops_page:ready", "message": "Ops page ready", "data": {"currentUrl": "https://epos.einvoice.com.tw/UM0501", "openedOpsPage": true}, "timestamp": 1777271855908}
{"sessionId": "79f104", "runId": "pre-fix", "hypothesisId": "H2", "location": "Epos自動化測試工具3.0.py:delete_invoice:query_result", "message": "Delete page query result", "data": {"invoiceNumber": "ZP31957720", "rowCount": 1}, "timestamp": 1777271856558}
{"sessionId": "79f104", "runId": "pre-fix", "hypothesisId": "H4", "location": "Epos自動化測試工具3.0.py:check_and_process_invoice:start", "message": "Start process invoice", "data": {"companyId": "90474669", "invoiceNumber": "ZJ37211985", "currentUrl": "https://epos.einvoice.com.tw/UM0501"}, "timestamp": 1777271857263}
{"sessionId": "79f104", "runId": "pre-fix", "hypothesisId": "H1", "location": "Epos自動化測試工具3.0.py:query_invoice_rows:start", "message": "Start invoice query", "data": {"companyId": "90474669", "invoiceNumber": "ZJ37211985", "currentUrl": "https://epos.einvoice.com.tw/UM0501"}, "timestamp": 1777271857271}
{"sessionId": "79f104", "runId": "pre-fix", "hypothesisId": "H1", "location": "Epos自動化測試工具3.0.py:open_business_query_page", "message": "Opened business query page", "data": {"currentUrl": "https://epos.einvoice.com.tw/AS0102", "openedBizPage": true}, "timestamp": 1777271858141}
{"sessionId": "79f104", "runId": "pre-fix", "hypothesisId": "H3", "location": "Epos自動化測試工具3.0.py:query_invoice_rows:rows", "message": "Fetched invoice rows", "data": {"companyId": "90474669", "invoiceNumber": "ZJ37211985", "rowCount": 2, "rows": [[1, "開立", "大平台回覆成功"], [2, "開立", "小平台解析失敗"]]}, "timestamp": 1777271859740}
{"sessionId": "79f104", "runId": "pre-fix", "hypothesisId": "H3", "location": "Epos自動化測試工具3.0.py:check_and_process_invoice:decision", "message": "Decision for multi rows", "data": {"invoiceNumber": "ZJ37211985", "totalRows": 2, "failRows": 1, "reasons": ["大平台回覆成功", "小平台解析失敗"]}, "timestamp": 1777271859745}
{"sessionId": "79f104", "runId": "pre-fix", "hypothesisId": "H2", "location": "Epos自動化測試工具3.0.py:delete_invoice:start", "message": "Start delete invoice", "data": {"companyId": "90474669", "invoiceNumber": "ZJ37211985", "currentUrl": "https://epos.einvoice.com.tw/AS0102"}, "timestamp": 1777271859751}
{"sessionId": "79f104", "runId": "post-fix", "hypothesisId": "H2", "location": "Epos自動化測試工具3.0.py:open_ops_page:ready", "message": "Ops page ready", "data": {"currentUrl": "https://epos.einvoice.com.tw/UM0501", "openedOpsPage": true}, "timestamp": 1777271860382}
{"sessionId": "79f104", "runId": "pre-fix", "hypothesisId": "H2", "location": "Epos自動化測試工具3.0.py:delete_invoice:query_result", "message": "Delete page query result", "data": {"invoiceNumber": "ZJ37211985", "rowCount": 1}, "timestamp": 1777271861018}
{"sessionId": "79f104", "runId": "post-fix", "hypothesisId": "H5", "location": "Epos自動化測試工具3.0.py:write_invoice_data:success", "message": "Excel write success", "data": {"path": "D:\\D\\wilsonhuang\\Worktime\\python\\epos自動化測試工具3.0\\data\\EposError.xlsx", "rows": 17}, "timestamp": 1777271861736}
{"sessionId": "79f104", "runId": "pre-fix", "hypothesisId": "H4", "location": "Epos自動化測試工具3.0.py:check_and_process_invoice:start", "message": "Start process invoice", "data": {"companyId": "91701136", "invoiceNumber": "ZE97409182", "currentUrl": "https://epos.einvoice.com.tw/UM0501"}, "timestamp": 1777271861742}
{"sessionId": "79f104", "runId": "pre-fix", "hypothesisId": "H1", "location": "Epos自動化測試工具3.0.py:query_invoice_rows:start", "message": "Start invoice query", "data": {"companyId": "91701136", "invoiceNumber": "ZE97409182", "currentUrl": "https://epos.einvoice.com.tw/UM0501"}, "timestamp": 1777271861747}
{"sessionId": "79f104", "runId": "pre-fix", "hypothesisId": "H1", "location": "Epos自動化測試工具3.0.py:open_business_query_page", "message": "Opened business query page", "data": {"currentUrl": "https://epos.einvoice.com.tw/AS0102", "openedBizPage": true}, "timestamp": 1777271862599}
{"sessionId": "79f104", "runId": "pre-fix", "hypothesisId": "H3", "location": "Epos自動化測試工具3.0.py:query_invoice_rows:rows", "message": "Fetched invoice rows", "data": {"companyId": "91701136", "invoiceNumber": "ZE97409182", "rowCount": 2, "rows": [[1, "開立", "小平台解析失敗"], [2, "開立", "大平台回覆成功"]]}, "timestamp": 1777271864407}
{"sessionId": "79f104", "runId": "pre-fix", "hypothesisId": "H3", "location": "Epos自動化測試工具3.0.py:check_and_process_invoice:decision", "message": "Decision for multi rows", "data": {"invoiceNumber": "ZE97409182", "totalRows": 2, "failRows": 1, "reasons": ["小平台解析失敗", "大平台回覆成功"]}, "timestamp": 1777271864411}
{"sessionId": "79f104", "runId": "pre-fix", "hypothesisId": "H2", "location": "Epos自動化測試工具3.0.py:delete_invoice:start", "message": "Start delete invoice", "data": {"companyId": "91701136", "invoiceNumber": "ZE97409182", "currentUrl": "https://epos.einvoice.com.tw/AS0102"}, "timestamp": 1777271864419}
{"sessionId": "79f104", "runId": "post-fix", "hypothesisId": "H2", "location": "Epos自動化測試工具3.0.py:open_ops_page:ready", "message": "Ops page ready", "data": {"currentUrl": "https://epos.einvoice.com.tw/UM0501", "openedOpsPage": true}, "timestamp": 1777271865056}
{"sessionId": "79f104", "runId": "pre-fix", "hypothesisId": "H2", "location": "Epos自動化測試工具3.0.py:delete_invoice:query_result", "message": "Delete page query result", "data": {"invoiceNumber": "ZE97409182", "rowCount": 1}, "timestamp": 1777271865704}
{"sessionId": "79f104", "runId": "pre-fix", "hypothesisId": "H4", "location": "Epos自動化測試工具3.0.py:check_and_process_invoice:start", "message": "Start process invoice", "data": {"companyId": "80051906", "invoiceNumber": "ZL25808164", "currentUrl": "https://epos.einvoice.com.tw/UM0501"}, "timestamp": 1777271866393}
{"sessionId": "79f104", "runId": "pre-fix", "hypothesisId": "H1", "location": "Epos自動化測試工具3.0.py:query_invoice_rows:start", "message": "Start invoice query", "data": {"companyId": "80051906", "invoiceNumber": "ZL25808164", "currentUrl": "https://epos.einvoice.com.tw/UM0501"}, "timestamp": 1777271866401}
{"sessionId": "79f104", "runId": "pre-fix", "hypothesisId": "H1", "location": "Epos自動化測試工具3.0.py:open_business_query_page", "message": "Opened business query page", "data": {"currentUrl": "https://epos.einvoice.com.tw/AS0102", "openedBizPage": true}, "timestamp": 1777271867255}
{"sessionId": "79f104", "runId": "pre-fix", "hypothesisId": "H3", "location": "Epos自動化測試工具3.0.py:query_invoice_rows:rows", "message": "Fetched invoice rows", "data": {"companyId": "80051906", "invoiceNumber": "ZL25808164", "rowCount": 2, "rows": [[1, "開立", "小平台解析失敗"], [2, "開立", "大平台回覆成功"]]}, "timestamp": 1777271868944}
{"sessionId": "79f104", "runId": "pre-fix", "hypothesisId": "H3", "location": "Epos自動化測試工具3.0.py:check_and_process_invoice:decision", "message": "Decision for multi rows", "data": {"invoiceNumber": "ZL25808164", "totalRows": 2, "failRows": 1, "reasons": ["小平台解析失敗", "大平台回覆成功"]}, "timestamp": 1777271868948}
{"sessionId": "79f104", "runId": "pre-fix", "hypothesisId": "H2", "location": "Epos自動化測試工具3.0.py:delete_invoice:start", "message": "Start delete invoice", "data": {"companyId": "80051906", "invoiceNumber": "ZL25808164", "currentUrl": "https://epos.einvoice.com.tw/AS0102"}, "timestamp": 1777271868956}
{"sessionId": "79f104", "runId": "post-fix", "hypothesisId": "H2", "location": "Epos自動化測試工具3.0.py:open_ops_page:ready", "message": "Ops page ready", "data": {"currentUrl": "https://epos.einvoice.com.tw/UM0501", "openedOpsPage": true}, "timestamp": 1777271869591}
{"sessionId": "79f104", "runId": "pre-fix", "hypothesisId": "H2", "location": "Epos自動化測試工具3.0.py:delete_invoice:query_result", "message": "Delete page query result", "data": {"invoiceNumber": "ZL25808164", "rowCount": 1}, "timestamp": 1777271870245}
{"sessionId": "79f104", "runId": "pre-fix", "hypothesisId": "H4", "location": "Epos自動化測試工具3.0.py:check_and_process_invoice:start", "message": "Start process invoice", "data": {"companyId": "93367523", "invoiceNumber": "ZF25937607", "currentUrl": "https://epos.einvoice.com.tw/UM0501"}, "timestamp": 1777271871458}
{"sessionId": "79f104", "runId": "pre-fix", "hypothesisId": "H1", "location": "Epos自動化測試工具3.0.py:query_invoice_rows:start", "message": "Start invoice query", "data": {"companyId": "93367523", "invoiceNumber": "ZF25937607", "currentUrl": "https://epos.einvoice.com.tw/UM0501"}, "timestamp": 1777271871465}
{"sessionId": "79f104", "runId": "pre-fix", "hypothesisId": "H1", "location": "Epos自動化測試工具3.0.py:open_business_query_page", "message": "Opened business query page", "data": {"currentUrl": "https://epos.einvoice.com.tw/AS0102", "openedBizPage": true}, "timestamp": 1777271872309}
{"sessionId": "79f104", "runId": "pre-fix", "hypothesisId": "H3", "location": "Epos自動化測試工具3.0.py:query_invoice_rows:rows", "message": "Fetched invoice rows", "data": {"companyId": "93367523", "invoiceNumber": "ZF25937607", "rowCount": 2, "rows": [[1, "開立", "大平台回覆成功"], [2, "開立", "小平台解析失敗"]]}, "timestamp": 1777271873937}
{"sessionId": "79f104", "runId": "pre-fix", "hypothesisId": "H3", "location": "Epos自動化測試工具3.0.py:check_and_process_invoice:decision", "message": "Decision for multi rows", "data": {"invoiceNumber": "ZF25937607", "totalRows": 2, "failRows": 1, "reasons": ["大平台回覆成功", "小平台解析失敗"]}, "timestamp": 1777271873941}
{"sessionId": "79f104", "runId": "pre-fix", "hypothesisId": "H2", "location": "Epos自動化測試工具3.0.py:delete_invoice:start", "message": "Start delete invoice", "data": {"companyId": "93367523", "invoiceNumber": "ZF25937607", "currentUrl": "https://epos.einvoice.com.tw/AS0102"}, "timestamp": 1777271873946}
{"sessionId": "79f104", "runId": "post-fix", "hypothesisId": "H2", "location": "Epos自動化測試工具3.0.py:open_ops_page:ready", "message": "Ops page ready", "data": {"currentUrl": "https://epos.einvoice.com.tw/UM0501", "openedOpsPage": true}, "timestamp": 1777271874583}
{"sessionId": "79f104", "runId": "pre-fix", "hypothesisId": "H2", "location": "Epos自動化測試工具3.0.py:delete_invoice:query_result", "message": "Delete page query result", "data": {"invoiceNumber": "ZF25937607", "rowCount": 1}, "timestamp": 1777271875244}
{"sessionId": "79f104", "runId": "pre-fix", "hypothesisId": "H4", "location": "Epos自動化測試工具3.0.py:check_and_process_invoice:start", "message": "Start process invoice", "data": {"companyId": "60366528", "invoiceNumber": "ZN95757324", "currentUrl": "https://epos.einvoice.com.tw/UM0501"}, "timestamp": 1777271875951}
{"sessionId": "79f104", "runId": "pre-fix", "hypothesisId": "H1", "location": "Epos自動化測試工具3.0.py:query_invoice_rows:start", "message": "Start invoice query", "data": {"companyId": "60366528", "invoiceNumber": "ZN95757324", "currentUrl": "https://epos.einvoice.com.tw/UM0501"}, "timestamp": 1777271875960}
{"sessionId": "79f104", "runId": "pre-fix", "hypothesisId": "H1", "location": "Epos自動化測試工具3.0.py:open_business_query_page", "message": "Opened business query page", "data": {"currentUrl": "https://epos.einvoice.com.tw/AS0102", "openedBizPage": true}, "timestamp": 1777271876828}
{"sessionId": "79f104", "runId": "pre-fix", "hypothesisId": "H3", "location": "Epos自動化測試工具3.0.py:query_invoice_rows:rows", "message": "Fetched invoice rows", "data": {"companyId": "60366528", "invoiceNumber": "ZN95757324", "rowCount": 2, "rows": [[1, "開立", "大平台回覆成功"], [2, "開立", "小平台解析失敗"]]}, "timestamp": 1777271878530}
{"sessionId": "79f104", "runId": "pre-fix", "hypothesisId": "H3", "location": "Epos自動化測試工具3.0.py:check_and_process_invoice:decision", "message": "Decision for multi rows", "data": {"invoiceNumber": "ZN95757324", "totalRows": 2, "failRows": 1, "reasons": ["大平台回覆成功", "小平台解析失敗"]}, "timestamp": 1777271878535}
{"sessionId": "79f104", "runId": "pre-fix", "hypothesisId": "H2", "location": "Epos自動化測試工具3.0.py:delete_invoice:start", "message": "Start delete invoice", "data": {"companyId": "60366528", "invoiceNumber": "ZN95757324", "currentUrl": "https://epos.einvoice.com.tw/AS0102"}, "timestamp": 1777271878540}
{"sessionId": "79f104", "runId": "post-fix", "hypothesisId": "H2", "location": "Epos自動化測試工具3.0.py:open_ops_page:ready", "message": "Ops page ready", "data": {"currentUrl": "https://epos.einvoice.com.tw/UM0501", "openedOpsPage": true}, "timestamp": 1777271879199}
{"sessionId": "79f104", "runId": "pre-fix", "hypothesisId": "H2", "location": "Epos自動化測試工具3.0.py:delete_invoice:query_result", "message": "Delete page query result", "data": {"invoiceNumber": "ZN95757324", "rowCount": 1}, "timestamp": 1777271879834}
{"sessionId": "79f104", "runId": "pre-fix", "hypothesisId": "H4", "location": "Epos自動化測試工具3.0.py:check_and_process_invoice:start", "message": "Start process invoice", "data": {"companyId": "47921127", "invoiceNumber": "ZH77214844", "currentUrl": "https://epos.einvoice.com.tw/UM0501"}, "timestamp": 1777271881021}
{"sessionId": "79f104", "runId": "pre-fix", "hypothesisId": "H1", "location": "Epos自動化測試工具3.0.py:query_invoice_rows:start", "message": "Start invoice query", "data": {"companyId": "47921127", "invoiceNumber": "ZH77214844", "currentUrl": "https://epos.einvoice.com.tw/UM0501"}, "timestamp": 1777271881026}
{"sessionId": "79f104", "runId": "pre-fix", "hypothesisId": "H1", "location": "Epos自動化測試工具3.0.py:open_business_query_page", "message": "Opened business query page", "data": {"currentUrl": "https://epos.einvoice.com.tw/AS0102", "openedBizPage": true}, "timestamp": 1777271881876}
{"sessionId": "79f104", "runId": "pre-fix", "hypothesisId": "H3", "location": "Epos自動化測試工具3.0.py:query_invoice_rows:rows", "message": "Fetched invoice rows", "data": {"companyId": "47921127", "invoiceNumber": "ZH77214844", "rowCount": 2, "rows": [[1, "開立", "大平台回覆成功"], [2, "開立", "小平台解析失敗"]]}, "timestamp": 1777271883547}
{"sessionId": "79f104", "runId": "pre-fix", "hypothesisId": "H3", "location": "Epos自動化測試工具3.0.py:check_and_process_invoice:decision", "message": "Decision for multi rows", "data": {"invoiceNumber": "ZH77214844", "totalRows": 2, "failRows": 1, "reasons": ["大平台回覆成功", "小平台解析失敗"]}, "timestamp": 1777271883550}
{"sessionId": "79f104", "runId": "pre-fix", "hypothesisId": "H2", "location": "Epos自動化測試工具3.0.py:delete_invoice:start", "message": "Start delete invoice", "data": {"companyId": "47921127", "invoiceNumber": "ZH77214844", "currentUrl": "https://epos.einvoice.com.tw/AS0102"}, "timestamp": 1777271883557}
{"sessionId": "79f104", "runId": "post-fix", "hypothesisId": "H2", "location": "Epos自動化測試工具3.0.py:open_ops_page:ready", "message": "Ops page ready", "data": {"currentUrl": "https://epos.einvoice.com.tw/UM0501", "openedOpsPage": true}, "timestamp": 1777271884183}
{"sessionId": "79f104", "runId": "pre-fix", "hypothesisId": "H2", "location": "Epos自動化測試工具3.0.py:delete_invoice:query_result", "message": "Delete page query result", "data": {"invoiceNumber": "ZH77214844", "rowCount": 1}, "timestamp": 1777271884824}
{"sessionId": "79f104", "runId": "post-fix", "hypothesisId": "H5", "location": "Epos自動化測試工具3.0.py:write_invoice_data:success", "message": "Excel write success", "data": {"path": "D:\\D\\wilsonhuang\\Worktime\\python\\epos自動化測試工具3.0\\data\\EposError.xlsx", "rows": 12}, "timestamp": 1777271885560}
{"sessionId": "79f104", "runId": "pre-fix", "hypothesisId": "H4", "location": "Epos自動化測試工具3.0.py:check_and_process_invoice:start", "message": "Start process invoice", "data": {"companyId": "31735956", "invoiceNumber": "ZJ76435998", "currentUrl": "https://epos.einvoice.com.tw/UM0501"}, "timestamp": 1777271885567}
{"sessionId": "79f104", "runId": "pre-fix", "hypothesisId": "H1", "location": "Epos自動化測試工具3.0.py:query_invoice_rows:start", "message": "Start invoice query", "data": {"companyId": "31735956", "invoiceNumber": "ZJ76435998", "currentUrl": "https://epos.einvoice.com.tw/UM0501"}, "timestamp": 1777271885572}
{"sessionId": "79f104", "runId": "pre-fix", "hypothesisId": "H1", "location": "Epos自動化測試工具3.0.py:open_business_query_page", "message": "Opened business query page", "data": {"currentUrl": "https://epos.einvoice.com.tw/AS0102", "openedBizPage": true}, "timestamp": 1777271886377}
{"sessionId": "79f104", "runId": "pre-fix", "hypothesisId": "H3", "location": "Epos自動化測試工具3.0.py:query_invoice_rows:rows", "message": "Fetched invoice rows", "data": {"companyId": "31735956", "invoiceNumber": "ZJ76435998", "rowCount": 2, "rows": [[1, "開立", "大平台回覆成功"], [2, "開立", "小平台解析失敗"]]}, "timestamp": 1777271888074}
{"sessionId": "79f104", "runId": "pre-fix", "hypothesisId": "H3", "location": "Epos自動化測試工具3.0.py:check_and_process_invoice:decision", "message": "Decision for multi rows", "data": {"invoiceNumber": "ZJ76435998", "totalRows": 2, "failRows": 1, "reasons": ["大平台回覆成功", "小平台解析失敗"]}, "timestamp": 1777271888080}
{"sessionId": "79f104", "runId": "pre-fix", "hypothesisId": "H2", "location": "Epos自動化測試工具3.0.py:delete_invoice:start", "message": "Start delete invoice", "data": {"companyId": "31735956", "invoiceNumber": "ZJ76435998", "currentUrl": "https://epos.einvoice.com.tw/AS0102"}, "timestamp": 1777271888087}
{"sessionId": "79f104", "runId": "post-fix", "hypothesisId": "H2", "location": "Epos自動化測試工具3.0.py:open_ops_page:ready", "message": "Ops page ready", "data": {"currentUrl": "https://epos.einvoice.com.tw/UM0501", "openedOpsPage": true}, "timestamp": 1777271888728}
{"sessionId": "79f104", "runId": "pre-fix", "hypothesisId": "H2", "location": "Epos自動化測試工具3.0.py:delete_invoice:query_result", "message": "Delete page query result", "data": {"invoiceNumber": "ZJ76435998", "rowCount": 1}, "timestamp": 1777271889398}
{"sessionId": "79f104", "runId": "pre-fix", "hypothesisId": "H4", "location": "Epos自動化測試工具3.0.py:check_and_process_invoice:start", "message": "Start process invoice", "data": {"companyId": "27557992", "invoiceNumber": "YY66356554", "currentUrl": "https://epos.einvoice.com.tw/UM0501"}, "timestamp": 1777271890615}
{"sessionId": "79f104", "runId": "pre-fix", "hypothesisId": "H1", "location": "Epos自動化測試工具3.0.py:query_invoice_rows:start", "message": "Start invoice query", "data": {"companyId": "27557992", "invoiceNumber": "YY66356554", "currentUrl": "https://epos.einvoice.com.tw/UM0501"}, "timestamp": 1777271890624}
{"sessionId": "79f104", "runId": "pre-fix", "hypothesisId": "H1", "location": "Epos自動化測試工具3.0.py:open_business_query_page", "message": "Opened business query page", "data": {"currentUrl": "https://epos.einvoice.com.tw/AS0102", "openedBizPage": true}, "timestamp": 1777271891526}
{"sessionId": "79f104", "runId": "pre-fix", "hypothesisId": "H3", "location": "Epos自動化測試工具3.0.py:query_invoice_rows:rows", "message": "Fetched invoice rows", "data": {"companyId": "27557992", "invoiceNumber": "YY66356554", "rowCount": 2, "rows": [[1, "作廢", "小平台解析失敗"], [2, "開立", "小平台解析失敗"]]}, "timestamp": 1777271893150}
{"sessionId": "79f104", "runId": "pre-fix", "hypothesisId": "H3", "location": "Epos自動化測試工具3.0.py:check_and_process_invoice:decision", "message": "Decision for multi rows", "data": {"invoiceNumber": "YY66356554", "totalRows": 2, "failRows": 2, "reasons": ["小平台解析失敗", "小平台解析失敗"]}, "timestamp": 1777271893155}
{"sessionId": "79f104", "runId": "pre-fix", "hypothesisId": "H2", "location": "Epos自動化測試工具3.0.py:delete_invoice:start", "message": "Start delete invoice", "data": {"companyId": "27557992", "invoiceNumber": "YY66356554", "currentUrl": "https://epos.einvoice.com.tw/AS0102"}, "timestamp": 1777271893161}
{"sessionId": "79f104", "runId": "post-fix", "hypothesisId": "H2", "location": "Epos自動化測試工具3.0.py:open_ops_page:ready", "message": "Ops page ready", "data": {"currentUrl": "https://epos.einvoice.com.tw/UM0501", "openedOpsPage": true}, "timestamp": 1777271893827}
{"sessionId": "79f104", "runId": "pre-fix", "hypothesisId": "H2", "location": "Epos自動化測試工具3.0.py:delete_invoice:query_result", "message": "Delete page query result", "data": {"invoiceNumber": "YY66356554", "rowCount": 2}, "timestamp": 1777271894490}
{"sessionId": "79f104", "runId": "pre-fix", "hypothesisId": "H2", "location": "Epos自動化測試工具3.0.py:delete_invoice:start", "message": "Start delete invoice", "data": {"companyId": "27557992", "invoiceNumber": "YY66356554", "currentUrl": "https://epos.einvoice.com.tw/UM0501"}, "timestamp": 1777271898078}
{"sessionId": "79f104", "runId": "post-fix", "hypothesisId": "H2", "location": "Epos自動化測試工具3.0.py:open_ops_page:ready", "message": "Ops page ready", "data": {"currentUrl": "https://epos.einvoice.com.tw/UM0501", "openedOpsPage": true}, "timestamp": 1777271898220}
{"sessionId": "79f104", "runId": "pre-fix", "hypothesisId": "H2", "location": "Epos自動化測試工具3.0.py:delete_invoice:query_result", "message": "Delete page query result", "data": {"invoiceNumber": "YY66356554", "rowCount": 1}, "timestamp": 1777271898874}
{"sessionId": "79f104", "runId": "pre-fix", "hypothesisId": "H4", "location": "Epos自動化測試工具3.0.py:check_and_process_invoice:start", "message": "Start process invoice", "data": {"companyId": "27557992", "invoiceNumber": "YY66356553", "currentUrl": "https://epos.einvoice.com.tw/UM0501"}, "timestamp": 1777271899591}
{"sessionId": "79f104", "runId": "pre-fix", "hypothesisId": "H1", "location": "Epos自動化測試工具3.0.py:query_invoice_rows:start", "message": "Start invoice query", "data": {"companyId": "27557992", "invoiceNumber": "YY66356553", "currentUrl": "https://epos.einvoice.com.tw/UM0501"}, "timestamp": 1777271899599}
{"sessionId": "79f104", "runId": "pre-fix", "hypothesisId": "H1", "location": "Epos自動化測試工具3.0.py:open_business_query_page", "message": "Opened business query page", "data": {"currentUrl": "https://epos.einvoice.com.tw/AS0102", "openedBizPage": true}, "timestamp": 1777271900519}
{"sessionId": "79f104", "runId": "pre-fix", "hypothesisId": "H3", "location": "Epos自動化測試工具3.0.py:query_invoice_rows:rows", "message": "Fetched invoice rows", "data": {"companyId": "27557992", "invoiceNumber": "YY66356553", "rowCount": 2, "rows": [[1, "作廢", "小平台解析失敗"], [2, "開立", "小平台解析失敗"]]}, "timestamp": 1777271902204}
{"sessionId": "79f104", "runId": "pre-fix", "hypothesisId": "H3", "location": "Epos自動化測試工具3.0.py:check_and_process_invoice:decision", "message": "Decision for multi rows", "data": {"invoiceNumber": "YY66356553", "totalRows": 2, "failRows": 2, "reasons": ["小平台解析失敗", "小平台解析失敗"]}, "timestamp": 1777271902208}
{"sessionId": "79f104", "runId": "pre-fix", "hypothesisId": "H2", "location": "Epos自動化測試工具3.0.py:delete_invoice:start", "message": "Start delete invoice", "data": {"companyId": "27557992", "invoiceNumber": "YY66356553", "currentUrl": "https://epos.einvoice.com.tw/AS0102"}, "timestamp": 1777271902219}
{"sessionId": "79f104", "runId": "post-fix", "hypothesisId": "H2", "location": "Epos自動化測試工具3.0.py:open_ops_page:ready", "message": "Ops page ready", "data": {"currentUrl": "https://epos.einvoice.com.tw/UM0501", "openedOpsPage": true}, "timestamp": 1777271902890}
{"sessionId": "79f104", "runId": "pre-fix", "hypothesisId": "H2", "location": "Epos自動化測試工具3.0.py:delete_invoice:query_result", "message": "Delete page query result", "data": {"invoiceNumber": "YY66356553", "rowCount": 2}, "timestamp": 1777271903544}
{"sessionId": "79f104", "runId": "pre-fix", "hypothesisId": "H2", "location": "Epos自動化測試工具3.0.py:delete_invoice:start", "message": "Start delete invoice", "data": {"companyId": "27557992", "invoiceNumber": "YY66356553", "currentUrl": "https://epos.einvoice.com.tw/UM0501"}, "timestamp": 1777271907105}
{"sessionId": "79f104", "runId": "post-fix", "hypothesisId": "H2", "location": "Epos自動化測試工具3.0.py:open_ops_page:ready", "message": "Ops page ready", "data": {"currentUrl": "https://epos.einvoice.com.tw/UM0501", "openedOpsPage": true}, "timestamp": 1777271907221}
{"sessionId": "79f104", "runId": "pre-fix", "hypothesisId": "H2", "location": "Epos自動化測試工具3.0.py:delete_invoice:query_result", "message": "Delete page query result", "data": {"invoiceNumber": "YY66356553", "rowCount": 1}, "timestamp": 1777271907868}
{"sessionId": "79f104", "runId": "pre-fix", "hypothesisId": "H4", "location": "Epos自動化測試工具3.0.py:check_and_process_invoice:start", "message": "Start process invoice", "data": {"companyId": "27557992", "invoiceNumber": "YY66356552", "currentUrl": "https://epos.einvoice.com.tw/UM0501"}, "timestamp": 1777271908579}
{"sessionId": "79f104", "runId": "pre-fix", "hypothesisId": "H1", "location": "Epos自動化測試工具3.0.py:query_invoice_rows:start", "message": "Start invoice query", "data": {"companyId": "27557992", "invoiceNumber": "YY66356552", "currentUrl": "https://epos.einvoice.com.tw/UM0501"}, "timestamp": 1777271908585}
{"sessionId": "79f104", "runId": "pre-fix", "hypothesisId": "H1", "location": "Epos自動化測試工具3.0.py:open_business_query_page", "message": "Opened business query page", "data": {"currentUrl": "https://epos.einvoice.com.tw/AS0102", "openedBizPage": true}, "timestamp": 1777271909474}
{"sessionId": "79f104", "runId": "pre-fix", "hypothesisId": "H3", "location": "Epos自動化測試工具3.0.py:query_invoice_rows:rows", "message": "Fetched invoice rows", "data": {"companyId": "27557992", "invoiceNumber": "YY66356552", "rowCount": 2, "rows": [[1, "開立", "小平台解析失敗"], [2, "作廢", "小平台解析失敗"]]}, "timestamp": 1777271911130}
{"sessionId": "79f104", "runId": "pre-fix", "hypothesisId": "H3", "location": "Epos自動化測試工具3.0.py:check_and_process_invoice:decision", "message": "Decision for multi rows", "data": {"invoiceNumber": "YY66356552", "totalRows": 2, "failRows": 2, "reasons": ["小平台解析失敗", "小平台解析失敗"]}, "timestamp": 1777271911134}
{"sessionId": "79f104", "runId": "pre-fix", "hypothesisId": "H2", "location": "Epos自動化測試工具3.0.py:delete_invoice:start", "message": "Start delete invoice", "data": {"companyId": "27557992", "invoiceNumber": "YY66356552", "currentUrl": "https://epos.einvoice.com.tw/AS0102"}, "timestamp": 1777271911138}
{"sessionId": "79f104", "runId": "post-fix", "hypothesisId": "H2", "location": "Epos自動化測試工具3.0.py:open_ops_page:ready", "message": "Ops page ready", "data": {"currentUrl": "https://epos.einvoice.com.tw/UM0501", "openedOpsPage": true}, "timestamp": 1777271911779}
{"sessionId": "79f104", "runId": "pre-fix", "hypothesisId": "H2", "location": "Epos自動化測試工具3.0.py:delete_invoice:query_result", "message": "Delete page query result", "data": {"invoiceNumber": "YY66356552", "rowCount": 2}, "timestamp": 1777271912449}
{"sessionId": "79f104", "runId": "pre-fix", "hypothesisId": "H2", "location": "Epos自動化測試工具3.0.py:delete_invoice:start", "message": "Start delete invoice", "data": {"companyId": "27557992", "invoiceNumber": "YY66356552", "currentUrl": "https://epos.einvoice.com.tw/UM0501"}, "timestamp": 1777271916100}
{"sessionId": "79f104", "runId": "post-fix", "hypothesisId": "H2", "location": "Epos自動化測試工具3.0.py:open_ops_page:ready", "message": "Ops page ready", "data": {"currentUrl": "https://epos.einvoice.com.tw/UM0501", "openedOpsPage": true}, "timestamp": 1777271916350}
{"sessionId": "79f104", "runId": "pre-fix", "hypothesisId": "H2", "location": "Epos自動化測試工具3.0.py:delete_invoice:query_result", "message": "Delete page query result", "data": {"invoiceNumber": "YY66356552", "rowCount": 1}, "timestamp": 1777271917056}
{"sessionId": "79f104", "runId": "pre-fix", "hypothesisId": "H4", "location": "Epos自動化測試工具3.0.py:check_and_process_invoice:start", "message": "Start process invoice", "data": {"companyId": "27557992", "invoiceNumber": "YY66356551", "currentUrl": "https://epos.einvoice.com.tw/UM0501"}, "timestamp": 1777271918336}
{"sessionId": "79f104", "runId": "pre-fix", "hypothesisId": "H1", "location": "Epos自動化測試工具3.0.py:query_invoice_rows:start", "message": "Start invoice query", "data": {"companyId": "27557992", "invoiceNumber": "YY66356551", "currentUrl": "https://epos.einvoice.com.tw/UM0501"}, "timestamp": 1777271918344}
{"sessionId": "79f104", "runId": "pre-fix", "hypothesisId": "H1", "location": "Epos自動化測試工具3.0.py:open_business_query_page", "message": "Opened business query page", "data": {"currentUrl": "https://epos.einvoice.com.tw/AS0102", "openedBizPage": true}, "timestamp": 1777271919212}
{"sessionId": "79f104", "runId": "pre-fix", "hypothesisId": "H3", "location": "Epos自動化測試工具3.0.py:query_invoice_rows:rows", "message": "Fetched invoice rows", "data": {"companyId": "27557992", "invoiceNumber": "YY66356551", "rowCount": 2, "rows": [[1, "作廢", "小平台解析失敗"], [2, "開立", "小平台解析失敗"]]}, "timestamp": 1777271920940}
{"sessionId": "79f104", "runId": "pre-fix", "hypothesisId": "H3", "location": "Epos自動化測試工具3.0.py:check_and_process_invoice:decision", "message": "Decision for multi rows", "data": {"invoiceNumber": "YY66356551", "totalRows": 2, "failRows": 2, "reasons": ["小平台解析失敗", "小平台解析失敗"]}, "timestamp": 1777271920948}
{"sessionId": "79f104", "runId": "pre-fix", "hypothesisId": "H2", "location": "Epos自動化測試工具3.0.py:delete_invoice:start", "message": "Start delete invoice", "data": {"companyId": "27557992", "invoiceNumber": "YY66356551", "currentUrl": "https://epos.einvoice.com.tw/AS0102"}, "timestamp": 1777271920956}
{"sessionId": "79f104", "runId": "post-fix", "hypothesisId": "H2", "location": "Epos自動化測試工具3.0.py:open_ops_page:ready", "message": "Ops page ready", "data": {"currentUrl": "https://epos.einvoice.com.tw/UM0501", "openedOpsPage": true}, "timestamp": 1777271921605}
{"sessionId": "79f104", "runId": "pre-fix", "hypothesisId": "H2", "location": "Epos自動化測試工具3.0.py:delete_invoice:query_result", "message": "Delete page query result", "data": {"invoiceNumber": "YY66356551", "rowCount": 2}, "timestamp": 1777271922275}
{"sessionId": "79f104", "runId": "pre-fix", "hypothesisId": "H2", "location": "Epos自動化測試工具3.0.py:delete_invoice:start", "message": "Start delete invoice", "data": {"companyId": "27557992", "invoiceNumber": "YY66356551", "currentUrl": "https://epos.einvoice.com.tw/UM0501"}, "timestamp": 1777271925847}
{"sessionId": "79f104", "runId": "post-fix", "hypothesisId": "H2", "location": "Epos自動化測試工具3.0.py:open_ops_page:ready", "message": "Ops page ready", "data": {"currentUrl": "https://epos.einvoice.com.tw/UM0501", "openedOpsPage": true}, "timestamp": 1777271925977}
{"sessionId": "79f104", "runId": "pre-fix", "hypothesisId": "H2", "location": "Epos自動化測試工具3.0.py:delete_invoice:query_result", "message": "Delete page query result", "data": {"invoiceNumber": "YY66356551", "rowCount": 1}, "timestamp": 1777271926667}
{"sessionId": "79f104", "runId": "post-fix", "hypothesisId": "H5", "location": "Epos自動化測試工具3.0.py:write_invoice_data:success", "message": "Excel write success", "data": {"path": "D:\\D\\wilsonhuang\\Worktime\\python\\epos自動化測試工具3.0\\data\\EposError.xlsx", "rows": 7}, "timestamp": 1777271927432}
{"sessionId": "79f104", "runId": "pre-fix", "hypothesisId": "H4", "location": "Epos自動化測試工具3.0.py:check_and_process_invoice:start", "message": "Start process invoice", "data": {"companyId": "27557992", "invoiceNumber": "YY66356550", "currentUrl": "https://epos.einvoice.com.tw/UM0501"}, "timestamp": 1777271927437}
{"sessionId": "79f104", "runId": "pre-fix", "hypothesisId": "H1", "location": "Epos自動化測試工具3.0.py:query_invoice_rows:start", "message": "Start invoice query", "data": {"companyId": "27557992", "invoiceNumber": "YY66356550", "currentUrl": "https://epos.einvoice.com.tw/UM0501"}, "timestamp": 1777271927442}
{"sessionId": "79f104", "runId": "pre-fix", "hypothesisId": "H1", "location": "Epos自動化測試工具3.0.py:open_business_query_page", "message": "Opened business query page", "data": {"currentUrl": "https://epos.einvoice.com.tw/AS0102", "openedBizPage": true}, "timestamp": 1777271928264}
{"sessionId": "79f104", "runId": "pre-fix", "hypothesisId": "H3", "location": "Epos自動化測試工具3.0.py:query_invoice_rows:rows", "message": "Fetched invoice rows", "data": {"companyId": "27557992", "invoiceNumber": "YY66356550", "rowCount": 2, "rows": [[1, "開立", "小平台解析失敗"], [2, "作廢", "小平台解析失敗"]]}, "timestamp": 1777271929943}
{"sessionId": "79f104", "runId": "pre-fix", "hypothesisId": "H3", "location": "Epos自動化測試工具3.0.py:check_and_process_invoice:decision", "message": "Decision for multi rows", "data": {"invoiceNumber": "YY66356550", "totalRows": 2, "failRows": 2, "reasons": ["小平台解析失敗", "小平台解析失敗"]}, "timestamp": 1777271929947}
{"sessionId": "79f104", "runId": "pre-fix", "hypothesisId": "H2", "location": "Epos自動化測試工具3.0.py:delete_invoice:start", "message": "Start delete invoice", "data": {"companyId": "27557992", "invoiceNumber": "YY66356550", "currentUrl": "https://epos.einvoice.com.tw/AS0102"}, "timestamp": 1777271929957}
{"sessionId": "79f104", "runId": "post-fix", "hypothesisId": "H2", "location": "Epos自動化測試工具3.0.py:open_ops_page:ready", "message": "Ops page ready", "data": {"currentUrl": "https://epos.einvoice.com.tw/UM0501", "openedOpsPage": true}, "timestamp": 1777271930612}
{"sessionId": "79f104", "runId": "pre-fix", "hypothesisId": "H2", "location": "Epos自動化測試工具3.0.py:delete_invoice:query_result", "message": "Delete page query result", "data": {"invoiceNumber": "YY66356550", "rowCount": 2}, "timestamp": 1777271931323}
{"sessionId": "79f104", "runId": "pre-fix", "hypothesisId": "H2", "location": "Epos自動化測試工具3.0.py:delete_invoice:start", "message": "Start delete invoice", "data": {"companyId": "27557992", "invoiceNumber": "YY66356550", "currentUrl": "https://epos.einvoice.com.tw/UM0501"}, "timestamp": 1777271934875}
{"sessionId": "79f104", "runId": "post-fix", "hypothesisId": "H2", "location": "Epos自動化測試工具3.0.py:open_ops_page:ready", "message": "Ops page ready", "data": {"currentUrl": "https://epos.einvoice.com.tw/UM0501", "openedOpsPage": true}, "timestamp": 1777271934992}
{"sessionId": "79f104", "runId": "pre-fix", "hypothesisId": "H2", "location": "Epos自動化測試工具3.0.py:delete_invoice:query_result", "message": "Delete page query result", "data": {"invoiceNumber": "YY66356550", "rowCount": 1}, "timestamp": 1777271935651}
{"sessionId": "79f104", "runId": "pre-fix", "hypothesisId": "H4", "location": "Epos自動化測試工具3.0.py:check_and_process_invoice:start", "message": "Start process invoice", "data": {"companyId": "80051906", "invoiceNumber": "ZL25808107", "currentUrl": "https://epos.einvoice.com.tw/UM0501"}, "timestamp": 1777271936392}
{"sessionId": "79f104", "runId": "pre-fix", "hypothesisId": "H1", "location": "Epos自動化測試工具3.0.py:query_invoice_rows:start", "message": "Start invoice query", "data": {"companyId": "80051906", "invoiceNumber": "ZL25808107", "currentUrl": "https://epos.einvoice.com.tw/UM0501"}, "timestamp": 1777271936399}
{"sessionId": "79f104", "runId": "pre-fix", "hypothesisId": "H1", "location": "Epos自動化測試工具3.0.py:open_business_query_page", "message": "Opened business query page", "data": {"currentUrl": "https://epos.einvoice.com.tw/AS0102", "openedBizPage": true}, "timestamp": 1777271937301}
{"sessionId": "79f104", "runId": "pre-fix", "hypothesisId": "H3", "location": "Epos自動化測試工具3.0.py:query_invoice_rows:rows", "message": "Fetched invoice rows", "data": {"companyId": "80051906", "invoiceNumber": "ZL25808107", "rowCount": 2, "rows": [[1, "開立", "大平台回覆成功"], [2, "開立", "小平台解析失敗"]]}, "timestamp": 1777271939005}
{"sessionId": "79f104", "runId": "pre-fix", "hypothesisId": "H3", "location": "Epos自動化測試工具3.0.py:check_and_process_invoice:decision", "message": "Decision for multi rows", "data": {"invoiceNumber": "ZL25808107", "totalRows": 2, "failRows": 1, "reasons": ["大平台回覆成功", "小平台解析失敗"]}, "timestamp": 1777271939018}
{"sessionId": "79f104", "runId": "pre-fix", "hypothesisId": "H2", "location": "Epos自動化測試工具3.0.py:delete_invoice:start", "message": "Start delete invoice", "data": {"companyId": "80051906", "invoiceNumber": "ZL25808107", "currentUrl": "https://epos.einvoice.com.tw/AS0102"}, "timestamp": 1777271939025}
{"sessionId": "79f104", "runId": "post-fix", "hypothesisId": "H2", "location": "Epos自動化測試工具3.0.py:open_ops_page:ready", "message": "Ops page ready", "data": {"currentUrl": "https://epos.einvoice.com.tw/UM0501", "openedOpsPage": true}, "timestamp": 1777271939675}
{"sessionId": "79f104", "runId": "pre-fix", "hypothesisId": "H2", "location": "Epos自動化測試工具3.0.py:delete_invoice:query_result", "message": "Delete page query result", "data": {"invoiceNumber": "ZL25808107", "rowCount": 1}, "timestamp": 1777271940343}
{"sessionId": "79f104", "runId": "pre-fix", "hypothesisId": "H4", "location": "Epos自動化測試工具3.0.py:check_and_process_invoice:start", "message": "Start process invoice", "data": {"companyId": "25189698", "invoiceNumber": "ZF76718570", "currentUrl": "https://epos.einvoice.com.tw/UM0501"}, "timestamp": 1777271941044}
{"sessionId": "79f104", "runId": "pre-fix", "hypothesisId": "H1", "location": "Epos自動化測試工具3.0.py:query_invoice_rows:start", "message": "Start invoice query", "data": {"companyId": "25189698", "invoiceNumber": "ZF76718570", "currentUrl": "https://epos.einvoice.com.tw/UM0501"}, "timestamp": 1777271941053}
{"sessionId": "79f104", "runId": "pre-fix", "hypothesisId": "H1", "location": "Epos自動化測試工具3.0.py:open_business_query_page", "message": "Opened business query page", "data": {"currentUrl": "https://epos.einvoice.com.tw/AS0102", "openedBizPage": true}, "timestamp": 1777271941959}
{"sessionId": "79f104", "runId": "pre-fix", "hypothesisId": "H3", "location": "Epos自動化測試工具3.0.py:query_invoice_rows:rows", "message": "Fetched invoice rows", "data": {"companyId": "25189698", "invoiceNumber": "ZF76718570", "rowCount": 2, "rows": [[1, "開立", "大平台回覆成功"], [2, "開立", "小平台解析失敗"]]}, "timestamp": 1777271943661}
{"sessionId": "79f104", "runId": "pre-fix", "hypothesisId": "H3", "location": "Epos自動化測試工具3.0.py:check_and_process_invoice:decision", "message": "Decision for multi rows", "data": {"invoiceNumber": "ZF76718570", "totalRows": 2, "failRows": 1, "reasons": ["大平台回覆成功", "小平台解析失敗"]}, "timestamp": 1777271943670}
{"sessionId": "79f104", "runId": "pre-fix", "hypothesisId": "H2", "location": "Epos自動化測試工具3.0.py:delete_invoice:start", "message": "Start delete invoice", "data": {"companyId": "25189698", "invoiceNumber": "ZF76718570", "currentUrl": "https://epos.einvoice.com.tw/AS0102"}, "timestamp": 1777271943677}
{"sessionId": "79f104", "runId": "post-fix", "hypothesisId": "H2", "location": "Epos自動化測試工具3.0.py:open_ops_page:ready", "message": "Ops page ready", "data": {"currentUrl": "https://epos.einvoice.com.tw/UM0501", "openedOpsPage": true}, "timestamp": 1777271944326}
{"sessionId": "79f104", "runId": "pre-fix", "hypothesisId": "H2", "location": "Epos自動化測試工具3.0.py:delete_invoice:query_result", "message": "Delete page query result", "data": {"invoiceNumber": "ZF76718570", "rowCount": 1}, "timestamp": 1777271945003}
{"sessionId": "79f104", "runId": "pre-fix", "hypothesisId": "H4", "location": "Epos自動化測試工具3.0.py:check_and_process_invoice:start", "message": "Start process invoice", "data": {"companyId": "25189698", "invoiceNumber": "ZF76718569", "currentUrl": "https://epos.einvoice.com.tw/UM0501"}, "timestamp": 1777271945718}
{"sessionId": "79f104", "runId": "pre-fix", "hypothesisId": "H1", "location": "Epos自動化測試工具3.0.py:query_invoice_rows:start", "message": "Start invoice query", "data": {"companyId": "25189698", "invoiceNumber": "ZF76718569", "currentUrl": "https://epos.einvoice.com.tw/UM0501"}, "timestamp": 1777271945726}
{"sessionId": "79f104", "runId": "pre-fix", "hypothesisId": "H1", "location": "Epos自動化測試工具3.0.py:open_business_query_page", "message": "Opened business query page", "data": {"currentUrl": "https://epos.einvoice.com.tw/AS0102", "openedBizPage": true}, "timestamp": 1777271946686}
{"sessionId": "79f104", "runId": "pre-fix", "hypothesisId": "H3", "location": "Epos自動化測試工具3.0.py:query_invoice_rows:rows", "message": "Fetched invoice rows", "data": {"companyId": "25189698", "invoiceNumber": "ZF76718569", "rowCount": 2, "rows": [[1, "開立", "小平台解析失敗"], [2, "開立", "大平台回覆成功"]]}, "timestamp": 1777271948438}
{"sessionId": "79f104", "runId": "pre-fix", "hypothesisId": "H3", "location": "Epos自動化測試工具3.0.py:check_and_process_invoice:decision", "message": "Decision for multi rows", "data": {"invoiceNumber": "ZF76718569", "totalRows": 2, "failRows": 1, "reasons": ["小平台解析失敗", "大平台回覆成功"]}, "timestamp": 1777271948445}
{"sessionId": "79f104", "runId": "pre-fix", "hypothesisId": "H2", "location": "Epos自動化測試工具3.0.py:delete_invoice:start", "message": "Start delete invoice", "data": {"companyId": "25189698", "invoiceNumber": "ZF76718569", "currentUrl": "https://epos.einvoice.com.tw/AS0102"}, "timestamp": 1777271948456}
{"sessionId": "79f104", "runId": "post-fix", "hypothesisId": "H2", "location": "Epos自動化測試工具3.0.py:open_ops_page:ready", "message": "Ops page ready", "data": {"currentUrl": "https://epos.einvoice.com.tw/UM0501", "openedOpsPage": true}, "timestamp": 1777271949110}
{"sessionId": "79f104", "runId": "pre-fix", "hypothesisId": "H2", "location": "Epos自動化測試工具3.0.py:delete_invoice:query_result", "message": "Delete page query result", "data": {"invoiceNumber": "ZF76718569", "rowCount": 1}, "timestamp": 1777271949761}
{"sessionId": "79f104", "runId": "pre-fix", "hypothesisId": "H4", "location": "Epos自動化測試工具3.0.py:check_and_process_invoice:start", "message": "Start process invoice", "data": {"companyId": "25189698", "invoiceNumber": "ZF76718568", "currentUrl": "https://epos.einvoice.com.tw/UM0501"}, "timestamp": 1777271950483}
{"sessionId": "79f104", "runId": "pre-fix", "hypothesisId": "H1", "location": "Epos自動化測試工具3.0.py:query_invoice_rows:start", "message": "Start invoice query", "data": {"companyId": "25189698", "invoiceNumber": "ZF76718568", "currentUrl": "https://epos.einvoice.com.tw/UM0501"}, "timestamp": 1777271950491}
{"sessionId": "79f104", "runId": "pre-fix", "hypothesisId": "H1", "location": "Epos自動化測試工具3.0.py:open_business_query_page", "message": "Opened business query page", "data": {"currentUrl": "https://epos.einvoice.com.tw/AS0102", "openedBizPage": true}, "timestamp": 1777271951378}
{"sessionId": "79f104", "runId": "pre-fix", "hypothesisId": "H3", "location": "Epos自動化測試工具3.0.py:query_invoice_rows:rows", "message": "Fetched invoice rows", "data": {"companyId": "25189698", "invoiceNumber": "ZF76718568", "rowCount": 2, "rows": [[1, "開立", "小平台解析失敗"], [2, "開立", "大平台回覆成功"]]}, "timestamp": 1777271953032}
{"sessionId": "79f104", "runId": "pre-fix", "hypothesisId": "H3", "location": "Epos自動化測試工具3.0.py:check_and_process_invoice:decision", "message": "Decision for multi rows", "data": {"invoiceNumber": "ZF76718568", "totalRows": 2, "failRows": 1, "reasons": ["小平台解析失敗", "大平台回覆成功"]}, "timestamp": 1777271953036}
{"sessionId": "79f104", "runId": "pre-fix", "hypothesisId": "H2", "location": "Epos自動化測試工具3.0.py:delete_invoice:start", "message": "Start delete invoice", "data": {"companyId": "25189698", "invoiceNumber": "ZF76718568", "currentUrl": "https://epos.einvoice.com.tw/AS0102"}, "timestamp": 1777271953041}
{"sessionId": "79f104", "runId": "post-fix", "hypothesisId": "H2", "location": "Epos自動化測試工具3.0.py:open_ops_page:ready", "message": "Ops page ready", "data": {"currentUrl": "https://epos.einvoice.com.tw/UM0501", "openedOpsPage": true}, "timestamp": 1777271953715}
{"sessionId": "79f104", "runId": "pre-fix", "hypothesisId": "H2", "location": "Epos自動化測試工具3.0.py:delete_invoice:query_result", "message": "Delete page query result", "data": {"invoiceNumber": "ZF76718568", "rowCount": 1}, "timestamp": 1777271954434}
{"sessionId": "79f104", "runId": "post-fix", "hypothesisId": "H5", "location": "Epos自動化測試工具3.0.py:write_invoice_data:success", "message": "Excel write success", "data": {"path": "D:\\D\\wilsonhuang\\Worktime\\python\\epos自動化測試工具3.0\\data\\EposError.xlsx", "rows": 2}, "timestamp": 1777271955167}
{"sessionId": "79f104", "runId": "pre-fix", "hypothesisId": "H4", "location": "Epos自動化測試工具3.0.py:check_and_process_invoice:start", "message": "Start process invoice", "data": {"companyId": "25189698", "invoiceNumber": "ZF76718567", "currentUrl": "https://epos.einvoice.com.tw/UM0501"}, "timestamp": 1777271955176}
{"sessionId": "79f104", "runId": "pre-fix", "hypothesisId": "H1", "location": "Epos自動化測試工具3.0.py:query_invoice_rows:start", "message": "Start invoice query", "data": {"companyId": "25189698", "invoiceNumber": "ZF76718567", "currentUrl": "https://epos.einvoice.com.tw/UM0501"}, "timestamp": 1777271955186}
{"sessionId": "79f104", "runId": "pre-fix", "hypothesisId": "H1", "location": "Epos自動化測試工具3.0.py:open_business_query_page", "message": "Opened business query page", "data": {"currentUrl": "https://epos.einvoice.com.tw/AS0102", "openedBizPage": true}, "timestamp": 1777271956032}
{"sessionId": "79f104", "runId": "pre-fix", "hypothesisId": "H3", "location": "Epos自動化測試工具3.0.py:query_invoice_rows:rows", "message": "Fetched invoice rows", "data": {"companyId": "25189698", "invoiceNumber": "ZF76718567", "rowCount": 2, "rows": [[1, "開立", "大平台回覆成功"], [2, "開立", "小平台解析失敗"]]}, "timestamp": 1777271957748}
{"sessionId": "79f104", "runId": "pre-fix", "hypothesisId": "H3", "location": "Epos自動化測試工具3.0.py:check_and_process_invoice:decision", "message": "Decision for multi rows", "data": {"invoiceNumber": "ZF76718567", "totalRows": 2, "failRows": 1, "reasons": ["大平台回覆成功", "小平台解析失敗"]}, "timestamp": 1777271957752}
{"sessionId": "79f104", "runId": "pre-fix", "hypothesisId": "H2", "location": "Epos自動化測試工具3.0.py:delete_invoice:start", "message": "Start delete invoice", "data": {"companyId": "25189698", "invoiceNumber": "ZF76718567", "currentUrl": "https://epos.einvoice.com.tw/AS0102"}, "timestamp": 1777271957759}
{"sessionId": "79f104", "runId": "post-fix", "hypothesisId": "H2", "location": "Epos自動化測試工具3.0.py:open_ops_page:ready", "message": "Ops page ready", "data": {"currentUrl": "https://epos.einvoice.com.tw/UM0501", "openedOpsPage": true}, "timestamp": 1777271958494}
{"sessionId": "79f104", "runId": "pre-fix", "hypothesisId": "H2", "location": "Epos自動化測試工具3.0.py:delete_invoice:query_result", "message": "Delete page query result", "data": {"invoiceNumber": "ZF76718567", "rowCount": 1}, "timestamp": 1777271959186}
{"sessionId": "79f104", "runId": "pre-fix", "hypothesisId": "H4", "location": "Epos自動化測試工具3.0.py:check_and_process_invoice:start", "message": "Start process invoice", "data": {"companyId": "25189698", "invoiceNumber": "ZF76718566", "currentUrl": "https://epos.einvoice.com.tw/UM0501"}, "timestamp": 1777271959918}
{"sessionId": "79f104", "runId": "pre-fix", "hypothesisId": "H1", "location": "Epos自動化測試工具3.0.py:query_invoice_rows:start", "message": "Start invoice query", "data": {"companyId": "25189698", "invoiceNumber": "ZF76718566", "currentUrl": "https://epos.einvoice.com.tw/UM0501"}, "timestamp": 1777271959928}
{"sessionId": "79f104", "runId": "pre-fix", "hypothesisId": "H1", "location": "Epos自動化測試工具3.0.py:open_business_query_page", "message": "Opened business query page", "data": {"currentUrl": "https://epos.einvoice.com.tw/AS0102", "openedBizPage": true}, "timestamp": 1777271960794}
{"sessionId": "79f104", "runId": "pre-fix", "hypothesisId": "H3", "location": "Epos自動化測試工具3.0.py:query_invoice_rows:rows", "message": "Fetched invoice rows", "data": {"companyId": "25189698", "invoiceNumber": "ZF76718566", "rowCount": 2, "rows": [[1, "開立", "小平台解析失敗"], [2, "開立", "大平台回覆成功"]]}, "timestamp": 1777271962447}
{"sessionId": "79f104", "runId": "pre-fix", "hypothesisId": "H3", "location": "Epos自動化測試工具3.0.py:check_and_process_invoice:decision", "message": "Decision for multi rows", "data": {"invoiceNumber": "ZF76718566", "totalRows": 2, "failRows": 1, "reasons": ["小平台解析失敗", "大平台回覆成功"]}, "timestamp": 1777271962452}
{"sessionId": "79f104", "runId": "pre-fix", "hypothesisId": "H2", "location": "Epos自動化測試工具3.0.py:delete_invoice:start", "message": "Start delete invoice", "data": {"companyId": "25189698", "invoiceNumber": "ZF76718566", "currentUrl": "https://epos.einvoice.com.tw/AS0102"}, "timestamp": 1777271962459}
{"sessionId": "79f104", "runId": "post-fix", "hypothesisId": "H2", "location": "Epos自動化測試工具3.0.py:open_ops_page:ready", "message": "Ops page ready", "data": {"currentUrl": "https://epos.einvoice.com.tw/UM0501", "openedOpsPage": true}, "timestamp": 1777271963120}
{"sessionId": "79f104", "runId": "pre-fix", "hypothesisId": "H2", "location": "Epos自動化測試工具3.0.py:delete_invoice:query_result", "message": "Delete page query result", "data": {"invoiceNumber": "ZF76718566", "rowCount": 1}, "timestamp": 1777271963769}
{"sessionId": "79f104", "runId": "post-fix", "hypothesisId": "H5", "location": "Epos自動化測試工具3.0.py:write_invoice_data:success", "message": "Excel write success", "data": {"path": "D:\\D\\wilsonhuang\\Worktime\\python\\epos自動化測試工具3.0\\data\\EposError.xlsx", "rows": 0}, "timestamp": 1777271964501}
{"sessionId": "79f104", "runId": "pre-fix", "hypothesisId": "H4", "location": "Epos自動化測試工具3.0.py:check_and_process_invoice:start", "message": "Start process invoice", "data": {"companyId": "00620146", "invoiceNumber": "ZN67584852", "currentUrl": "https://epos.einvoice.com.tw/Welcome"}, "timestamp": 1777343966861}
{"sessionId": "79f104", "runId": "pre-fix", "hypothesisId": "H1", "location": "Epos自動化測試工具3.0.py:query_invoice_rows:start", "message": "Start invoice query", "data": {"companyId": "00620146", "invoiceNumber": "ZN67584852", "currentUrl": "https://epos.einvoice.com.tw/Welcome"}, "timestamp": 1777343966868}
{"sessionId": "79f104", "runId": "pre-fix", "hypothesisId": "H1", "location": "Epos自動化測試工具3.0.py:open_business_query_page", "message": "Opened business query page", "data": {"currentUrl": "https://epos.einvoice.com.tw/AS0102", "openedBizPage": true}, "timestamp": 1777343967781}
{"sessionId": "79f104", "runId": "pre-fix", "hypothesisId": "H3", "location": "Epos自動化測試工具3.0.py:query_invoice_rows:rows", "message": "Fetched invoice rows", "data": {"companyId": "00620146", "invoiceNumber": "ZN67584852", "rowCount": 2, "rows": [[1, "開立", "小平台解析失敗"], [2, "開立", "大平台回覆成功"]]}, "timestamp": 1777343969626}
{"sessionId": "79f104", "runId": "pre-fix", "hypothesisId": "H3", "location": "Epos自動化測試工具3.0.py:check_and_process_invoice:decision", "message": "Decision for multi rows", "data": {"invoiceNumber": "ZN67584852", "totalRows": 2, "failRows": 1, "reasons": ["小平台解析失敗", "大平台回覆成功"]}, "timestamp": 1777343969631}
{"sessionId": "79f104", "runId": "pre-fix", "hypothesisId": "H2", "location": "Epos自動化測試工具3.0.py:delete_invoice:start", "message": "Start delete invoice", "data": {"companyId": "00620146", "invoiceNumber": "ZN67584852", "currentUrl": "https://epos.einvoice.com.tw/AS0102"}, "timestamp": 1777343969640}
{"sessionId": "79f104", "runId": "post-fix", "hypothesisId": "H2", "location": "Epos自動化測試工具3.0.py:open_ops_page:ready", "message": "Ops page ready", "data": {"currentUrl": "https://epos.einvoice.com.tw/UM0501", "openedOpsPage": true}, "timestamp": 1777343970399}
{"sessionId": "79f104", "runId": "pre-fix", "hypothesisId": "H2", "location": "Epos自動化測試工具3.0.py:delete_invoice:query_result", "message": "Delete page query result", "data": {"invoiceNumber": "ZN67584852", "rowCount": 1}, "timestamp": 1777343971234}
{"sessionId": "79f104", "runId": "pre-fix", "hypothesisId": "H4", "location": "Epos自動化測試工具3.0.py:check_and_process_invoice:start", "message": "Start process invoice", "data": {"companyId": "38570607", "invoiceNumber": "YZ24547004", "currentUrl": "https://epos.einvoice.com.tw/UM0501"}, "timestamp": 1777343972018}
{"sessionId": "79f104", "runId": "pre-fix", "hypothesisId": "H1", "location": "Epos自動化測試工具3.0.py:query_invoice_rows:start", "message": "Start invoice query", "data": {"companyId": "38570607", "invoiceNumber": "YZ24547004", "currentUrl": "https://epos.einvoice.com.tw/UM0501"}, "timestamp": 1777343972026}
{"sessionId": "79f104", "runId": "pre-fix", "hypothesisId": "H1", "location": "Epos自動化測試工具3.0.py:open_business_query_page", "message": "Opened business query page", "data": {"currentUrl": "https://epos.einvoice.com.tw/AS0102", "openedBizPage": true}, "timestamp": 1777343972940}
{"sessionId": "79f104", "runId": "pre-fix", "hypothesisId": "H3", "location": "Epos自動化測試工具3.0.py:query_invoice_rows:rows", "message": "Fetched invoice rows", "data": {"companyId": "38570607", "invoiceNumber": "YZ24547004", "rowCount": 2, "rows": [[1, "開立", "大平台回覆成功"], [2, "開立", "小平台解析失敗"]]}, "timestamp": 1777343974618}
{"sessionId": "79f104", "runId": "pre-fix", "hypothesisId": "H3", "location": "Epos自動化測試工具3.0.py:check_and_process_invoice:decision", "message": "Decision for multi rows", "data": {"invoiceNumber": "YZ24547004", "totalRows": 2, "failRows": 1, "reasons": ["大平台回覆成功", "小平台解析失敗"]}, "timestamp": 1777343974622}
{"sessionId": "79f104", "runId": "pre-fix", "hypothesisId": "H2", "location": "Epos自動化測試工具3.0.py:delete_invoice:start", "message": "Start delete invoice", "data": {"companyId": "38570607", "invoiceNumber": "YZ24547004", "currentUrl": "https://epos.einvoice.com.tw/AS0102"}, "timestamp": 1777343974631}
{"sessionId": "79f104", "runId": "post-fix", "hypothesisId": "H2", "location": "Epos自動化測試工具3.0.py:open_ops_page:ready", "message": "Ops page ready", "data": {"currentUrl": "https://epos.einvoice.com.tw/UM0501", "openedOpsPage": true}, "timestamp": 1777343975282}
{"sessionId": "79f104", "runId": "pre-fix", "hypothesisId": "H2", "location": "Epos自動化測試工具3.0.py:delete_invoice:query_result", "message": "Delete page query result", "data": {"invoiceNumber": "YZ24547004", "rowCount": 1}, "timestamp": 1777343975951}
{"sessionId": "79f104", "runId": "pre-fix", "hypothesisId": "H4", "location": "Epos自動化測試工具3.0.py:check_and_process_invoice:start", "message": "Start process invoice", "data": {"companyId": "38570607", "invoiceNumber": "YZ24547001", "currentUrl": "https://epos.einvoice.com.tw/UM0501"}, "timestamp": 1777343976655}
{"sessionId": "79f104", "runId": "pre-fix", "hypothesisId": "H1", "location": "Epos自動化測試工具3.0.py:query_invoice_rows:start", "message": "Start invoice query", "data": {"companyId": "38570607", "invoiceNumber": "YZ24547001", "currentUrl": "https://epos.einvoice.com.tw/UM0501"}, "timestamp": 1777343976665}
{"sessionId": "79f104", "runId": "pre-fix", "hypothesisId": "H1", "location": "Epos自動化測試工具3.0.py:open_business_query_page", "message": "Opened business query page", "data": {"currentUrl": "https://epos.einvoice.com.tw/AS0102", "openedBizPage": true}, "timestamp": 1777343977591}
{"sessionId": "79f104", "runId": "pre-fix", "hypothesisId": "H3", "location": "Epos自動化測試工具3.0.py:query_invoice_rows:rows", "message": "Fetched invoice rows", "data": {"companyId": "38570607", "invoiceNumber": "YZ24547001", "rowCount": 2, "rows": [[1, "開立", "大平台回覆成功"], [2, "開立", "小平台解析失敗"]]}, "timestamp": 1777343979315}
{"sessionId": "79f104", "runId": "pre-fix", "hypothesisId": "H3", "location": "Epos自動化測試工具3.0.py:check_and_process_invoice:decision", "message": "Decision for multi rows", "data": {"invoiceNumber": "YZ24547001", "totalRows": 2, "failRows": 1, "reasons": ["大平台回覆成功", "小平台解析失敗"]}, "timestamp": 1777343979322}
{"sessionId": "79f104", "runId": "pre-fix", "hypothesisId": "H2", "location": "Epos自動化測試工具3.0.py:delete_invoice:start", "message": "Start delete invoice", "data": {"companyId": "38570607", "invoiceNumber": "YZ24547001", "currentUrl": "https://epos.einvoice.com.tw/AS0102"}, "timestamp": 1777343979331}
{"sessionId": "79f104", "runId": "post-fix", "hypothesisId": "H2", "location": "Epos自動化測試工具3.0.py:open_ops_page:ready", "message": "Ops page ready", "data": {"currentUrl": "https://epos.einvoice.com.tw/UM0501", "openedOpsPage": true}, "timestamp": 1777343980041}
{"sessionId": "79f104", "runId": "pre-fix", "hypothesisId": "H2", "location": "Epos自動化測試工具3.0.py:delete_invoice:query_result", "message": "Delete page query result", "data": {"invoiceNumber": "YZ24547001", "rowCount": 1}, "timestamp": 1777343980799}
{"sessionId": "79f104", "runId": "pre-fix", "hypothesisId": "H4", "location": "Epos自動化測試工具3.0.py:check_and_process_invoice:start", "message": "Start process invoice", "data": {"companyId": "38570607", "invoiceNumber": "YZ24547002", "currentUrl": "https://epos.einvoice.com.tw/UM0501"}, "timestamp": 1777343981558}
{"sessionId": "79f104", "runId": "pre-fix", "hypothesisId": "H1", "location": "Epos自動化測試工具3.0.py:query_invoice_rows:start", "message": "Start invoice query", "data": {"companyId": "38570607", "invoiceNumber": "YZ24547002", "currentUrl": "https://epos.einvoice.com.tw/UM0501"}, "timestamp": 1777343981569}
{"sessionId": "79f104", "runId": "pre-fix", "hypothesisId": "H1", "location": "Epos自動化測試工具3.0.py:open_business_query_page", "message": "Opened business query page", "data": {"currentUrl": "https://epos.einvoice.com.tw/AS0102", "openedBizPage": true}, "timestamp": 1777343982470}
{"sessionId": "79f104", "runId": "pre-fix", "hypothesisId": "H3", "location": "Epos自動化測試工具3.0.py:query_invoice_rows:rows", "message": "Fetched invoice rows", "data": {"companyId": "38570607", "invoiceNumber": "YZ24547002", "rowCount": 2, "rows": [[1, "開立", "大平台回覆成功"], [2, "開立", "小平台解析失敗"]]}, "timestamp": 1777343984140}
{"sessionId": "79f104", "runId": "pre-fix", "hypothesisId": "H3", "location": "Epos自動化測試工具3.0.py:check_and_process_invoice:decision", "message": "Decision for multi rows", "data": {"invoiceNumber": "YZ24547002", "totalRows": 2, "failRows": 1, "reasons": ["大平台回覆成功", "小平台解析失敗"]}, "timestamp": 1777343984145}
{"sessionId": "79f104", "runId": "pre-fix", "hypothesisId": "H2", "location": "Epos自動化測試工具3.0.py:delete_invoice:start", "message": "Start delete invoice", "data": {"companyId": "38570607", "invoiceNumber": "YZ24547002", "currentUrl": "https://epos.einvoice.com.tw/AS0102"}, "timestamp": 1777343984155}
{"sessionId": "79f104", "runId": "post-fix", "hypothesisId": "H2", "location": "Epos自動化測試工具3.0.py:open_ops_page:ready", "message": "Ops page ready", "data": {"currentUrl": "https://epos.einvoice.com.tw/UM0501", "openedOpsPage": true}, "timestamp": 1777343984868}
{"sessionId": "79f104", "runId": "pre-fix", "hypothesisId": "H2", "location": "Epos自動化測試工具3.0.py:delete_invoice:query_result", "message": "Delete page query result", "data": {"invoiceNumber": "YZ24547002", "rowCount": 1}, "timestamp": 1777343985576}
{"sessionId": "79f104", "runId": "pre-fix", "hypothesisId": "H4", "location": "Epos自動化測試工具3.0.py:check_and_process_invoice:start", "message": "Start process invoice", "data": {"companyId": "38570607", "invoiceNumber": "YZ24547003", "currentUrl": "https://epos.einvoice.com.tw/UM0501"}, "timestamp": 1777343986304}
{"sessionId": "79f104", "runId": "pre-fix", "hypothesisId": "H1", "location": "Epos自動化測試工具3.0.py:query_invoice_rows:start", "message": "Start invoice query", "data": {"companyId": "38570607", "invoiceNumber": "YZ24547003", "currentUrl": "https://epos.einvoice.com.tw/UM0501"}, "timestamp": 1777343986310}
{"sessionId": "79f104", "runId": "pre-fix", "hypothesisId": "H1", "location": "Epos自動化測試工具3.0.py:open_business_query_page", "message": "Opened business query page", "data": {"currentUrl": "https://epos.einvoice.com.tw/AS0102", "openedBizPage": true}, "timestamp": 1777343987223}
{"sessionId": "79f104", "runId": "pre-fix", "hypothesisId": "H3", "location": "Epos自動化測試工具3.0.py:query_invoice_rows:rows", "message": "Fetched invoice rows", "data": {"companyId": "38570607", "invoiceNumber": "YZ24547003", "rowCount": 2, "rows": [[1, "開立", "大平台回覆成功"], [2, "開立", "小平台解析失敗"]]}, "timestamp": 1777343988916}
{"sessionId": "79f104", "runId": "pre-fix", "hypothesisId": "H3", "location": "Epos自動化測試工具3.0.py:check_and_process_invoice:decision", "message": "Decision for multi rows", "data": {"invoiceNumber": "YZ24547003", "totalRows": 2, "failRows": 1, "reasons": ["大平台回覆成功", "小平台解析失敗"]}, "timestamp": 1777343988920}
{"sessionId": "79f104", "runId": "pre-fix", "hypothesisId": "H2", "location": "Epos自動化測試工具3.0.py:delete_invoice:start", "message": "Start delete invoice", "data": {"companyId": "38570607", "invoiceNumber": "YZ24547003", "currentUrl": "https://epos.einvoice.com.tw/AS0102"}, "timestamp": 1777343988928}
{"sessionId": "79f104", "runId": "post-fix", "hypothesisId": "H2", "location": "Epos自動化測試工具3.0.py:open_ops_page:ready", "message": "Ops page ready", "data": {"currentUrl": "https://epos.einvoice.com.tw/UM0501", "openedOpsPage": true}, "timestamp": 1777343989608}
{"sessionId": "79f104", "runId": "pre-fix", "hypothesisId": "H2", "location": "Epos自動化測試工具3.0.py:delete_invoice:query_result", "message": "Delete page query result", "data": {"invoiceNumber": "YZ24547003", "rowCount": 1}, "timestamp": 1777343990352}
{"sessionId": "79f104", "runId": "post-fix", "hypothesisId": "H5", "location": "Epos自動化測試工具3.0.py:write_invoice_data:success", "message": "Excel write success", "data": {"path": "D:\\D\\wilsonhuang\\Worktime\\python\\epos自動化測試工具3.0\\data\\EposError.xlsx", "rows": 41}, "timestamp": 1777343991160}
{"sessionId": "79f104", "runId": "pre-fix", "hypothesisId": "H4", "location": "Epos自動化測試工具3.0.py:check_and_process_invoice:start", "message": "Start process invoice", "data": {"companyId": "38570607", "invoiceNumber": "YZ24547005", "currentUrl": "https://epos.einvoice.com.tw/UM0501"}, "timestamp": 1777343991168}
{"sessionId": "79f104", "runId": "pre-fix", "hypothesisId": "H1", "location": "Epos自動化測試工具3.0.py:query_invoice_rows:start", "message": "Start invoice query", "data": {"companyId": "38570607", "invoiceNumber": "YZ24547005", "currentUrl": "https://epos.einvoice.com.tw/UM0501"}, "timestamp": 1777343991174}
{"sessionId": "79f104", "runId": "pre-fix", "hypothesisId": "H1", "location": "Epos自動化測試工具3.0.py:open_business_query_page", "message": "Opened business query page", "data": {"currentUrl": "https://epos.einvoice.com.tw/AS0102", "openedBizPage": true}, "timestamp": 1777343991989}
{"sessionId": "79f104", "runId": "pre-fix", "hypothesisId": "H3", "location": "Epos自動化測試工具3.0.py:query_invoice_rows:rows", "message": "Fetched invoice rows", "data": {"companyId": "38570607", "invoiceNumber": "YZ24547005", "rowCount": 2, "rows": [[1, "開立", "大平台回覆成功"], [2, "開立", "小平台解析失敗"]]}, "timestamp": 1777343993704}
{"sessionId": "79f104", "runId": "pre-fix", "hypothesisId": "H3", "location": "Epos自動化測試工具3.0.py:check_and_process_invoice:decision", "message": "Decision for multi rows", "data": {"invoiceNumber": "YZ24547005", "totalRows": 2, "failRows": 1, "reasons": ["大平台回覆成功", "小平台解析失敗"]}, "timestamp": 1777343993709}
{"sessionId": "79f104", "runId": "pre-fix", "hypothesisId": "H2", "location": "Epos自動化測試工具3.0.py:delete_invoice:start", "message": "Start delete invoice", "data": {"companyId": "38570607", "invoiceNumber": "YZ24547005", "currentUrl": "https://epos.einvoice.com.tw/AS0102"}, "timestamp": 1777343993717}
{"sessionId": "79f104", "runId": "post-fix", "hypothesisId": "H2", "location": "Epos自動化測試工具3.0.py:open_ops_page:ready", "message": "Ops page ready", "data": {"currentUrl": "https://epos.einvoice.com.tw/UM0501", "openedOpsPage": true}, "timestamp": 1777343994386}
{"sessionId": "79f104", "runId": "pre-fix", "hypothesisId": "H2", "location": "Epos自動化測試工具3.0.py:delete_invoice:query_result", "message": "Delete page query result", "data": {"invoiceNumber": "YZ24547005", "rowCount": 1}, "timestamp": 1777343995102}
{"sessionId": "79f104", "runId": "pre-fix", "hypothesisId": "H4", "location": "Epos自動化測試工具3.0.py:check_and_process_invoice:start", "message": "Start process invoice", "data": {"companyId": "97355695", "invoiceNumber": "ZK57346647", "currentUrl": "https://epos.einvoice.com.tw/UM0501"}, "timestamp": 1777343995912}
{"sessionId": "79f104", "runId": "pre-fix", "hypothesisId": "H1", "location": "Epos自動化測試工具3.0.py:query_invoice_rows:start", "message": "Start invoice query", "data": {"companyId": "97355695", "invoiceNumber": "ZK57346647", "currentUrl": "https://epos.einvoice.com.tw/UM0501"}, "timestamp": 1777343995920}
{"sessionId": "79f104", "runId": "pre-fix", "hypothesisId": "H1", "location": "Epos自動化測試工具3.0.py:open_business_query_page", "message": "Opened business query page", "data": {"currentUrl": "https://epos.einvoice.com.tw/AS0102", "openedBizPage": true}, "timestamp": 1777343996790}
{"sessionId": "79f104", "runId": "pre-fix", "hypothesisId": "H3", "location": "Epos自動化測試工具3.0.py:query_invoice_rows:rows", "message": "Fetched invoice rows", "data": {"companyId": "97355695", "invoiceNumber": "ZK57346647", "rowCount": 2, "rows": [[1, "開立", "大平台回覆成功"], [2, "開立", "小平台解析失敗"]]}, "timestamp": 1777343998527}
{"sessionId": "79f104", "runId": "pre-fix", "hypothesisId": "H3", "location": "Epos自動化測試工具3.0.py:check_and_process_invoice:decision", "message": "Decision for multi rows", "data": {"invoiceNumber": "ZK57346647", "totalRows": 2, "failRows": 1, "reasons": ["大平台回覆成功", "小平台解析失敗"]}, "timestamp": 1777343998531}
{"sessionId": "79f104", "runId": "pre-fix", "hypothesisId": "H2", "location": "Epos自動化測試工具3.0.py:delete_invoice:start", "message": "Start delete invoice", "data": {"companyId": "97355695", "invoiceNumber": "ZK57346647", "currentUrl": "https://epos.einvoice.com.tw/AS0102"}, "timestamp": 1777343998539}
{"sessionId": "79f104", "runId": "post-fix", "hypothesisId": "H2", "location": "Epos自動化測試工具3.0.py:open_ops_page:ready", "message": "Ops page ready", "data": {"currentUrl": "https://epos.einvoice.com.tw/UM0501", "openedOpsPage": true}, "timestamp": 1777343999271}
{"sessionId": "79f104", "runId": "pre-fix", "hypothesisId": "H2", "location": "Epos自動化測試工具3.0.py:delete_invoice:query_result", "message": "Delete page query result", "data": {"invoiceNumber": "ZK57346647", "rowCount": 1}, "timestamp": 1777344000025}
{"sessionId": "79f104", "runId": "pre-fix", "hypothesisId": "H4", "location": "Epos自動化測試工具3.0.py:check_and_process_invoice:start", "message": "Start process invoice", "data": {"companyId": "00661716", "invoiceNumber": "ZG02211369", "currentUrl": "https://epos.einvoice.com.tw/UM0501"}, "timestamp": 1777344000761}
{"sessionId": "79f104", "runId": "pre-fix", "hypothesisId": "H1", "location": "Epos自動化測試工具3.0.py:query_invoice_rows:start", "message": "Start invoice query", "data": {"companyId": "00661716", "invoiceNumber": "ZG02211369", "currentUrl": "https://epos.einvoice.com.tw/UM0501"}, "timestamp": 1777344000773}
{"sessionId": "79f104", "runId": "pre-fix", "hypothesisId": "H1", "location": "Epos自動化測試工具3.0.py:open_business_query_page", "message": "Opened business query page", "data": {"currentUrl": "https://epos.einvoice.com.tw/AS0102", "openedBizPage": true}, "timestamp": 1777344001691}
{"sessionId": "79f104", "runId": "pre-fix", "hypothesisId": "H3", "location": "Epos自動化測試工具3.0.py:query_invoice_rows:rows", "message": "Fetched invoice rows", "data": {"companyId": "00661716", "invoiceNumber": "ZG02211369", "rowCount": 2, "rows": [[1, "開立", "小平台解析失敗"], [2, "開立", "大平台回覆成功"]]}, "timestamp": 1777344003458}
{"sessionId": "79f104", "runId": "pre-fix", "hypothesisId": "H3", "location": "Epos自動化測試工具3.0.py:check_and_process_invoice:decision", "message": "Decision for multi rows", "data": {"invoiceNumber": "ZG02211369", "totalRows": 2, "failRows": 1, "reasons": ["小平台解析失敗", "大平台回覆成功"]}, "timestamp": 1777344003469}
{"sessionId": "79f104", "runId": "pre-fix", "hypothesisId": "H2", "location": "Epos自動化測試工具3.0.py:delete_invoice:start", "message": "Start delete invoice", "data": {"companyId": "00661716", "invoiceNumber": "ZG02211369", "currentUrl": "https://epos.einvoice.com.tw/AS0102"}, "timestamp": 1777344003484}
{"sessionId": "79f104", "runId": "post-fix", "hypothesisId": "H2", "location": "Epos自動化測試工具3.0.py:open_ops_page:ready", "message": "Ops page ready", "data": {"currentUrl": "https://epos.einvoice.com.tw/UM0501", "openedOpsPage": true}, "timestamp": 1777344004222}
{"sessionId": "79f104", "runId": "pre-fix", "hypothesisId": "H2", "location": "Epos自動化測試工具3.0.py:delete_invoice:query_result", "message": "Delete page query result", "data": {"invoiceNumber": "ZG02211369", "rowCount": 1}, "timestamp": 1777344005036}
{"sessionId": "79f104", "runId": "pre-fix", "hypothesisId": "H4", "location": "Epos自動化測試工具3.0.py:check_and_process_invoice:start", "message": "Start process invoice", "data": {"companyId": "93844286", "invoiceNumber": "ZN37857520", "currentUrl": "https://epos.einvoice.com.tw/UM0501"}, "timestamp": 1777344005767}
{"sessionId": "79f104", "runId": "pre-fix", "hypothesisId": "H1", "location": "Epos自動化測試工具3.0.py:query_invoice_rows:start", "message": "Start invoice query", "data": {"companyId": "93844286", "invoiceNumber": "ZN37857520", "currentUrl": "https://epos.einvoice.com.tw/UM0501"}, "timestamp": 1777344005781}
{"sessionId": "79f104", "runId": "pre-fix", "hypothesisId": "H1", "location": "Epos自動化測試工具3.0.py:open_business_query_page", "message": "Opened business query page", "data": {"currentUrl": "https://epos.einvoice.com.tw/AS0102", "openedBizPage": true}, "timestamp": 1777344006766}
{"sessionId": "79f104", "runId": "pre-fix", "hypothesisId": "H3", "location": "Epos自動化測試工具3.0.py:query_invoice_rows:rows", "message": "Fetched invoice rows", "data": {"companyId": "93844286", "invoiceNumber": "ZN37857520", "rowCount": 2, "rows": [[1, "開立", "大平台回覆成功"], [2, "開立", "小平台解析失敗"]]}, "timestamp": 1777344009006}
{"sessionId": "79f104", "runId": "pre-fix", "hypothesisId": "H3", "location": "Epos自動化測試工具3.0.py:check_and_process_invoice:decision", "message": "Decision for multi rows", "data": {"invoiceNumber": "ZN37857520", "totalRows": 2, "failRows": 1, "reasons": ["大平台回覆成功", "小平台解析失敗"]}, "timestamp": 1777344009012}
{"sessionId": "79f104", "runId": "pre-fix", "hypothesisId": "H2", "location": "Epos自動化測試工具3.0.py:delete_invoice:start", "message": "Start delete invoice", "data": {"companyId": "93844286", "invoiceNumber": "ZN37857520", "currentUrl": "https://epos.einvoice.com.tw/AS0102"}, "timestamp": 1777344009022}
{"sessionId": "79f104", "runId": "post-fix", "hypothesisId": "H2", "location": "Epos自動化測試工具3.0.py:open_ops_page:ready", "message": "Ops page ready", "data": {"currentUrl": "https://epos.einvoice.com.tw/UM0501", "openedOpsPage": true}, "timestamp": 1777344009715}
{"sessionId": "79f104", "runId": "pre-fix", "hypothesisId": "H2", "location": "Epos自動化測試工具3.0.py:delete_invoice:query_result", "message": "Delete page query result", "data": {"invoiceNumber": "ZN37857520", "rowCount": 1}, "timestamp": 1777344010384}
{"sessionId": "79f104", "runId": "pre-fix", "hypothesisId": "H4", "location": "Epos自動化測試工具3.0.py:check_and_process_invoice:start", "message": "Start process invoice", "data": {"companyId": "93844286", "invoiceNumber": "ZN37857516", "currentUrl": "https://epos.einvoice.com.tw/UM0501"}, "timestamp": 1777344011204}
{"sessionId": "79f104", "runId": "pre-fix", "hypothesisId": "H1", "location": "Epos自動化測試工具3.0.py:query_invoice_rows:start", "message": "Start invoice query", "data": {"companyId": "93844286", "invoiceNumber": "ZN37857516", "currentUrl": "https://epos.einvoice.com.tw/UM0501"}, "timestamp": 1777344011218}
{"sessionId": "79f104", "runId": "pre-fix", "hypothesisId": "H1", "location": "Epos自動化測試工具3.0.py:open_business_query_page", "message": "Opened business query page", "data": {"currentUrl": "https://epos.einvoice.com.tw/AS0102", "openedBizPage": true}, "timestamp": 1777344012120}
{"sessionId": "79f104", "runId": "pre-fix", "hypothesisId": "H3", "location": "Epos自動化測試工具3.0.py:query_invoice_rows:rows", "message": "Fetched invoice rows", "data": {"companyId": "93844286", "invoiceNumber": "ZN37857516", "rowCount": 2, "rows": [[1, "開立", "小平台解析失敗"], [2, "開立", "大平台回覆成功"]]}, "timestamp": 1777344013833}
{"sessionId": "79f104", "runId": "pre-fix", "hypothesisId": "H3", "location": "Epos自動化測試工具3.0.py:check_and_process_invoice:decision", "message": "Decision for multi rows", "data": {"invoiceNumber": "ZN37857516", "totalRows": 2, "failRows": 1, "reasons": ["小平台解析失敗", "大平台回覆成功"]}, "timestamp": 1777344013839}
{"sessionId": "79f104", "runId": "pre-fix", "hypothesisId": "H2", "location": "Epos自動化測試工具3.0.py:delete_invoice:start", "message": "Start delete invoice", "data": {"companyId": "93844286", "invoiceNumber": "ZN37857516", "currentUrl": "https://epos.einvoice.com.tw/AS0102"}, "timestamp": 1777344013846}
{"sessionId": "79f104", "runId": "post-fix", "hypothesisId": "H2", "location": "Epos自動化測試工具3.0.py:open_ops_page:ready", "message": "Ops page ready", "data": {"currentUrl": "https://epos.einvoice.com.tw/UM0501", "openedOpsPage": true}, "timestamp": 1777344014506}
{"sessionId": "79f104", "runId": "pre-fix", "hypothesisId": "H2", "location": "Epos自動化測試工具3.0.py:delete_invoice:query_result", "message": "Delete page query result", "data": {"invoiceNumber": "ZN37857516", "rowCount": 1}, "timestamp": 1777344015179}
{"sessionId": "79f104", "runId": "post-fix", "hypothesisId": "H5", "location": "Epos自動化測試工具3.0.py:write_invoice_data:success", "message": "Excel write success", "data": {"path": "D:\\D\\wilsonhuang\\Worktime\\python\\epos自動化測試工具3.0\\data\\EposError.xlsx", "rows": 36}, "timestamp": 1777344016063}
{"sessionId": "79f104", "runId": "pre-fix", "hypothesisId": "H4", "location": "Epos自動化測試工具3.0.py:check_and_process_invoice:start", "message": "Start process invoice", "data": {"companyId": "93844286", "invoiceNumber": "ZN37857515", "currentUrl": "https://epos.einvoice.com.tw/UM0501"}, "timestamp": 1777344016072}
{"sessionId": "79f104", "runId": "pre-fix", "hypothesisId": "H1", "location": "Epos自動化測試工具3.0.py:query_invoice_rows:start", "message": "Start invoice query", "data": {"companyId": "93844286", "invoiceNumber": "ZN37857515", "currentUrl": "https://epos.einvoice.com.tw/UM0501"}, "timestamp": 1777344016078}
{"sessionId": "79f104", "runId": "pre-fix", "hypothesisId": "H1", "location": "Epos自動化測試工具3.0.py:open_business_query_page", "message": "Opened business query page", "data": {"currentUrl": "https://epos.einvoice.com.tw/AS0102", "openedBizPage": true}, "timestamp": 1777344016904}
{"sessionId": "79f104", "runId": "pre-fix", "hypothesisId": "H3", "location": "Epos自動化測試工具3.0.py:query_invoice_rows:rows", "message": "Fetched invoice rows", "data": {"companyId": "93844286", "invoiceNumber": "ZN37857515", "rowCount": 2, "rows": [[1, "開立", "大平台回覆成功"], [2, "開立", "小平台解析失敗"]]}, "timestamp": 1777344018713}
{"sessionId": "79f104", "runId": "pre-fix", "hypothesisId": "H3", "location": "Epos自動化測試工具3.0.py:check_and_process_invoice:decision", "message": "Decision for multi rows", "data": {"invoiceNumber": "ZN37857515", "totalRows": 2, "failRows": 1, "reasons": ["大平台回覆成功", "小平台解析失敗"]}, "timestamp": 1777344018726}
{"sessionId": "79f104", "runId": "pre-fix", "hypothesisId": "H2", "location": "Epos自動化測試工具3.0.py:delete_invoice:start", "message": "Start delete invoice", "data": {"companyId": "93844286", "invoiceNumber": "ZN37857515", "currentUrl": "https://epos.einvoice.com.tw/AS0102"}, "timestamp": 1777344018734}
{"sessionId": "79f104", "runId": "post-fix", "hypothesisId": "H2", "location": "Epos自動化測試工具3.0.py:open_ops_page:ready", "message": "Ops page ready", "data": {"currentUrl": "https://epos.einvoice.com.tw/UM0501", "openedOpsPage": true}, "timestamp": 1777344019437}
{"sessionId": "79f104", "runId": "pre-fix", "hypothesisId": "H2", "location": "Epos自動化測試工具3.0.py:delete_invoice:query_result", "message": "Delete page query result", "data": {"invoiceNumber": "ZN37857515", "rowCount": 1}, "timestamp": 1777344020143}
{"sessionId": "79f104", "runId": "pre-fix", "hypothesisId": "H4", "location": "Epos自動化測試工具3.0.py:check_and_process_invoice:start", "message": "Start process invoice", "data": {"companyId": "34981869", "invoiceNumber": "ZP51727617", "currentUrl": "https://epos.einvoice.com.tw/UM0501"}, "timestamp": 1777344020947}
{"sessionId": "79f104", "runId": "pre-fix", "hypothesisId": "H1", "location": "Epos自動化測試工具3.0.py:query_invoice_rows:start", "message": "Start invoice query", "data": {"companyId": "34981869", "invoiceNumber": "ZP51727617", "currentUrl": "https://epos.einvoice.com.tw/UM0501"}, "timestamp": 1777344020960}
{"sessionId": "79f104", "runId": "pre-fix", "hypothesisId": "H1", "location": "Epos自動化測試工具3.0.py:open_business_query_page", "message": "Opened business query page", "data": {"currentUrl": "https://epos.einvoice.com.tw/AS0102", "openedBizPage": true}, "timestamp": 1777344021898}
{"sessionId": "79f104", "runId": "pre-fix", "hypothesisId": "H3", "location": "Epos自動化測試工具3.0.py:query_invoice_rows:rows", "message": "Fetched invoice rows", "data": {"companyId": "34981869", "invoiceNumber": "ZP51727617", "rowCount": 2, "rows": [[1, "開立", "大平台回覆成功"], [2, "開立", "小平台解析失敗"]]}, "timestamp": 1777344023653}
{"sessionId": "79f104", "runId": "pre-fix", "hypothesisId": "H3", "location": "Epos自動化測試工具3.0.py:check_and_process_invoice:decision", "message": "Decision for multi rows", "data": {"invoiceNumber": "ZP51727617", "totalRows": 2, "failRows": 1, "reasons": ["大平台回覆成功", "小平台解析失敗"]}, "timestamp": 1777344023663}
{"sessionId": "79f104", "runId": "pre-fix", "hypothesisId": "H2", "location": "Epos自動化測試工具3.0.py:delete_invoice:start", "message": "Start delete invoice", "data": {"companyId": "34981869", "invoiceNumber": "ZP51727617", "currentUrl": "https://epos.einvoice.com.tw/AS0102"}, "timestamp": 1777344023681}
{"sessionId": "79f104", "runId": "post-fix", "hypothesisId": "H2", "location": "Epos自動化測試工具3.0.py:open_ops_page:ready", "message": "Ops page ready", "data": {"currentUrl": "https://epos.einvoice.com.tw/UM0501", "openedOpsPage": true}, "timestamp": 1777344024403}
{"sessionId": "79f104", "runId": "pre-fix", "hypothesisId": "H2", "location": "Epos自動化測試工具3.0.py:delete_invoice:query_result", "message": "Delete page query result", "data": {"invoiceNumber": "ZP51727617", "rowCount": 1}, "timestamp": 1777344025116}
{"sessionId": "79f104", "runId": "pre-fix", "hypothesisId": "H4", "location": "Epos自動化測試工具3.0.py:check_and_process_invoice:start", "message": "Start process invoice", "data": {"companyId": "85000570", "invoiceNumber": "ZJ05598720", "currentUrl": "https://epos.einvoice.com.tw/UM0501"}, "timestamp": 1777344025914}
{"sessionId": "79f104", "runId": "pre-fix", "hypothesisId": "H1", "location": "Epos自動化測試工具3.0.py:query_invoice_rows:start", "message": "Start invoice query", "data": {"companyId": "85000570", "invoiceNumber": "ZJ05598720", "currentUrl": "https://epos.einvoice.com.tw/UM0501"}, "timestamp": 1777344025926}
{"sessionId": "79f104", "runId": "pre-fix", "hypothesisId": "H1", "location": "Epos自動化測試工具3.0.py:open_business_query_page", "message": "Opened business query page", "data": {"currentUrl": "https://epos.einvoice.com.tw/AS0102", "openedBizPage": true}, "timestamp": 1777344026928}
{"sessionId": "79f104", "runId": "pre-fix", "hypothesisId": "H1", "location": "Epos自動化測試工具3.0.py:check_and_process_invoice:error", "message": "Query rows returned None", "data": {"companyId": "85000570", "invoiceNumber": "ZJ05598720"}, "timestamp": 1777344027725}
{"sessionId": "79f104", "runId": "pre-fix", "hypothesisId": "H4", "location": "Epos自動化測試工具3.0.py:check_and_process_invoice:start", "message": "Start process invoice", "data": {"companyId": "85000570", "invoiceNumber": "ZJ05598720", "currentUrl": "https://epos.einvoice.com.tw/AS0102"}, "timestamp": 1777344028352}
{"sessionId": "79f104", "runId": "pre-fix", "hypothesisId": "H1", "location": "Epos自動化測試工具3.0.py:query_invoice_rows:start", "message": "Start invoice query", "data": {"companyId": "85000570", "invoiceNumber": "ZJ05598720", "currentUrl": "https://epos.einvoice.com.tw/AS0102"}, "timestamp": 1777344028377}
{"sessionId": "79f104", "runId": "pre-fix", "hypothesisId": "H1", "location": "Epos自動化測試工具3.0.py:open_business_query_page", "message": "Opened business query page", "data": {"currentUrl": "https://epos.einvoice.com.tw/AS0102", "openedBizPage": true}, "timestamp": 1777344028583}
{"sessionId": "79f104", "runId": "pre-fix", "hypothesisId": "H3", "location": "Epos自動化測試工具3.0.py:query_invoice_rows:rows", "message": "Fetched invoice rows", "data": {"companyId": "85000570", "invoiceNumber": "ZJ05598720", "rowCount": 2, "rows": [[1, "開立", "大平台回覆成功"], [2, "開立", "小平台解析失敗"]]}, "timestamp": 1777344030294}
{"sessionId": "79f104", "runId": "pre-fix", "hypothesisId": "H3", "location": "Epos自動化測試工具3.0.py:check_and_process_invoice:decision", "message": "Decision for multi rows", "data": {"invoiceNumber": "ZJ05598720", "totalRows": 2, "failRows": 1, "reasons": ["大平台回覆成功", "小平台解析失敗"]}, "timestamp": 1777344030299}
{"sessionId": "79f104", "runId": "pre-fix", "hypothesisId": "H2", "location": "Epos自動化測試工具3.0.py:delete_invoice:start", "message": "Start delete invoice", "data": {"companyId": "85000570", "invoiceNumber": "ZJ05598720", "currentUrl": "https://epos.einvoice.com.tw/AS0102"}, "timestamp": 1777344030311}
{"sessionId": "79f104", "runId": "post-fix", "hypothesisId": "H2", "location": "Epos自動化測試工具3.0.py:open_ops_page:ready", "message": "Ops page ready", "data": {"currentUrl": "https://epos.einvoice.com.tw/UM0501", "openedOpsPage": true}, "timestamp": 1777344031028}
{"sessionId": "79f104", "runId": "pre-fix", "hypothesisId": "H2", "location": "Epos自動化測試工具3.0.py:delete_invoice:query_result", "message": "Delete page query result", "data": {"invoiceNumber": "ZJ05598720", "rowCount": 1}, "timestamp": 1777344031746}
{"sessionId": "79f104", "runId": "pre-fix", "hypothesisId": "H4", "location": "Epos自動化測試工具3.0.py:check_and_process_invoice:start", "message": "Start process invoice", "data": {"companyId": "85000570", "invoiceNumber": "ZJ05598719", "currentUrl": "https://epos.einvoice.com.tw/UM0501"}, "timestamp": 1777344032577}
{"sessionId": "79f104", "runId": "pre-fix", "hypothesisId": "H1", "location": "Epos自動化測試工具3.0.py:query_invoice_rows:start", "message": "Start invoice query", "data": {"companyId": "85000570", "invoiceNumber": "ZJ05598719", "currentUrl": "https://epos.einvoice.com.tw/UM0501"}, "timestamp": 1777344032594}
{"sessionId": "79f104", "runId": "pre-fix", "hypothesisId": "H1", "location": "Epos自動化測試工具3.0.py:open_business_query_page", "message": "Opened business query page", "data": {"currentUrl": "https://epos.einvoice.com.tw/AS0102", "openedBizPage": true}, "timestamp": 1777344033533}
{"sessionId": "79f104", "runId": "pre-fix", "hypothesisId": "H3", "location": "Epos自動化測試工具3.0.py:query_invoice_rows:rows", "message": "Fetched invoice rows", "data": {"companyId": "85000570", "invoiceNumber": "ZJ05598719", "rowCount": 2, "rows": [[1, "開立", "小平台解析失敗"], [2, "開立", "大平台回覆成功"]]}, "timestamp": 1777344035272}
{"sessionId": "79f104", "runId": "pre-fix", "hypothesisId": "H3", "location": "Epos自動化測試工具3.0.py:check_and_process_invoice:decision", "message": "Decision for multi rows", "data": {"invoiceNumber": "ZJ05598719", "totalRows": 2, "failRows": 1, "reasons": ["小平台解析失敗", "大平台回覆成功"]}, "timestamp": 1777344035279}
{"sessionId": "79f104", "runId": "pre-fix", "hypothesisId": "H2", "location": "Epos自動化測試工具3.0.py:delete_invoice:start", "message": "Start delete invoice", "data": {"companyId": "85000570", "invoiceNumber": "ZJ05598719", "currentUrl": "https://epos.einvoice.com.tw/AS0102"}, "timestamp": 1777344035287}
{"sessionId": "79f104", "runId": "post-fix", "hypothesisId": "H2", "location": "Epos自動化測試工具3.0.py:open_ops_page:ready", "message": "Ops page ready", "data": {"currentUrl": "https://epos.einvoice.com.tw/UM0501", "openedOpsPage": true}, "timestamp": 1777344035957}
{"sessionId": "79f104", "runId": "pre-fix", "hypothesisId": "H2", "location": "Epos自動化測試工具3.0.py:delete_invoice:query_result", "message": "Delete page query result", "data": {"invoiceNumber": "ZJ05598719", "rowCount": 1}, "timestamp": 1777344036673}
{"sessionId": "79f104", "runId": "pre-fix", "hypothesisId": "H4", "location": "Epos自動化測試工具3.0.py:check_and_process_invoice:start", "message": "Start process invoice", "data": {"companyId": "85000570", "invoiceNumber": "ZJ05598717", "currentUrl": "https://epos.einvoice.com.tw/UM0501"}, "timestamp": 1777344037386}
{"sessionId": "79f104", "runId": "pre-fix", "hypothesisId": "H1", "location": "Epos自動化測試工具3.0.py:query_invoice_rows:start", "message": "Start invoice query", "data": {"companyId": "85000570", "invoiceNumber": "ZJ05598717", "currentUrl": "https://epos.einvoice.com.tw/UM0501"}, "timestamp": 1777344037396}
{"sessionId": "79f104", "runId": "pre-fix", "hypothesisId": "H1", "location": "Epos自動化測試工具3.0.py:open_business_query_page", "message": "Opened business query page", "data": {"currentUrl": "https://epos.einvoice.com.tw/AS0102", "openedBizPage": true}, "timestamp": 1777344038273}
{"sessionId": "79f104", "runId": "pre-fix", "hypothesisId": "H3", "location": "Epos自動化測試工具3.0.py:query_invoice_rows:rows", "message": "Fetched invoice rows", "data": {"companyId": "85000570", "invoiceNumber": "ZJ05598717", "rowCount": 2, "rows": [[1, "開立", "小平台解析失敗"], [2, "開立", "大平台回覆成功"]]}, "timestamp": 1777344040042}
{"sessionId": "79f104", "runId": "pre-fix", "hypothesisId": "H3", "location": "Epos自動化測試工具3.0.py:check_and_process_invoice:decision", "message": "Decision for multi rows", "data": {"invoiceNumber": "ZJ05598717", "totalRows": 2, "failRows": 1, "reasons": ["小平台解析失敗", "大平台回覆成功"]}, "timestamp": 1777344040055}
{"sessionId": "79f104", "runId": "pre-fix", "hypothesisId": "H2", "location": "Epos自動化測試工具3.0.py:delete_invoice:start", "message": "Start delete invoice", "data": {"companyId": "85000570", "invoiceNumber": "ZJ05598717", "currentUrl": "https://epos.einvoice.com.tw/AS0102"}, "timestamp": 1777344040071}
{"sessionId": "79f104", "runId": "post-fix", "hypothesisId": "H2", "location": "Epos自動化測試工具3.0.py:open_ops_page:ready", "message": "Ops page ready", "data": {"currentUrl": "https://epos.einvoice.com.tw/UM0501", "openedOpsPage": true}, "timestamp": 1777344040770}
{"sessionId": "79f104", "runId": "pre-fix", "hypothesisId": "H2", "location": "Epos自動化測試工具3.0.py:delete_invoice:query_result", "message": "Delete page query result", "data": {"invoiceNumber": "ZJ05598717", "rowCount": 1}, "timestamp": 1777344041471}
{"sessionId": "79f104", "runId": "post-fix", "hypothesisId": "H5", "location": "Epos自動化測試工具3.0.py:write_invoice_data:success", "message": "Excel write success", "data": {"path": "D:\\D\\wilsonhuang\\Worktime\\python\\epos自動化測試工具3.0\\data\\EposError.xlsx", "rows": 31}, "timestamp": 1777344042289}
{"sessionId": "79f104", "runId": "pre-fix", "hypothesisId": "H4", "location": "Epos自動化測試工具3.0.py:check_and_process_invoice:start", "message": "Start process invoice", "data": {"companyId": "85000570", "invoiceNumber": "ZJ05598715", "currentUrl": "https://epos.einvoice.com.tw/UM0501"}, "timestamp": 1777344042297}
{"sessionId": "79f104", "runId": "pre-fix", "hypothesisId": "H1", "location": "Epos自動化測試工具3.0.py:query_invoice_rows:start", "message": "Start invoice query", "data": {"companyId": "85000570", "invoiceNumber": "ZJ05598715", "currentUrl": "https://epos.einvoice.com.tw/UM0501"}, "timestamp": 1777344042304}
{"sessionId": "79f104", "runId": "pre-fix", "hypothesisId": "H1", "location": "Epos自動化測試工具3.0.py:open_business_query_page", "message": "Opened business query page", "data": {"currentUrl": "https://epos.einvoice.com.tw/AS0102", "openedBizPage": true}, "timestamp": 1777344043186}
{"sessionId": "79f104", "runId": "pre-fix", "hypothesisId": "H3", "location": "Epos自動化測試工具3.0.py:query_invoice_rows:rows", "message": "Fetched invoice rows", "data": {"companyId": "85000570", "invoiceNumber": "ZJ05598715", "rowCount": 2, "rows": [[1, "開立", "小平台解析失敗"], [2, "開立", "大平台回覆成功"]]}, "timestamp": 1777344044978}
{"sessionId": "79f104", "runId": "pre-fix", "hypothesisId": "H3", "location": "Epos自動化測試工具3.0.py:check_and_process_invoice:decision", "message": "Decision for multi rows", "data": {"invoiceNumber": "ZJ05598715", "totalRows": 2, "failRows": 1, "reasons": ["小平台解析失敗", "大平台回覆成功"]}, "timestamp": 1777344044986}
{"sessionId": "79f104", "runId": "pre-fix", "hypothesisId": "H2", "location": "Epos自動化測試工具3.0.py:delete_invoice:start", "message": "Start delete invoice", "data": {"companyId": "85000570", "invoiceNumber": "ZJ05598715", "currentUrl": "https://epos.einvoice.com.tw/AS0102"}, "timestamp": 1777344044999}
{"sessionId": "79f104", "runId": "post-fix", "hypothesisId": "H2", "location": "Epos自動化測試工具3.0.py:open_ops_page:ready", "message": "Ops page ready", "data": {"currentUrl": "https://epos.einvoice.com.tw/UM0501", "openedOpsPage": true}, "timestamp": 1777344045684}
{"sessionId": "79f104", "runId": "pre-fix", "hypothesisId": "H2", "location": "Epos自動化測試工具3.0.py:delete_invoice:query_result", "message": "Delete page query result", "data": {"invoiceNumber": "ZJ05598715", "rowCount": 1}, "timestamp": 1777344046341}
{"sessionId": "79f104", "runId": "pre-fix", "hypothesisId": "H4", "location": "Epos自動化測試工具3.0.py:check_and_process_invoice:start", "message": "Start process invoice", "data": {"companyId": "85000570", "invoiceNumber": "ZJ05598713", "currentUrl": "https://epos.einvoice.com.tw/UM0501"}, "timestamp": 1777344047125}
{"sessionId": "79f104", "runId": "pre-fix", "hypothesisId": "H1", "location": "Epos自動化測試工具3.0.py:query_invoice_rows:start", "message": "Start invoice query", "data": {"companyId": "85000570", "invoiceNumber": "ZJ05598713", "currentUrl": "https://epos.einvoice.com.tw/UM0501"}, "timestamp": 1777344047140}
{"sessionId": "79f104", "runId": "pre-fix", "hypothesisId": "H1", "location": "Epos自動化測試工具3.0.py:open_business_query_page", "message": "Opened business query page", "data": {"currentUrl": "https://epos.einvoice.com.tw/AS0102", "openedBizPage": true}, "timestamp": 1777344048004}
{"sessionId": "79f104", "runId": "pre-fix", "hypothesisId": "H3", "location": "Epos自動化測試工具3.0.py:query_invoice_rows:rows", "message": "Fetched invoice rows", "data": {"companyId": "85000570", "invoiceNumber": "ZJ05598713", "rowCount": 2, "rows": [[1, "開立", "大平台回覆成功"], [2, "開立", "小平台解析失敗"]]}, "timestamp": 1777344049710}
{"sessionId": "79f104", "runId": "pre-fix", "hypothesisId": "H3", "location": "Epos自動化測試工具3.0.py:check_and_process_invoice:decision", "message": "Decision for multi rows", "data": {"invoiceNumber": "ZJ05598713", "totalRows": 2, "failRows": 1, "reasons": ["大平台回覆成功", "小平台解析失敗"]}, "timestamp": 1777344049717}
{"sessionId": "79f104", "runId": "pre-fix", "hypothesisId": "H2", "location": "Epos自動化測試工具3.0.py:delete_invoice:start", "message": "Start delete invoice", "data": {"companyId": "85000570", "invoiceNumber": "ZJ05598713", "currentUrl": "https://epos.einvoice.com.tw/AS0102"}, "timestamp": 1777344049723}
{"sessionId": "79f104", "runId": "post-fix", "hypothesisId": "H2", "location": "Epos自動化測試工具3.0.py:open_ops_page:ready", "message": "Ops page ready", "data": {"currentUrl": "https://epos.einvoice.com.tw/UM0501", "openedOpsPage": true}, "timestamp": 1777344050397}
{"sessionId": "79f104", "runId": "pre-fix", "hypothesisId": "H2", "location": "Epos自動化測試工具3.0.py:delete_invoice:query_result", "message": "Delete page query result", "data": {"invoiceNumber": "ZJ05598713", "rowCount": 1}, "timestamp": 1777344051156}
{"sessionId": "79f104", "runId": "pre-fix", "hypothesisId": "H4", "location": "Epos自動化測試工具3.0.py:check_and_process_invoice:start", "message": "Start process invoice", "data": {"companyId": "85000570", "invoiceNumber": "ZJ05599022", "currentUrl": "https://epos.einvoice.com.tw/UM0501"}, "timestamp": 1777344051915}
{"sessionId": "79f104", "runId": "pre-fix", "hypothesisId": "H1", "location": "Epos自動化測試工具3.0.py:query_invoice_rows:start", "message": "Start invoice query", "data": {"companyId": "85000570", "invoiceNumber": "ZJ05599022", "currentUrl": "https://epos.einvoice.com.tw/UM0501"}, "timestamp": 1777344051932}
{"sessionId": "79f104", "runId": "pre-fix", "hypothesisId": "H1", "location": "Epos自動化測試工具3.0.py:open_business_query_page", "message": "Opened business query page", "data": {"currentUrl": "https://epos.einvoice.com.tw/AS0102", "openedBizPage": true}, "timestamp": 1777344052878}
{"sessionId": "79f104", "runId": "pre-fix", "hypothesisId": "H3", "location": "Epos自動化測試工具3.0.py:query_invoice_rows:rows", "message": "Fetched invoice rows", "data": {"companyId": "85000570", "invoiceNumber": "ZJ05599022", "rowCount": 2, "rows": [[1, "開立", "小平台解析失敗"], [2, "開立", "大平台回覆成功"]]}, "timestamp": 1777344054685}
{"sessionId": "79f104", "runId": "pre-fix", "hypothesisId": "H3", "location": "Epos自動化測試工具3.0.py:check_and_process_invoice:decision", "message": "Decision for multi rows", "data": {"invoiceNumber": "ZJ05599022", "totalRows": 2, "failRows": 1, "reasons": ["小平台解析失敗", "大平台回覆成功"]}, "timestamp": 1777344054693}
{"sessionId": "79f104", "runId": "pre-fix", "hypothesisId": "H2", "location": "Epos自動化測試工具3.0.py:delete_invoice:start", "message": "Start delete invoice", "data": {"companyId": "85000570", "invoiceNumber": "ZJ05599022", "currentUrl": "https://epos.einvoice.com.tw/AS0102"}, "timestamp": 1777344054703}
{"sessionId": "79f104", "runId": "post-fix", "hypothesisId": "H2", "location": "Epos自動化測試工具3.0.py:open_ops_page:ready", "message": "Ops page ready", "data": {"currentUrl": "https://epos.einvoice.com.tw/UM0501", "openedOpsPage": true}, "timestamp": 1777344055390}
{"sessionId": "79f104", "runId": "pre-fix", "hypothesisId": "H2", "location": "Epos自動化測試工具3.0.py:delete_invoice:query_result", "message": "Delete page query result", "data": {"invoiceNumber": "ZJ05599022", "rowCount": 1}, "timestamp": 1777344056074}
{"sessionId": "79f104", "runId": "pre-fix", "hypothesisId": "H4", "location": "Epos自動化測試工具3.0.py:check_and_process_invoice:start", "message": "Start process invoice", "data": {"companyId": "85000570", "invoiceNumber": "ZJ05598708", "currentUrl": "https://epos.einvoice.com.tw/UM0501"}, "timestamp": 1777344056844}
{"sessionId": "79f104", "runId": "pre-fix", "hypothesisId": "H1", "location": "Epos自動化測試工具3.0.py:query_invoice_rows:start", "message": "Start invoice query", "data": {"companyId": "85000570", "invoiceNumber": "ZJ05598708", "currentUrl": "https://epos.einvoice.com.tw/UM0501"}, "timestamp": 1777344056857}
{"sessionId": "79f104", "runId": "pre-fix", "hypothesisId": "H1", "location": "Epos自動化測試工具3.0.py:open_business_query_page", "message": "Opened business query page", "data": {"currentUrl": "https://epos.einvoice.com.tw/AS0102", "openedBizPage": true}, "timestamp": 1777344057768}
{"sessionId": "79f104", "runId": "pre-fix", "hypothesisId": "H3", "location": "Epos自動化測試工具3.0.py:query_invoice_rows:rows", "message": "Fetched invoice rows", "data": {"companyId": "85000570", "invoiceNumber": "ZJ05598708", "rowCount": 2, "rows": [[1, "開立", "大平台回覆成功"], [2, "開立", "小平台解析失敗"]]}, "timestamp": 1777344059582}
{"sessionId": "79f104", "runId": "pre-fix", "hypothesisId": "H3", "location": "Epos自動化測試工具3.0.py:check_and_process_invoice:decision", "message": "Decision for multi rows", "data": {"invoiceNumber": "ZJ05598708", "totalRows": 2, "failRows": 1, "reasons": ["大平台回覆成功", "小平台解析失敗"]}, "timestamp": 1777344059596}
{"sessionId": "79f104", "runId": "pre-fix", "hypothesisId": "H2", "location": "Epos自動化測試工具3.0.py:delete_invoice:start", "message": "Start delete invoice", "data": {"companyId": "85000570", "invoiceNumber": "ZJ05598708", "currentUrl": "https://epos.einvoice.com.tw/AS0102"}, "timestamp": 1777344059603}
{"sessionId": "79f104", "runId": "post-fix", "hypothesisId": "H2", "location": "Epos自動化測試工具3.0.py:open_ops_page:ready", "message": "Ops page ready", "data": {"currentUrl": "https://epos.einvoice.com.tw/UM0501", "openedOpsPage": true}, "timestamp": 1777344060270}
{"sessionId": "79f104", "runId": "pre-fix", "hypothesisId": "H2", "location": "Epos自動化測試工具3.0.py:delete_invoice:query_result", "message": "Delete page query result", "data": {"invoiceNumber": "ZJ05598708", "rowCount": 1}, "timestamp": 1777344060932}
{"sessionId": "79f104", "runId": "pre-fix", "hypothesisId": "H4", "location": "Epos自動化測試工具3.0.py:check_and_process_invoice:start", "message": "Start process invoice", "data": {"companyId": "85000570", "invoiceNumber": "ZJ05598709", "currentUrl": "https://epos.einvoice.com.tw/UM0501"}, "timestamp": 1777344061752}
{"sessionId": "79f104", "runId": "pre-fix", "hypothesisId": "H1", "location": "Epos自動化測試工具3.0.py:query_invoice_rows:start", "message": "Start invoice query", "data": {"companyId": "85000570", "invoiceNumber": "ZJ05598709", "currentUrl": "https://epos.einvoice.com.tw/UM0501"}, "timestamp": 1777344061773}
{"sessionId": "79f104", "runId": "pre-fix", "hypothesisId": "H1", "location": "Epos自動化測試工具3.0.py:open_business_query_page", "message": "Opened business query page", "data": {"currentUrl": "https://epos.einvoice.com.tw/AS0102", "openedBizPage": true}, "timestamp": 1777344062673}
{"sessionId": "79f104", "runId": "pre-fix", "hypothesisId": "H3", "location": "Epos自動化測試工具3.0.py:query_invoice_rows:rows", "message": "Fetched invoice rows", "data": {"companyId": "85000570", "invoiceNumber": "ZJ05598709", "rowCount": 2, "rows": [[1, "開立", "大平台回覆成功"], [2, "開立", "小平台解析失敗"]]}, "timestamp": 1777344064366}
{"sessionId": "79f104", "runId": "pre-fix", "hypothesisId": "H3", "location": "Epos自動化測試工具3.0.py:check_and_process_invoice:decision", "message": "Decision for multi rows", "data": {"invoiceNumber": "ZJ05598709", "totalRows": 2, "failRows": 1, "reasons": ["大平台回覆成功", "小平台解析失敗"]}, "timestamp": 1777344064374}
{"sessionId": "79f104", "runId": "pre-fix", "hypothesisId": "H2", "location": "Epos自動化測試工具3.0.py:delete_invoice:start", "message": "Start delete invoice", "data": {"companyId": "85000570", "invoiceNumber": "ZJ05598709", "currentUrl": "https://epos.einvoice.com.tw/AS0102"}, "timestamp": 1777344064389}
{"sessionId": "79f104", "runId": "post-fix", "hypothesisId": "H2", "location": "Epos自動化測試工具3.0.py:open_ops_page:ready", "message": "Ops page ready", "data": {"currentUrl": "https://epos.einvoice.com.tw/UM0501", "openedOpsPage": true}, "timestamp": 1777344065129}
{"sessionId": "79f104", "runId": "pre-fix", "hypothesisId": "H2", "location": "Epos自動化測試工具3.0.py:delete_invoice:query_result", "message": "Delete page query result", "data": {"invoiceNumber": "ZJ05598709", "rowCount": 1}, "timestamp": 1777344065905}
{"sessionId": "79f104", "runId": "post-fix", "hypothesisId": "H5", "location": "Epos自動化測試工具3.0.py:write_invoice_data:success", "message": "Excel write success", "data": {"path": "D:\\D\\wilsonhuang\\Worktime\\python\\epos自動化測試工具3.0\\data\\EposError.xlsx", "rows": 26}, "timestamp": 1777344066683}
{"sessionId": "79f104", "runId": "pre-fix", "hypothesisId": "H4", "location": "Epos自動化測試工具3.0.py:check_and_process_invoice:start", "message": "Start process invoice", "data": {"companyId": "85000570", "invoiceNumber": "ZJ05599019", "currentUrl": "https://epos.einvoice.com.tw/UM0501"}, "timestamp": 1777344066699}
{"sessionId": "79f104", "runId": "pre-fix", "hypothesisId": "H1", "location": "Epos自動化測試工具3.0.py:query_invoice_rows:start", "message": "Start invoice query", "data": {"companyId": "85000570", "invoiceNumber": "ZJ05599019", "currentUrl": "https://epos.einvoice.com.tw/UM0501"}, "timestamp": 1777344066709}
{"sessionId": "79f104", "runId": "pre-fix", "hypothesisId": "H1", "location": "Epos自動化測試工具3.0.py:open_business_query_page", "message": "Opened business query page", "data": {"currentUrl": "https://epos.einvoice.com.tw/AS0102", "openedBizPage": true}, "timestamp": 1777344067605}
{"sessionId": "79f104", "runId": "pre-fix", "hypothesisId": "H3", "location": "Epos自動化測試工具3.0.py:query_invoice_rows:rows", "message": "Fetched invoice rows", "data": {"companyId": "85000570", "invoiceNumber": "ZJ05599019", "rowCount": 2, "rows": [[1, "開立", "小平台解析失敗"], [2, "開立", "大平台回覆成功"]]}, "timestamp": 1777344069370}
{"sessionId": "79f104", "runId": "pre-fix", "hypothesisId": "H3", "location": "Epos自動化測試工具3.0.py:check_and_process_invoice:decision", "message": "Decision for multi rows", "data": {"invoiceNumber": "ZJ05599019", "totalRows": 2, "failRows": 1, "reasons": ["小平台解析失敗", "大平台回覆成功"]}, "timestamp": 1777344069375}
{"sessionId": "79f104", "runId": "pre-fix", "hypothesisId": "H2", "location": "Epos自動化測試工具3.0.py:delete_invoice:start", "message": "Start delete invoice", "data": {"companyId": "85000570", "invoiceNumber": "ZJ05599019", "currentUrl": "https://epos.einvoice.com.tw/AS0102"}, "timestamp": 1777344069381}
{"sessionId": "79f104", "runId": "post-fix", "hypothesisId": "H2", "location": "Epos自動化測試工具3.0.py:open_ops_page:ready", "message": "Ops page ready", "data": {"currentUrl": "https://epos.einvoice.com.tw/UM0501", "openedOpsPage": true}, "timestamp": 1777344070100}
{"sessionId": "79f104", "runId": "pre-fix", "hypothesisId": "H2", "location": "Epos自動化測試工具3.0.py:delete_invoice:query_result", "message": "Delete page query result", "data": {"invoiceNumber": "ZJ05599019", "rowCount": 1}, "timestamp": 1777344070805}
{"sessionId": "79f104", "runId": "pre-fix", "hypothesisId": "H4", "location": "Epos自動化測試工具3.0.py:check_and_process_invoice:start", "message": "Start process invoice", "data": {"companyId": "85000570", "invoiceNumber": "ZJ05598710", "currentUrl": "https://epos.einvoice.com.tw/UM0501"}, "timestamp": 1777344071590}
{"sessionId": "79f104", "runId": "pre-fix", "hypothesisId": "H1", "location": "Epos自動化測試工具3.0.py:query_invoice_rows:start", "message": "Start invoice query", "data": {"companyId": "85000570", "invoiceNumber": "ZJ05598710", "currentUrl": "https://epos.einvoice.com.tw/UM0501"}, "timestamp": 1777344071604}
{"sessionId": "79f104", "runId": "pre-fix", "hypothesisId": "H1", "location": "Epos自動化測試工具3.0.py:open_business_query_page", "message": "Opened business query page", "data": {"currentUrl": "https://epos.einvoice.com.tw/AS0102", "openedBizPage": true}, "timestamp": 1777344072573}
{"sessionId": "79f104", "runId": "pre-fix", "hypothesisId": "H3", "location": "Epos自動化測試工具3.0.py:query_invoice_rows:rows", "message": "Fetched invoice rows", "data": {"companyId": "85000570", "invoiceNumber": "ZJ05598710", "rowCount": 2, "rows": [[1, "開立", "大平台回覆成功"], [2, "開立", "小平台解析失敗"]]}, "timestamp": 1777344074274}
{"sessionId": "79f104", "runId": "pre-fix", "hypothesisId": "H3", "location": "Epos自動化測試工具3.0.py:check_and_process_invoice:decision", "message": "Decision for multi rows", "data": {"invoiceNumber": "ZJ05598710", "totalRows": 2, "failRows": 1, "reasons": ["大平台回覆成功", "小平台解析失敗"]}, "timestamp": 1777344074278}
{"sessionId": "79f104", "runId": "pre-fix", "hypothesisId": "H2", "location": "Epos自動化測試工具3.0.py:delete_invoice:start", "message": "Start delete invoice", "data": {"companyId": "85000570", "invoiceNumber": "ZJ05598710", "currentUrl": "https://epos.einvoice.com.tw/AS0102"}, "timestamp": 1777344074285}
{"sessionId": "79f104", "runId": "post-fix", "hypothesisId": "H2", "location": "Epos自動化測試工具3.0.py:open_ops_page:ready", "message": "Ops page ready", "data": {"currentUrl": "https://epos.einvoice.com.tw/UM0501", "openedOpsPage": true}, "timestamp": 1777344074947}
{"sessionId": "79f104", "runId": "pre-fix", "hypothesisId": "H2", "location": "Epos自動化測試工具3.0.py:delete_invoice:query_result", "message": "Delete page query result", "data": {"invoiceNumber": "ZJ05598710", "rowCount": 1}, "timestamp": 1777344075642}
{"sessionId": "79f104", "runId": "pre-fix", "hypothesisId": "H4", "location": "Epos自動化測試工具3.0.py:check_and_process_invoice:start", "message": "Start process invoice", "data": {"companyId": "85000570", "invoiceNumber": "ZJ05598722", "currentUrl": "https://epos.einvoice.com.tw/UM0501"}, "timestamp": 1777344076515}
{"sessionId": "79f104", "runId": "pre-fix", "hypothesisId": "H1", "location": "Epos自動化測試工具3.0.py:query_invoice_rows:start", "message": "Start invoice query", "data": {"companyId": "85000570", "invoiceNumber": "ZJ05598722", "currentUrl": "https://epos.einvoice.com.tw/UM0501"}, "timestamp": 1777344076528}
{"sessionId": "79f104", "runId": "pre-fix", "hypothesisId": "H1", "location": "Epos自動化測試工具3.0.py:open_business_query_page", "message": "Opened business query page", "data": {"currentUrl": "https://epos.einvoice.com.tw/AS0102", "openedBizPage": true}, "timestamp": 1777344077461}
{"sessionId": "79f104", "runId": "pre-fix", "hypothesisId": "H3", "location": "Epos自動化測試工具3.0.py:query_invoice_rows:rows", "message": "Fetched invoice rows", "data": {"companyId": "85000570", "invoiceNumber": "ZJ05598722", "rowCount": 2, "rows": [[1, "開立", "小平台解析失敗"], [2, "開立", "大平台回覆成功"]]}, "timestamp": 1777344079171}
{"sessionId": "79f104", "runId": "pre-fix", "hypothesisId": "H3", "location": "Epos自動化測試工具3.0.py:check_and_process_invoice:decision", "message": "Decision for multi rows", "data": {"invoiceNumber": "ZJ05598722", "totalRows": 2, "failRows": 1, "reasons": ["小平台解析失敗", "大平台回覆成功"]}, "timestamp": 1777344079183}
{"sessionId": "79f104", "runId": "pre-fix", "hypothesisId": "H2", "location": "Epos自動化測試工具3.0.py:delete_invoice:start", "message": "Start delete invoice", "data": {"companyId": "85000570", "invoiceNumber": "ZJ05598722", "currentUrl": "https://epos.einvoice.com.tw/AS0102"}, "timestamp": 1777344079202}
{"sessionId": "79f104", "runId": "post-fix", "hypothesisId": "H2", "location": "Epos自動化測試工具3.0.py:open_ops_page:ready", "message": "Ops page ready", "data": {"currentUrl": "https://epos.einvoice.com.tw/UM0501", "openedOpsPage": true}, "timestamp": 1777344079931}
{"sessionId": "79f104", "runId": "pre-fix", "hypothesisId": "H2", "location": "Epos自動化測試工具3.0.py:delete_invoice:query_result", "message": "Delete page query result", "data": {"invoiceNumber": "ZJ05598722", "rowCount": 1}, "timestamp": 1777344080635}
{"sessionId": "79f104", "runId": "pre-fix", "hypothesisId": "H4", "location": "Epos自動化測試工具3.0.py:check_and_process_invoice:start", "message": "Start process invoice", "data": {"companyId": "85000570", "invoiceNumber": "ZJ05598723", "currentUrl": "https://epos.einvoice.com.tw/UM0501"}, "timestamp": 1777344081423}
{"sessionId": "79f104", "runId": "pre-fix", "hypothesisId": "H1", "location": "Epos自動化測試工具3.0.py:query_invoice_rows:start", "message": "Start invoice query", "data": {"companyId": "85000570", "invoiceNumber": "ZJ05598723", "currentUrl": "https://epos.einvoice.com.tw/UM0501"}, "timestamp": 1777344081438}
{"sessionId": "79f104", "runId": "pre-fix", "hypothesisId": "H1", "location": "Epos自動化測試工具3.0.py:open_business_query_page", "message": "Opened business query page", "data": {"currentUrl": "https://epos.einvoice.com.tw/AS0102", "openedBizPage": true}, "timestamp": 1777344082368}
{"sessionId": "79f104", "runId": "pre-fix", "hypothesisId": "H3", "location": "Epos自動化測試工具3.0.py:query_invoice_rows:rows", "message": "Fetched invoice rows", "data": {"companyId": "85000570", "invoiceNumber": "ZJ05598723", "rowCount": 2, "rows": [[1, "開立", "小平台解析失敗"], [2, "開立", "大平台回覆成功"]]}, "timestamp": 1777344084032}
{"sessionId": "79f104", "runId": "pre-fix", "hypothesisId": "H3", "location": "Epos自動化測試工具3.0.py:check_and_process_invoice:decision", "message": "Decision for multi rows", "data": {"invoiceNumber": "ZJ05598723", "totalRows": 2, "failRows": 1, "reasons": ["小平台解析失敗", "大平台回覆成功"]}, "timestamp": 1777344084036}
{"sessionId": "79f104", "runId": "pre-fix", "hypothesisId": "H2", "location": "Epos自動化測試工具3.0.py:delete_invoice:start", "message": "Start delete invoice", "data": {"companyId": "85000570", "invoiceNumber": "ZJ05598723", "currentUrl": "https://epos.einvoice.com.tw/AS0102"}, "timestamp": 1777344084042}
{"sessionId": "79f104", "runId": "post-fix", "hypothesisId": "H2", "location": "Epos自動化測試工具3.0.py:open_ops_page:ready", "message": "Ops page ready", "data": {"currentUrl": "https://epos.einvoice.com.tw/UM0501", "openedOpsPage": true}, "timestamp": 1777344084724}
{"sessionId": "79f104", "runId": "pre-fix", "hypothesisId": "H2", "location": "Epos自動化測試工具3.0.py:delete_invoice:query_result", "message": "Delete page query result", "data": {"invoiceNumber": "ZJ05598723", "rowCount": 1}, "timestamp": 1777344085470}
{"sessionId": "79f104", "runId": "pre-fix", "hypothesisId": "H4", "location": "Epos自動化測試工具3.0.py:check_and_process_invoice:start", "message": "Start process invoice", "data": {"companyId": "85000570", "invoiceNumber": "ZJ05598714", "currentUrl": "https://epos.einvoice.com.tw/UM0501"}, "timestamp": 1777344086183}
{"sessionId": "79f104", "runId": "pre-fix", "hypothesisId": "H1", "location": "Epos自動化測試工具3.0.py:query_invoice_rows:start", "message": "Start invoice query", "data": {"companyId": "85000570", "invoiceNumber": "ZJ05598714", "currentUrl": "https://epos.einvoice.com.tw/UM0501"}, "timestamp": 1777344086198}
{"sessionId": "79f104", "runId": "pre-fix", "hypothesisId": "H1", "location": "Epos自動化測試工具3.0.py:open_business_query_page", "message": "Opened business query page", "data": {"currentUrl": "https://epos.einvoice.com.tw/AS0102", "openedBizPage": true}, "timestamp": 1777344087120}
{"sessionId": "79f104", "runId": "pre-fix", "hypothesisId": "H3", "location": "Epos自動化測試工具3.0.py:query_invoice_rows:rows", "message": "Fetched invoice rows", "data": {"companyId": "85000570", "invoiceNumber": "ZJ05598714", "rowCount": 2, "rows": [[1, "開立", "小平台解析失敗"], [2, "開立", "大平台回覆成功"]]}, "timestamp": 1777344088955}
{"sessionId": "79f104", "runId": "pre-fix", "hypothesisId": "H3", "location": "Epos自動化測試工具3.0.py:check_and_process_invoice:decision", "message": "Decision for multi rows", "data": {"invoiceNumber": "ZJ05598714", "totalRows": 2, "failRows": 1, "reasons": ["小平台解析失敗", "大平台回覆成功"]}, "timestamp": 1777344088964}
{"sessionId": "79f104", "runId": "pre-fix", "hypothesisId": "H2", "location": "Epos自動化測試工具3.0.py:delete_invoice:start", "message": "Start delete invoice", "data": {"companyId": "85000570", "invoiceNumber": "ZJ05598714", "currentUrl": "https://epos.einvoice.com.tw/AS0102"}, "timestamp": 1777344088983}
{"sessionId": "79f104", "runId": "post-fix", "hypothesisId": "H2", "location": "Epos自動化測試工具3.0.py:open_ops_page:ready", "message": "Ops page ready", "data": {"currentUrl": "https://epos.einvoice.com.tw/UM0501", "openedOpsPage": true}, "timestamp": 1777344089712}
{"sessionId": "79f104", "runId": "pre-fix", "hypothesisId": "H2", "location": "Epos自動化測試工具3.0.py:delete_invoice:query_result", "message": "Delete page query result", "data": {"invoiceNumber": "ZJ05598714", "rowCount": 1}, "timestamp": 1777344090401}
{"sessionId": "79f104", "runId": "post-fix", "hypothesisId": "H5", "location": "Epos自動化測試工具3.0.py:write_invoice_data:success", "message": "Excel write success", "data": {"path": "D:\\D\\wilsonhuang\\Worktime\\python\\epos自動化測試工具3.0\\data\\EposError.xlsx", "rows": 21}, "timestamp": 1777344091291}
{"sessionId": "79f104", "runId": "pre-fix", "hypothesisId": "H4", "location": "Epos自動化測試工具3.0.py:check_and_process_invoice:start", "message": "Start process invoice", "data": {"companyId": "85000570", "invoiceNumber": "ZJ05599033", "currentUrl": "https://epos.einvoice.com.tw/UM0501"}, "timestamp": 1777344091299}
{"sessionId": "79f104", "runId": "pre-fix", "hypothesisId": "H1", "location": "Epos自動化測試工具3.0.py:query_invoice_rows:start", "message": "Start invoice query", "data": {"companyId": "85000570", "invoiceNumber": "ZJ05599033", "currentUrl": "https://epos.einvoice.com.tw/UM0501"}, "timestamp": 1777344091308}
{"sessionId": "79f104", "runId": "pre-fix", "hypothesisId": "H1", "location": "Epos自動化測試工具3.0.py:open_business_query_page", "message": "Opened business query page", "data": {"currentUrl": "https://epos.einvoice.com.tw/AS0102", "openedBizPage": true}, "timestamp": 1777344092085}
{"sessionId": "79f104", "runId": "pre-fix", "hypothesisId": "H3", "location": "Epos自動化測試工具3.0.py:query_invoice_rows:rows", "message": "Fetched invoice rows", "data": {"companyId": "85000570", "invoiceNumber": "ZJ05599033", "rowCount": 2, "rows": [[1, "開立", "大平台回覆成功"], [2, "開立", "小平台解析失敗"]]}, "timestamp": 1777344093859}
{"sessionId": "79f104", "runId": "pre-fix", "hypothesisId": "H3", "location": "Epos自動化測試工具3.0.py:check_and_process_invoice:decision", "message": "Decision for multi rows", "data": {"invoiceNumber": "ZJ05599033", "totalRows": 2, "failRows": 1, "reasons": ["大平台回覆成功", "小平台解析失敗"]}, "timestamp": 1777344093869}
{"sessionId": "79f104", "runId": "pre-fix", "hypothesisId": "H2", "location": "Epos自動化測試工具3.0.py:delete_invoice:start", "message": "Start delete invoice", "data": {"companyId": "85000570", "invoiceNumber": "ZJ05599033", "currentUrl": "https://epos.einvoice.com.tw/AS0102"}, "timestamp": 1777344093877}
{"sessionId": "79f104", "runId": "post-fix", "hypothesisId": "H2", "location": "Epos自動化測試工具3.0.py:open_ops_page:ready", "message": "Ops page ready", "data": {"currentUrl": "https://epos.einvoice.com.tw/UM0501", "openedOpsPage": true}, "timestamp": 1777344094646}
{"sessionId": "79f104", "runId": "pre-fix", "hypothesisId": "H2", "location": "Epos自動化測試工具3.0.py:delete_invoice:query_result", "message": "Delete page query result", "data": {"invoiceNumber": "ZJ05599033", "rowCount": 1}, "timestamp": 1777344095403}
{"sessionId": "79f104", "runId": "pre-fix", "hypothesisId": "H4", "location": "Epos自動化測試工具3.0.py:check_and_process_invoice:start", "message": "Start process invoice", "data": {"companyId": "85000570", "invoiceNumber": "ZJ05599040", "currentUrl": "https://epos.einvoice.com.tw/UM0501"}, "timestamp": 1777344096154}
{"sessionId": "79f104", "runId": "pre-fix", "hypothesisId": "H1", "location": "Epos自動化測試工具3.0.py:query_invoice_rows:start", "message": "Start invoice query", "data": {"companyId": "85000570", "invoiceNumber": "ZJ05599040", "currentUrl": "https://epos.einvoice.com.tw/UM0501"}, "timestamp": 1777344096172}
{"sessionId": "79f104", "runId": "pre-fix", "hypothesisId": "H1", "location": "Epos自動化測試工具3.0.py:open_business_query_page", "message": "Opened business query page", "data": {"currentUrl": "https://epos.einvoice.com.tw/AS0102", "openedBizPage": true}, "timestamp": 1777344097060}
{"sessionId": "79f104", "runId": "pre-fix", "hypothesisId": "H3", "location": "Epos自動化測試工具3.0.py:query_invoice_rows:rows", "message": "Fetched invoice rows", "data": {"companyId": "85000570", "invoiceNumber": "ZJ05599040", "rowCount": 2, "rows": [[1, "開立", "大平台回覆成功"], [2, "開立", "小平台解析失敗"]]}, "timestamp": 1777344098798}
{"sessionId": "79f104", "runId": "pre-fix", "hypothesisId": "H3", "location": "Epos自動化測試工具3.0.py:check_and_process_invoice:decision", "message": "Decision for multi rows", "data": {"invoiceNumber": "ZJ05599040", "totalRows": 2, "failRows": 1, "reasons": ["大平台回覆成功", "小平台解析失敗"]}, "timestamp": 1777344098803}
{"sessionId": "79f104", "runId": "pre-fix", "hypothesisId": "H2", "location": "Epos自動化測試工具3.0.py:delete_invoice:start", "message": "Start delete invoice", "data": {"companyId": "85000570", "invoiceNumber": "ZJ05599040", "currentUrl": "https://epos.einvoice.com.tw/AS0102"}, "timestamp": 1777344098810}
{"sessionId": "79f104", "runId": "post-fix", "hypothesisId": "H2", "location": "Epos自動化測試工具3.0.py:open_ops_page:ready", "message": "Ops page ready", "data": {"currentUrl": "https://epos.einvoice.com.tw/UM0501", "openedOpsPage": true}, "timestamp": 1777344099613}
{"sessionId": "79f104", "runId": "pre-fix", "hypothesisId": "H2", "location": "Epos自動化測試工具3.0.py:delete_invoice:query_result", "message": "Delete page query result", "data": {"invoiceNumber": "ZJ05599040", "rowCount": 1}, "timestamp": 1777344100366}
{"sessionId": "79f104", "runId": "pre-fix", "hypothesisId": "H4", "location": "Epos自動化測試工具3.0.py:check_and_process_invoice:start", "message": "Start process invoice", "data": {"companyId": "85000570", "invoiceNumber": "ZJ05599036", "currentUrl": "https://epos.einvoice.com.tw/UM0501"}, "timestamp": 1777344101081}
{"sessionId": "79f104", "runId": "pre-fix", "hypothesisId": "H1", "location": "Epos自動化測試工具3.0.py:query_invoice_rows:start", "message": "Start invoice query", "data": {"companyId": "85000570", "invoiceNumber": "ZJ05599036", "currentUrl": "https://epos.einvoice.com.tw/UM0501"}, "timestamp": 1777344101092}
{"sessionId": "79f104", "runId": "pre-fix", "hypothesisId": "H1", "location": "Epos自動化測試工具3.0.py:open_business_query_page", "message": "Opened business query page", "data": {"currentUrl": "https://epos.einvoice.com.tw/AS0102", "openedBizPage": true}, "timestamp": 1777344102039}
{"sessionId": "79f104", "runId": "pre-fix", "hypothesisId": "H3", "location": "Epos自動化測試工具3.0.py:query_invoice_rows:rows", "message": "Fetched invoice rows", "data": {"companyId": "85000570", "invoiceNumber": "ZJ05599036", "rowCount": 2, "rows": [[1, "開立", "小平台解析失敗"], [2, "開立", "大平台回覆成功"]]}, "timestamp": 1777344103772}
{"sessionId": "79f104", "runId": "pre-fix", "hypothesisId": "H3", "location": "Epos自動化測試工具3.0.py:check_and_process_invoice:decision", "message": "Decision for multi rows", "data": {"invoiceNumber": "ZJ05599036", "totalRows": 2, "failRows": 1, "reasons": ["小平台解析失敗", "大平台回覆成功"]}, "timestamp": 1777344103780}
{"sessionId": "79f104", "runId": "pre-fix", "hypothesisId": "H2", "location": "Epos自動化測試工具3.0.py:delete_invoice:start", "message": "Start delete invoice", "data": {"companyId": "85000570", "invoiceNumber": "ZJ05599036", "currentUrl": "https://epos.einvoice.com.tw/AS0102"}, "timestamp": 1777344103787}
{"sessionId": "79f104", "runId": "post-fix", "hypothesisId": "H2", "location": "Epos自動化測試工具3.0.py:open_ops_page:ready", "message": "Ops page ready", "data": {"currentUrl": "https://epos.einvoice.com.tw/UM0501", "openedOpsPage": true}, "timestamp": 1777344104469}
{"sessionId": "79f104", "runId": "pre-fix", "hypothesisId": "H2", "location": "Epos自動化測試工具3.0.py:delete_invoice:query_result", "message": "Delete page query result", "data": {"invoiceNumber": "ZJ05599036", "rowCount": 1}, "timestamp": 1777344105206}
{"sessionId": "79f104", "runId": "pre-fix", "hypothesisId": "H4", "location": "Epos自動化測試工具3.0.py:check_and_process_invoice:start", "message": "Start process invoice", "data": {"companyId": "85000570", "invoiceNumber": "ZJ05599039", "currentUrl": "https://epos.einvoice.com.tw/UM0501"}, "timestamp": 1777344105993}
{"sessionId": "79f104", "runId": "pre-fix", "hypothesisId": "H1", "location": "Epos自動化測試工具3.0.py:query_invoice_rows:start", "message": "Start invoice query", "data": {"companyId": "85000570", "invoiceNumber": "ZJ05599039", "currentUrl": "https://epos.einvoice.com.tw/UM0501"}, "timestamp": 1777344106003}
{"sessionId": "79f104", "runId": "pre-fix", "hypothesisId": "H1", "location": "Epos自動化測試工具3.0.py:open_business_query_page", "message": "Opened business query page", "data": {"currentUrl": "https://epos.einvoice.com.tw/AS0102", "openedBizPage": true}, "timestamp": 1777344107004}
{"sessionId": "79f104", "runId": "pre-fix", "hypothesisId": "H3", "location": "Epos自動化測試工具3.0.py:query_invoice_rows:rows", "message": "Fetched invoice rows", "data": {"companyId": "85000570", "invoiceNumber": "ZJ05599039", "rowCount": 2, "rows": [[1, "開立", "大平台回覆成功"], [2, "開立", "小平台解析失敗"]]}, "timestamp": 1777344108742}
{"sessionId": "79f104", "runId": "pre-fix", "hypothesisId": "H3", "location": "Epos自動化測試工具3.0.py:check_and_process_invoice:decision", "message": "Decision for multi rows", "data": {"invoiceNumber": "ZJ05599039", "totalRows": 2, "failRows": 1, "reasons": ["大平台回覆成功", "小平台解析失敗"]}, "timestamp": 1777344108750}
{"sessionId": "79f104", "runId": "pre-fix", "hypothesisId": "H2", "location": "Epos自動化測試工具3.0.py:delete_invoice:start", "message": "Start delete invoice", "data": {"companyId": "85000570", "invoiceNumber": "ZJ05599039", "currentUrl": "https://epos.einvoice.com.tw/AS0102"}, "timestamp": 1777344108759}
{"sessionId": "79f104", "runId": "post-fix", "hypothesisId": "H2", "location": "Epos自動化測試工具3.0.py:open_ops_page:ready", "message": "Ops page ready", "data": {"currentUrl": "https://epos.einvoice.com.tw/UM0501", "openedOpsPage": true}, "timestamp": 1777344109494}
{"sessionId": "79f104", "runId": "pre-fix", "hypothesisId": "H2", "location": "Epos自動化測試工具3.0.py:delete_invoice:query_result", "message": "Delete page query result", "data": {"invoiceNumber": "ZJ05599039", "rowCount": 1}, "timestamp": 1777344110220}
{"sessionId": "79f104", "runId": "pre-fix", "hypothesisId": "H4", "location": "Epos自動化測試工具3.0.py:check_and_process_invoice:start", "message": "Start process invoice", "data": {"companyId": "85000570", "invoiceNumber": "ZJ05599031", "currentUrl": "https://epos.einvoice.com.tw/UM0501"}, "timestamp": 1777344110986}
{"sessionId": "79f104", "runId": "pre-fix", "hypothesisId": "H1", "location": "Epos自動化測試工具3.0.py:query_invoice_rows:start", "message": "Start invoice query", "data": {"companyId": "85000570", "invoiceNumber": "ZJ05599031", "currentUrl": "https://epos.einvoice.com.tw/UM0501"}, "timestamp": 1777344111001}
{"sessionId": "79f104", "runId": "pre-fix", "hypothesisId": "H1", "location": "Epos自動化測試工具3.0.py:open_business_query_page", "message": "Opened business query page", "data": {"currentUrl": "https://epos.einvoice.com.tw/AS0102", "openedBizPage": true}, "timestamp": 1777344111956}
{"sessionId": "79f104", "runId": "pre-fix", "hypothesisId": "H3", "location": "Epos自動化測試工具3.0.py:query_invoice_rows:rows", "message": "Fetched invoice rows", "data": {"companyId": "85000570", "invoiceNumber": "ZJ05599031", "rowCount": 2, "rows": [[1, "開立", "小平台解析失敗"], [2, "開立", "大平台回覆成功"]]}, "timestamp": 1777344113679}
{"sessionId": "79f104", "runId": "pre-fix", "hypothesisId": "H3", "location": "Epos自動化測試工具3.0.py:check_and_process_invoice:decision", "message": "Decision for multi rows", "data": {"invoiceNumber": "ZJ05599031", "totalRows": 2, "failRows": 1, "reasons": ["小平台解析失敗", "大平台回覆成功"]}, "timestamp": 1777344113684}
{"sessionId": "79f104", "runId": "pre-fix", "hypothesisId": "H2", "location": "Epos自動化測試工具3.0.py:delete_invoice:start", "message": "Start delete invoice", "data": {"companyId": "85000570", "invoiceNumber": "ZJ05599031", "currentUrl": "https://epos.einvoice.com.tw/AS0102"}, "timestamp": 1777344113691}
{"sessionId": "79f104", "runId": "post-fix", "hypothesisId": "H2", "location": "Epos自動化測試工具3.0.py:open_ops_page:ready", "message": "Ops page ready", "data": {"currentUrl": "https://epos.einvoice.com.tw/UM0501", "openedOpsPage": true}, "timestamp": 1777344114365}
{"sessionId": "79f104", "runId": "pre-fix", "hypothesisId": "H2", "location": "Epos自動化測試工具3.0.py:delete_invoice:query_result", "message": "Delete page query result", "data": {"invoiceNumber": "ZJ05599031", "rowCount": 1}, "timestamp": 1777344115051}
{"sessionId": "79f104", "runId": "post-fix", "hypothesisId": "H5", "location": "Epos自動化測試工具3.0.py:write_invoice_data:success", "message": "Excel write success", "data": {"path": "D:\\D\\wilsonhuang\\Worktime\\python\\epos自動化測試工具3.0\\data\\EposError.xlsx", "rows": 16}, "timestamp": 1777344115814}
{"sessionId": "79f104", "runId": "pre-fix", "hypothesisId": "H4", "location": "Epos自動化測試工具3.0.py:check_and_process_invoice:start", "message": "Start process invoice", "data": {"companyId": "85000570", "invoiceNumber": "ZJ05599038", "currentUrl": "https://epos.einvoice.com.tw/UM0501"}, "timestamp": 1777344115821}
{"sessionId": "79f104", "runId": "pre-fix", "hypothesisId": "H1", "location": "Epos自動化測試工具3.0.py:query_invoice_rows:start", "message": "Start invoice query", "data": {"companyId": "85000570", "invoiceNumber": "ZJ05599038", "currentUrl": "https://epos.einvoice.com.tw/UM0501"}, "timestamp": 1777344115827}
{"sessionId": "79f104", "runId": "pre-fix", "hypothesisId": "H1", "location": "Epos自動化測試工具3.0.py:open_business_query_page", "message": "Opened business query page", "data": {"currentUrl": "https://epos.einvoice.com.tw/AS0102", "openedBizPage": true}, "timestamp": 1777344116674}
{"sessionId": "79f104", "runId": "pre-fix", "hypothesisId": "H3", "location": "Epos自動化測試工具3.0.py:query_invoice_rows:rows", "message": "Fetched invoice rows", "data": {"companyId": "85000570", "invoiceNumber": "ZJ05599038", "rowCount": 2, "rows": [[1, "開立", "大平台回覆成功"], [2, "開立", "小平台解析失敗"]]}, "timestamp": 1777344118395}
{"sessionId": "79f104", "runId": "pre-fix", "hypothesisId": "H3", "location": "Epos自動化測試工具3.0.py:check_and_process_invoice:decision", "message": "Decision for multi rows", "data": {"invoiceNumber": "ZJ05599038", "totalRows": 2, "failRows": 1, "reasons": ["大平台回覆成功", "小平台解析失敗"]}, "timestamp": 1777344118400}
{"sessionId": "79f104", "runId": "pre-fix", "hypothesisId": "H2", "location": "Epos自動化測試工具3.0.py:delete_invoice:start", "message": "Start delete invoice", "data": {"companyId": "85000570", "invoiceNumber": "ZJ05599038", "currentUrl": "https://epos.einvoice.com.tw/AS0102"}, "timestamp": 1777344118406}
{"sessionId": "79f104", "runId": "post-fix", "hypothesisId": "H2", "location": "Epos自動化測試工具3.0.py:open_ops_page:ready", "message": "Ops page ready", "data": {"currentUrl": "https://epos.einvoice.com.tw/UM0501", "openedOpsPage": true}, "timestamp": 1777344119063}
{"sessionId": "79f104", "runId": "pre-fix", "hypothesisId": "H2", "location": "Epos自動化測試工具3.0.py:delete_invoice:query_result", "message": "Delete page query result", "data": {"invoiceNumber": "ZJ05599038", "rowCount": 1}, "timestamp": 1777344119741}
{"sessionId": "79f104", "runId": "pre-fix", "hypothesisId": "H4", "location": "Epos自動化測試工具3.0.py:check_and_process_invoice:start", "message": "Start process invoice", "data": {"companyId": "85000570", "invoiceNumber": "ZJ05599025", "currentUrl": "https://epos.einvoice.com.tw/UM0501"}, "timestamp": 1777344120477}
{"sessionId": "79f104", "runId": "pre-fix", "hypothesisId": "H1", "location": "Epos自動化測試工具3.0.py:query_invoice_rows:start", "message": "Start invoice query", "data": {"companyId": "85000570", "invoiceNumber": "ZJ05599025", "currentUrl": "https://epos.einvoice.com.tw/UM0501"}, "timestamp": 1777344120492}
{"sessionId": "79f104", "runId": "pre-fix", "hypothesisId": "H1", "location": "Epos自動化測試工具3.0.py:open_business_query_page", "message": "Opened business query page", "data": {"currentUrl": "https://epos.einvoice.com.tw/AS0102", "openedBizPage": true}, "timestamp": 1777344121393}
{"sessionId": "79f104", "runId": "pre-fix", "hypothesisId": "H3", "location": "Epos自動化測試工具3.0.py:query_invoice_rows:rows", "message": "Fetched invoice rows", "data": {"companyId": "85000570", "invoiceNumber": "ZJ05599025", "rowCount": 3, "rows": [[1, "開立", "小平台解析失敗"], [2, "開立", "小平台解析失敗"], [3, "開立", "大平台回覆成功"]]}, "timestamp": 1777344123178}
{"sessionId": "79f104", "runId": "pre-fix", "hypothesisId": "H3", "location": "Epos自動化測試工具3.0.py:check_and_process_invoice:decision", "message": "Decision for multi rows", "data": {"invoiceNumber": "ZJ05599025", "totalRows": 3, "failRows": 2, "reasons": ["小平台解析失敗", "小平台解析失敗", "大平台回覆成功"]}, "timestamp": 1777344123185}
{"sessionId": "79f104", "runId": "pre-fix", "hypothesisId": "H2", "location": "Epos自動化測試工具3.0.py:delete_invoice:start", "message": "Start delete invoice", "data": {"companyId": "85000570", "invoiceNumber": "ZJ05599025", "currentUrl": "https://epos.einvoice.com.tw/AS0102"}, "timestamp": 1777344123192}
{"sessionId": "79f104", "runId": "post-fix", "hypothesisId": "H2", "location": "Epos自動化測試工具3.0.py:open_ops_page:ready", "message": "Ops page ready", "data": {"currentUrl": "https://epos.einvoice.com.tw/UM0501", "openedOpsPage": true}, "timestamp": 1777344123888}
{"sessionId": "79f104", "runId": "pre-fix", "hypothesisId": "H2", "location": "Epos自動化測試工具3.0.py:delete_invoice:query_result", "message": "Delete page query result", "data": {"invoiceNumber": "ZJ05599025", "rowCount": 2}, "timestamp": 1777344124567}
{"sessionId": "79f104", "runId": "pre-fix", "hypothesisId": "H2", "location": "Epos自動化測試工具3.0.py:delete_invoice:start", "message": "Start delete invoice", "data": {"companyId": "85000570", "invoiceNumber": "ZJ05599025", "currentUrl": "https://epos.einvoice.com.tw/UM0501"}, "timestamp": 1777344128115}
{"sessionId": "79f104", "runId": "post-fix", "hypothesisId": "H2", "location": "Epos自動化測試工具3.0.py:open_ops_page:ready", "message": "Ops page ready", "data": {"currentUrl": "https://epos.einvoice.com.tw/UM0501", "openedOpsPage": true}, "timestamp": 1777344128291}
{"sessionId": "79f104", "runId": "pre-fix", "hypothesisId": "H2", "location": "Epos自動化測試工具3.0.py:delete_invoice:query_result", "message": "Delete page query result", "data": {"invoiceNumber": "ZJ05599025", "rowCount": 1}, "timestamp": 1777344128970}
{"sessionId": "79f104", "runId": "pre-fix", "hypothesisId": "H4", "location": "Epos自動化測試工具3.0.py:check_and_process_invoice:start", "message": "Start process invoice", "data": {"companyId": "85000570", "invoiceNumber": "ZJ05599037", "currentUrl": "https://epos.einvoice.com.tw/UM0501"}, "timestamp": 1777344129742}
{"sessionId": "79f104", "runId": "pre-fix", "hypothesisId": "H1", "location": "Epos自動化測試工具3.0.py:query_invoice_rows:start", "message": "Start invoice query", "data": {"companyId": "85000570", "invoiceNumber": "ZJ05599037", "currentUrl": "https://epos.einvoice.com.tw/UM0501"}, "timestamp": 1777344129751}
{"sessionId": "79f104", "runId": "pre-fix", "hypothesisId": "H1", "location": "Epos自動化測試工具3.0.py:open_business_query_page", "message": "Opened business query page", "data": {"currentUrl": "https://epos.einvoice.com.tw/AS0102", "openedBizPage": true}, "timestamp": 1777344130664}
{"sessionId": "79f104", "runId": "pre-fix", "hypothesisId": "H3", "location": "Epos自動化測試工具3.0.py:query_invoice_rows:rows", "message": "Fetched invoice rows", "data": {"companyId": "85000570", "invoiceNumber": "ZJ05599037", "rowCount": 2, "rows": [[1, "開立", "小平台解析失敗"], [2, "開立", "大平台回覆成功"]]}, "timestamp": 1777344132375}
{"sessionId": "79f104", "runId": "pre-fix", "hypothesisId": "H3", "location": "Epos自動化測試工具3.0.py:check_and_process_invoice:decision", "message": "Decision for multi rows", "data": {"invoiceNumber": "ZJ05599037", "totalRows": 2, "failRows": 1, "reasons": ["小平台解析失敗", "大平台回覆成功"]}, "timestamp": 1777344132385}
{"sessionId": "79f104", "runId": "pre-fix", "hypothesisId": "H2", "location": "Epos自動化測試工具3.0.py:delete_invoice:start", "message": "Start delete invoice", "data": {"companyId": "85000570", "invoiceNumber": "ZJ05599037", "currentUrl": "https://epos.einvoice.com.tw/AS0102"}, "timestamp": 1777344132395}
{"sessionId": "79f104", "runId": "post-fix", "hypothesisId": "H2", "location": "Epos自動化測試工具3.0.py:open_ops_page:ready", "message": "Ops page ready", "data": {"currentUrl": "https://epos.einvoice.com.tw/UM0501", "openedOpsPage": true}, "timestamp": 1777344133106}
{"sessionId": "79f104", "runId": "pre-fix", "hypothesisId": "H2", "location": "Epos自動化測試工具3.0.py:delete_invoice:query_result", "message": "Delete page query result", "data": {"invoiceNumber": "ZJ05599037", "rowCount": 1}, "timestamp": 1777344133825}
{"sessionId": "79f104", "runId": "pre-fix", "hypothesisId": "H4", "location": "Epos自動化測試工具3.0.py:check_and_process_invoice:start", "message": "Start process invoice", "data": {"companyId": "85000570", "invoiceNumber": "ZJ05599025", "currentUrl": "https://epos.einvoice.com.tw/UM0501"}, "timestamp": 1777344134663}
{"sessionId": "79f104", "runId": "pre-fix", "hypothesisId": "H1", "location": "Epos自動化測試工具3.0.py:query_invoice_rows:start", "message": "Start invoice query", "data": {"companyId": "85000570", "invoiceNumber": "ZJ05599025", "currentUrl": "https://epos.einvoice.com.tw/UM0501"}, "timestamp": 1777344134680}
{"sessionId": "79f104", "runId": "pre-fix", "hypothesisId": "H1", "location": "Epos自動化測試工具3.0.py:open_business_query_page", "message": "Opened business query page", "data": {"currentUrl": "https://epos.einvoice.com.tw/AS0102", "openedBizPage": true}, "timestamp": 1777344135614}
{"sessionId": "79f104", "runId": "pre-fix", "hypothesisId": "H3", "location": "Epos自動化測試工具3.0.py:query_invoice_rows:rows", "message": "Fetched invoice rows", "data": {"companyId": "85000570", "invoiceNumber": "ZJ05599025", "rowCount": 1, "rows": [[1, "開立", "大平台回覆成功"]]}, "timestamp": 1777344137415}
{"sessionId": "79f104", "runId": "pre-fix", "hypothesisId": "H4", "location": "Epos自動化測試工具3.0.py:check_and_process_invoice:start", "message": "Start process invoice", "data": {"companyId": "85000570", "invoiceNumber": "ZJ05599035", "currentUrl": "https://epos.einvoice.com.tw/AS0102"}, "timestamp": 1777344137450}
{"sessionId": "79f104", "runId": "pre-fix", "hypothesisId": "H1", "location": "Epos自動化測試工具3.0.py:query_invoice_rows:start", "message": "Start invoice query", "data": {"companyId": "85000570", "invoiceNumber": "ZJ05599035", "currentUrl": "https://epos.einvoice.com.tw/AS0102"}, "timestamp": 1777344137463}
{"sessionId": "79f104", "runId": "pre-fix", "hypothesisId": "H1", "location": "Epos自動化測試工具3.0.py:open_business_query_page", "message": "Opened business query page", "data": {"currentUrl": "https://epos.einvoice.com.tw/AS0102", "openedBizPage": true}, "timestamp": 1777344137695}
{"sessionId": "79f104", "runId": "pre-fix", "hypothesisId": "H3", "location": "Epos自動化測試工具3.0.py:query_invoice_rows:rows", "message": "Fetched invoice rows", "data": {"companyId": "85000570", "invoiceNumber": "ZJ05599035", "rowCount": 2, "rows": [[1, "開立", "小平台解析失敗"], [2, "開立", "大平台回覆成功"]]}, "timestamp": 1777344139478}
{"sessionId": "79f104", "runId": "pre-fix", "hypothesisId": "H3", "location": "Epos自動化測試工具3.0.py:check_and_process_invoice:decision", "message": "Decision for multi rows", "data": {"invoiceNumber": "ZJ05599035", "totalRows": 2, "failRows": 1, "reasons": ["小平台解析失敗", "大平台回覆成功"]}, "timestamp": 1777344139487}
{"sessionId": "79f104", "runId": "pre-fix", "hypothesisId": "H2", "location": "Epos自動化測試工具3.0.py:delete_invoice:start", "message": "Start delete invoice", "data": {"companyId": "85000570", "invoiceNumber": "ZJ05599035", "currentUrl": "https://epos.einvoice.com.tw/AS0102"}, "timestamp": 1777344139501}
{"sessionId": "79f104", "runId": "post-fix", "hypothesisId": "H2", "location": "Epos自動化測試工具3.0.py:open_ops_page:ready", "message": "Ops page ready", "data": {"currentUrl": "https://epos.einvoice.com.tw/UM0501", "openedOpsPage": true}, "timestamp": 1777344140247}
{"sessionId": "79f104", "runId": "pre-fix", "hypothesisId": "H2", "location": "Epos自動化測試工具3.0.py:delete_invoice:query_result", "message": "Delete page query result", "data": {"invoiceNumber": "ZJ05599035", "rowCount": 1}, "timestamp": 1777344140926}
{"sessionId": "79f104", "runId": "post-fix", "hypothesisId": "H5", "location": "Epos自動化測試工具3.0.py:write_invoice_data:success", "message": "Excel write success", "data": {"path": "D:\\D\\wilsonhuang\\Worktime\\python\\epos自動化測試工具3.0\\data\\EposError.xlsx", "rows": 11}, "timestamp": 1777344141740}
{"sessionId": "79f104", "runId": "pre-fix", "hypothesisId": "H4", "location": "Epos自動化測試工具3.0.py:check_and_process_invoice:start", "message": "Start process invoice", "data": {"companyId": "85000570", "invoiceNumber": "ZJ05599026", "currentUrl": "https://epos.einvoice.com.tw/UM0501"}, "timestamp": 1777344141748}
{"sessionId": "79f104", "runId": "pre-fix", "hypothesisId": "H1", "location": "Epos自動化測試工具3.0.py:query_invoice_rows:start", "message": "Start invoice query", "data": {"companyId": "85000570", "invoiceNumber": "ZJ05599026", "currentUrl": "https://epos.einvoice.com.tw/UM0501"}, "timestamp": 1777344141763}
{"sessionId": "79f104", "runId": "pre-fix", "hypothesisId": "H1", "location": "Epos自動化測試工具3.0.py:open_business_query_page", "message": "Opened business query page", "data": {"currentUrl": "https://epos.einvoice.com.tw/AS0102", "openedBizPage": true}, "timestamp": 1777344142569}
{"sessionId": "79f104", "runId": "pre-fix", "hypothesisId": "H3", "location": "Epos自動化測試工具3.0.py:query_invoice_rows:rows", "message": "Fetched invoice rows", "data": {"companyId": "85000570", "invoiceNumber": "ZJ05599026", "rowCount": 2, "rows": [[1, "開立", "小平台解析失敗"], [2, "開立", "大平台回覆成功"]]}, "timestamp": 1777344144376}
{"sessionId": "79f104", "runId": "pre-fix", "hypothesisId": "H3", "location": "Epos自動化測試工具3.0.py:check_and_process_invoice:decision", "message": "Decision for multi rows", "data": {"invoiceNumber": "ZJ05599026", "totalRows": 2, "failRows": 1, "reasons": ["小平台解析失敗", "大平台回覆成功"]}, "timestamp": 1777344144391}
{"sessionId": "79f104", "runId": "pre-fix", "hypothesisId": "H2", "location": "Epos自動化測試工具3.0.py:delete_invoice:start", "message": "Start delete invoice", "data": {"companyId": "85000570", "invoiceNumber": "ZJ05599026", "currentUrl": "https://epos.einvoice.com.tw/AS0102"}, "timestamp": 1777344144400}
{"sessionId": "79f104", "runId": "post-fix", "hypothesisId": "H2", "location": "Epos自動化測試工具3.0.py:open_ops_page:ready", "message": "Ops page ready", "data": {"currentUrl": "https://epos.einvoice.com.tw/UM0501", "openedOpsPage": true}, "timestamp": 1777344145245}
{"sessionId": "79f104", "runId": "pre-fix", "hypothesisId": "H2", "location": "Epos自動化測試工具3.0.py:delete_invoice:query_result", "message": "Delete page query result", "data": {"invoiceNumber": "ZJ05599026", "rowCount": 1}, "timestamp": 1777344145953}
{"sessionId": "79f104", "runId": "pre-fix", "hypothesisId": "H4", "location": "Epos自動化測試工具3.0.py:check_and_process_invoice:start", "message": "Start process invoice", "data": {"companyId": "95451010", "invoiceNumber": "ZL91869142", "currentUrl": "https://epos.einvoice.com.tw/UM0501"}, "timestamp": 1777344146880}
{"sessionId": "79f104", "runId": "pre-fix", "hypothesisId": "H1", "location": "Epos自動化測試工具3.0.py:query_invoice_rows:start", "message": "Start invoice query", "data": {"companyId": "95451010", "invoiceNumber": "ZL91869142", "currentUrl": "https://epos.einvoice.com.tw/UM0501"}, "timestamp": 1777344146904}
{"sessionId": "79f104", "runId": "pre-fix", "hypothesisId": "H1", "location": "Epos自動化測試工具3.0.py:open_business_query_page", "message": "Opened business query page", "data": {"currentUrl": "https://epos.einvoice.com.tw/AS0102", "openedBizPage": true}, "timestamp": 1777344147882}
{"sessionId": "79f104", "runId": "pre-fix", "hypothesisId": "H3", "location": "Epos自動化測試工具3.0.py:query_invoice_rows:rows", "message": "Fetched invoice rows", "data": {"companyId": "95451010", "invoiceNumber": "ZL91869142", "rowCount": 3, "rows": [[1, "開立", "大平台回覆成功"], [2, "開立", "小平台解析失敗"], [3, "作廢", "大平台回覆成功"]]}, "timestamp": 1777344149543}
{"sessionId": "79f104", "runId": "pre-fix", "hypothesisId": "H3", "location": "Epos自動化測試工具3.0.py:check_and_process_invoice:decision", "message": "Decision for multi rows", "data": {"invoiceNumber": "ZL91869142", "totalRows": 3, "failRows": 1, "reasons": ["大平台回覆成功", "小平台解析失敗", "大平台回覆成功"]}, "timestamp": 1777344149552}
{"sessionId": "79f104", "runId": "pre-fix", "hypothesisId": "H2", "location": "Epos自動化測試工具3.0.py:delete_invoice:start", "message": "Start delete invoice", "data": {"companyId": "95451010", "invoiceNumber": "ZL91869142", "currentUrl": "https://epos.einvoice.com.tw/AS0102"}, "timestamp": 1777344149561}
{"sessionId": "79f104", "runId": "post-fix", "hypothesisId": "H2", "location": "Epos自動化測試工具3.0.py:open_ops_page:ready", "message": "Ops page ready", "data": {"currentUrl": "https://epos.einvoice.com.tw/UM0501", "openedOpsPage": true}, "timestamp": 1777344150270}
{"sessionId": "79f104", "runId": "pre-fix", "hypothesisId": "H2", "location": "Epos自動化測試工具3.0.py:delete_invoice:query_result", "message": "Delete page query result", "data": {"invoiceNumber": "ZL91869142", "rowCount": 1}, "timestamp": 1777344150982}
{"sessionId": "79f104", "runId": "pre-fix", "hypothesisId": "H4", "location": "Epos自動化測試工具3.0.py:check_and_process_invoice:start", "message": "Start process invoice", "data": {"companyId": "95419238", "invoiceNumber": "ZN25512971", "currentUrl": "https://epos.einvoice.com.tw/UM0501"}, "timestamp": 1777344151779}
{"sessionId": "79f104", "runId": "pre-fix", "hypothesisId": "H1", "location": "Epos自動化測試工具3.0.py:query_invoice_rows:start", "message": "Start invoice query", "data": {"companyId": "95419238", "invoiceNumber": "ZN25512971", "currentUrl": "https://epos.einvoice.com.tw/UM0501"}, "timestamp": 1777344151792}
{"sessionId": "79f104", "runId": "pre-fix", "hypothesisId": "H1", "location": "Epos自動化測試工具3.0.py:open_business_query_page", "message": "Opened business query page", "data": {"currentUrl": "https://epos.einvoice.com.tw/AS0102", "openedBizPage": true}, "timestamp": 1777344152706}
{"sessionId": "79f104", "runId": "pre-fix", "hypothesisId": "H3", "location": "Epos自動化測試工具3.0.py:query_invoice_rows:rows", "message": "Fetched invoice rows", "data": {"companyId": "95419238", "invoiceNumber": "ZN25512971", "rowCount": 2, "rows": [[1, "開立", "大平台回覆成功"], [2, "開立", "小平台解析失敗"]]}, "timestamp": 1777344154484}
{"sessionId": "79f104", "runId": "pre-fix", "hypothesisId": "H3", "location": "Epos自動化測試工具3.0.py:check_and_process_invoice:decision", "message": "Decision for multi rows", "data": {"invoiceNumber": "ZN25512971", "totalRows": 2, "failRows": 1, "reasons": ["大平台回覆成功", "小平台解析失敗"]}, "timestamp": 1777344154494}
{"sessionId": "79f104", "runId": "pre-fix", "hypothesisId": "H2", "location": "Epos自動化測試工具3.0.py:delete_invoice:start", "message": "Start delete invoice", "data": {"companyId": "95419238", "invoiceNumber": "ZN25512971", "currentUrl": "https://epos.einvoice.com.tw/AS0102"}, "timestamp": 1777344154514}
{"sessionId": "79f104", "runId": "post-fix", "hypothesisId": "H2", "location": "Epos自動化測試工具3.0.py:open_ops_page:ready", "message": "Ops page ready", "data": {"currentUrl": "https://epos.einvoice.com.tw/UM0501", "openedOpsPage": true}, "timestamp": 1777344155325}
{"sessionId": "79f104", "runId": "pre-fix", "hypothesisId": "H2", "location": "Epos自動化測試工具3.0.py:delete_invoice:query_result", "message": "Delete page query result", "data": {"invoiceNumber": "ZN25512971", "rowCount": 1}, "timestamp": 1777344156073}
{"sessionId": "79f104", "runId": "pre-fix", "hypothesisId": "H4", "location": "Epos自動化測試工具3.0.py:check_and_process_invoice:start", "message": "Start process invoice", "data": {"companyId": "95419238", "invoiceNumber": "ZN25512972", "currentUrl": "https://epos.einvoice.com.tw/UM0501"}, "timestamp": 1777344156807}
{"sessionId": "79f104", "runId": "pre-fix", "hypothesisId": "H1", "location": "Epos自動化測試工具3.0.py:query_invoice_rows:start", "message": "Start invoice query", "data": {"companyId": "95419238", "invoiceNumber": "ZN25512972", "currentUrl": "https://epos.einvoice.com.tw/UM0501"}, "timestamp": 1777344156818}
{"sessionId": "79f104", "runId": "pre-fix", "hypothesisId": "H1", "location": "Epos自動化測試工具3.0.py:open_business_query_page", "message": "Opened business query page", "data": {"currentUrl": "https://epos.einvoice.com.tw/AS0102", "openedBizPage": true}, "timestamp": 1777344157746}
{"sessionId": "79f104", "runId": "pre-fix", "hypothesisId": "H3", "location": "Epos自動化測試工具3.0.py:query_invoice_rows:rows", "message": "Fetched invoice rows", "data": {"companyId": "95419238", "invoiceNumber": "ZN25512972", "rowCount": 2, "rows": [[1, "開立", "大平台回覆成功"], [2, "開立", "小平台解析失敗"]]}, "timestamp": 1777344159487}
{"sessionId": "79f104", "runId": "pre-fix", "hypothesisId": "H3", "location": "Epos自動化測試工具3.0.py:check_and_process_invoice:decision", "message": "Decision for multi rows", "data": {"invoiceNumber": "ZN25512972", "totalRows": 2, "failRows": 1, "reasons": ["大平台回覆成功", "小平台解析失敗"]}, "timestamp": 1777344159497}
{"sessionId": "79f104", "runId": "pre-fix", "hypothesisId": "H2", "location": "Epos自動化測試工具3.0.py:delete_invoice:start", "message": "Start delete invoice", "data": {"companyId": "95419238", "invoiceNumber": "ZN25512972", "currentUrl": "https://epos.einvoice.com.tw/AS0102"}, "timestamp": 1777344159511}
{"sessionId": "79f104", "runId": "post-fix", "hypothesisId": "H2", "location": "Epos自動化測試工具3.0.py:open_ops_page:ready", "message": "Ops page ready", "data": {"currentUrl": "https://epos.einvoice.com.tw/UM0501", "openedOpsPage": true}, "timestamp": 1777344160284}
{"sessionId": "79f104", "runId": "pre-fix", "hypothesisId": "H2", "location": "Epos自動化測試工具3.0.py:delete_invoice:query_result", "message": "Delete page query result", "data": {"invoiceNumber": "ZN25512972", "rowCount": 1}, "timestamp": 1777344160987}
{"sessionId": "79f104", "runId": "pre-fix", "hypothesisId": "H4", "location": "Epos自動化測試工具3.0.py:check_and_process_invoice:start", "message": "Start process invoice", "data": {"companyId": "95419238", "invoiceNumber": "ZN25512966", "currentUrl": "https://epos.einvoice.com.tw/UM0501"}, "timestamp": 1777344161789}
{"sessionId": "79f104", "runId": "pre-fix", "hypothesisId": "H1", "location": "Epos自動化測試工具3.0.py:query_invoice_rows:start", "message": "Start invoice query", "data": {"companyId": "95419238", "invoiceNumber": "ZN25512966", "currentUrl": "https://epos.einvoice.com.tw/UM0501"}, "timestamp": 1777344161808}
{"sessionId": "79f104", "runId": "pre-fix", "hypothesisId": "H1", "location": "Epos自動化測試工具3.0.py:open_business_query_page", "message": "Opened business query page", "data": {"currentUrl": "https://epos.einvoice.com.tw/AS0102", "openedBizPage": true}, "timestamp": 1777344162688}
{"sessionId": "79f104", "runId": "pre-fix", "hypothesisId": "H3", "location": "Epos自動化測試工具3.0.py:query_invoice_rows:rows", "message": "Fetched invoice rows", "data": {"companyId": "95419238", "invoiceNumber": "ZN25512966", "rowCount": 2, "rows": [[1, "開立", "小平台解析失敗"], [2, "開立", "大平台回覆成功"]]}, "timestamp": 1777344164456}
{"sessionId": "79f104", "runId": "pre-fix", "hypothesisId": "H3", "location": "Epos自動化測試工具3.0.py:check_and_process_invoice:decision", "message": "Decision for multi rows", "data": {"invoiceNumber": "ZN25512966", "totalRows": 2, "failRows": 1, "reasons": ["小平台解析失敗", "大平台回覆成功"]}, "timestamp": 1777344164467}
{"sessionId": "79f104", "runId": "pre-fix", "hypothesisId": "H2", "location": "Epos自動化測試工具3.0.py:delete_invoice:start", "message": "Start delete invoice", "data": {"companyId": "95419238", "invoiceNumber": "ZN25512966", "currentUrl": "https://epos.einvoice.com.tw/AS0102"}, "timestamp": 1777344164477}
{"sessionId": "79f104", "runId": "post-fix", "hypothesisId": "H2", "location": "Epos自動化測試工具3.0.py:open_ops_page:ready", "message": "Ops page ready", "data": {"currentUrl": "https://epos.einvoice.com.tw/UM0501", "openedOpsPage": true}, "timestamp": 1777344165237}
{"sessionId": "79f104", "runId": "pre-fix", "hypothesisId": "H2", "location": "Epos自動化測試工具3.0.py:delete_invoice:query_result", "message": "Delete page query result", "data": {"invoiceNumber": "ZN25512966", "rowCount": 1}, "timestamp": 1777344165905}
{"sessionId": "79f104", "runId": "post-fix", "hypothesisId": "H5", "location": "Epos自動化測試工具3.0.py:write_invoice_data:success", "message": "Excel write success", "data": {"path": "D:\\D\\wilsonhuang\\Worktime\\python\\epos自動化測試工具3.0\\data\\EposError.xlsx", "rows": 6}, "timestamp": 1777344166646}
{"sessionId": "79f104", "runId": "pre-fix", "hypothesisId": "H4", "location": "Epos自動化測試工具3.0.py:check_and_process_invoice:start", "message": "Start process invoice", "data": {"companyId": "95419238", "invoiceNumber": "ZN25512970", "currentUrl": "https://epos.einvoice.com.tw/UM0501"}, "timestamp": 1777344166656}
{"sessionId": "79f104", "runId": "pre-fix", "hypothesisId": "H1", "location": "Epos自動化測試工具3.0.py:query_invoice_rows:start", "message": "Start invoice query", "data": {"companyId": "95419238", "invoiceNumber": "ZN25512970", "currentUrl": "https://epos.einvoice.com.tw/UM0501"}, "timestamp": 1777344166664}
{"sessionId": "79f104", "runId": "pre-fix", "hypothesisId": "H1", "location": "Epos自動化測試工具3.0.py:open_business_query_page", "message": "Opened business query page", "data": {"currentUrl": "https://epos.einvoice.com.tw/AS0102", "openedBizPage": true}, "timestamp": 1777344167588}
{"sessionId": "79f104", "runId": "pre-fix", "hypothesisId": "H3", "location": "Epos自動化測試工具3.0.py:query_invoice_rows:rows", "message": "Fetched invoice rows", "data": {"companyId": "95419238", "invoiceNumber": "ZN25512970", "rowCount": 2, "rows": [[1, "開立", "小平台解析失敗"], [2, "開立", "大平台回覆成功"]]}, "timestamp": 1777344169268}
{"sessionId": "79f104", "runId": "pre-fix", "hypothesisId": "H3", "location": "Epos自動化測試工具3.0.py:check_and_process_invoice:decision", "message": "Decision for multi rows", "data": {"invoiceNumber": "ZN25512970", "totalRows": 2, "failRows": 1, "reasons": ["小平台解析失敗", "大平台回覆成功"]}, "timestamp": 1777344169273}
{"sessionId": "79f104", "runId": "pre-fix", "hypothesisId": "H2", "location": "Epos自動化測試工具3.0.py:delete_invoice:start", "message": "Start delete invoice", "data": {"companyId": "95419238", "invoiceNumber": "ZN25512970", "currentUrl": "https://epos.einvoice.com.tw/AS0102"}, "timestamp": 1777344169279}
{"sessionId": "79f104", "runId": "post-fix", "hypothesisId": "H2", "location": "Epos自動化測試工具3.0.py:open_ops_page:ready", "message": "Ops page ready", "data": {"currentUrl": "https://epos.einvoice.com.tw/UM0501", "openedOpsPage": true}, "timestamp": 1777344169953}
{"sessionId": "79f104", "runId": "pre-fix", "hypothesisId": "H2", "location": "Epos自動化測試工具3.0.py:delete_invoice:query_result", "message": "Delete page query result", "data": {"invoiceNumber": "ZN25512970", "rowCount": 1}, "timestamp": 1777344170643}
{"sessionId": "79f104", "runId": "pre-fix", "hypothesisId": "H4", "location": "Epos自動化測試工具3.0.py:check_and_process_invoice:start", "message": "Start process invoice", "data": {"companyId": "95419238", "invoiceNumber": "ZN25512969", "currentUrl": "https://epos.einvoice.com.tw/UM0501"}, "timestamp": 1777344171400}
{"sessionId": "79f104", "runId": "pre-fix", "hypothesisId": "H1", "location": "Epos自動化測試工具3.0.py:query_invoice_rows:start", "message": "Start invoice query", "data": {"companyId": "95419238", "invoiceNumber": "ZN25512969", "currentUrl": "https://epos.einvoice.com.tw/UM0501"}, "timestamp": 1777344171414}
{"sessionId": "79f104", "runId": "pre-fix", "hypothesisId": "H1", "location": "Epos自動化測試工具3.0.py:open_business_query_page", "message": "Opened business query page", "data": {"currentUrl": "https://epos.einvoice.com.tw/AS0102", "openedBizPage": true}, "timestamp": 1777344172282}
{"sessionId": "79f104", "runId": "pre-fix", "hypothesisId": "H3", "location": "Epos自動化測試工具3.0.py:query_invoice_rows:rows", "message": "Fetched invoice rows", "data": {"companyId": "95419238", "invoiceNumber": "ZN25512969", "rowCount": 2, "rows": [[1, "開立", "大平台回覆成功"], [2, "開立", "小平台解析失敗"]]}, "timestamp": 1777344174062}
{"sessionId": "79f104", "runId": "pre-fix", "hypothesisId": "H3", "location": "Epos自動化測試工具3.0.py:check_and_process_invoice:decision", "message": "Decision for multi rows", "data": {"invoiceNumber": "ZN25512969", "totalRows": 2, "failRows": 1, "reasons": ["大平台回覆成功", "小平台解析失敗"]}, "timestamp": 1777344174067}
{"sessionId": "79f104", "runId": "pre-fix", "hypothesisId": "H2", "location": "Epos自動化測試工具3.0.py:delete_invoice:start", "message": "Start delete invoice", "data": {"companyId": "95419238", "invoiceNumber": "ZN25512969", "currentUrl": "https://epos.einvoice.com.tw/AS0102"}, "timestamp": 1777344174075}
{"sessionId": "79f104", "runId": "post-fix", "hypothesisId": "H2", "location": "Epos自動化測試工具3.0.py:open_ops_page:ready", "message": "Ops page ready", "data": {"currentUrl": "https://epos.einvoice.com.tw/UM0501", "openedOpsPage": true}, "timestamp": 1777344174875}
{"sessionId": "79f104", "runId": "pre-fix", "hypothesisId": "H2", "location": "Epos自動化測試工具3.0.py:delete_invoice:query_result", "message": "Delete page query result", "data": {"invoiceNumber": "ZN25512969", "rowCount": 1}, "timestamp": 1777344175545}
{"sessionId": "79f104", "runId": "pre-fix", "hypothesisId": "H4", "location": "Epos自動化測試工具3.0.py:check_and_process_invoice:start", "message": "Start process invoice", "data": {"companyId": "95419238", "invoiceNumber": "ZN25512968", "currentUrl": "https://epos.einvoice.com.tw/UM0501"}, "timestamp": 1777344176350}
{"sessionId": "79f104", "runId": "pre-fix", "hypothesisId": "H1", "location": "Epos自動化測試工具3.0.py:query_invoice_rows:start", "message": "Start invoice query", "data": {"companyId": "95419238", "invoiceNumber": "ZN25512968", "currentUrl": "https://epos.einvoice.com.tw/UM0501"}, "timestamp": 1777344176363}
{"sessionId": "79f104", "runId": "pre-fix", "hypothesisId": "H1", "location": "Epos自動化測試工具3.0.py:open_business_query_page", "message": "Opened business query page", "data": {"currentUrl": "https://epos.einvoice.com.tw/AS0102", "openedBizPage": true}, "timestamp": 1777344177222}
{"sessionId": "79f104", "runId": "pre-fix", "hypothesisId": "H3", "location": "Epos自動化測試工具3.0.py:query_invoice_rows:rows", "message": "Fetched invoice rows", "data": {"companyId": "95419238", "invoiceNumber": "ZN25512968", "rowCount": 2, "rows": [[1, "開立", "大平台回覆成功"], [2, "開立", "小平台解析失敗"]]}, "timestamp": 1777344179036}
{"sessionId": "79f104", "runId": "pre-fix", "hypothesisId": "H3", "location": "Epos自動化測試工具3.0.py:check_and_process_invoice:decision", "message": "Decision for multi rows", "data": {"invoiceNumber": "ZN25512968", "totalRows": 2, "failRows": 1, "reasons": ["大平台回覆成功", "小平台解析失敗"]}, "timestamp": 1777344179048}
{"sessionId": "79f104", "runId": "pre-fix", "hypothesisId": "H2", "location": "Epos自動化測試工具3.0.py:delete_invoice:start", "message": "Start delete invoice", "data": {"companyId": "95419238", "invoiceNumber": "ZN25512968", "currentUrl": "https://epos.einvoice.com.tw/AS0102"}, "timestamp": 1777344179062}
{"sessionId": "79f104", "runId": "post-fix", "hypothesisId": "H2", "location": "Epos自動化測試工具3.0.py:open_ops_page:ready", "message": "Ops page ready", "data": {"currentUrl": "https://epos.einvoice.com.tw/UM0501", "openedOpsPage": true}, "timestamp": 1777344179813}
{"sessionId": "79f104", "runId": "pre-fix", "hypothesisId": "H2", "location": "Epos自動化測試工具3.0.py:delete_invoice:query_result", "message": "Delete page query result", "data": {"invoiceNumber": "ZN25512968", "rowCount": 1}, "timestamp": 1777344180473}
{"sessionId": "79f104", "runId": "pre-fix", "hypothesisId": "H4", "location": "Epos自動化測試工具3.0.py:check_and_process_invoice:start", "message": "Start process invoice", "data": {"companyId": "95419238", "invoiceNumber": "ZN25512967", "currentUrl": "https://epos.einvoice.com.tw/UM0501"}, "timestamp": 1777344181252}
{"sessionId": "79f104", "runId": "pre-fix", "hypothesisId": "H1", "location": "Epos自動化測試工具3.0.py:query_invoice_rows:start", "message": "Start invoice query", "data": {"companyId": "95419238", "invoiceNumber": "ZN25512967", "currentUrl": "https://epos.einvoice.com.tw/UM0501"}, "timestamp": 1777344181267}
{"sessionId": "79f104", "runId": "pre-fix", "hypothesisId": "H1", "location": "Epos自動化測試工具3.0.py:open_business_query_page", "message": "Opened business query page", "data": {"currentUrl": "https://epos.einvoice.com.tw/AS0102", "openedBizPage": true}, "timestamp": 1777344182257}
{"sessionId": "79f104", "runId": "pre-fix", "hypothesisId": "H3", "location": "Epos自動化測試工具3.0.py:query_invoice_rows:rows", "message": "Fetched invoice rows", "data": {"companyId": "95419238", "invoiceNumber": "ZN25512967", "rowCount": 2, "rows": [[1, "開立", "小平台解析失敗"], [2, "開立", "大平台回覆成功"]]}, "timestamp": 1777344183992}
{"sessionId": "79f104", "runId": "pre-fix", "hypothesisId": "H3", "location": "Epos自動化測試工具3.0.py:check_and_process_invoice:decision", "message": "Decision for multi rows", "data": {"invoiceNumber": "ZN25512967", "totalRows": 2, "failRows": 1, "reasons": ["小平台解析失敗", "大平台回覆成功"]}, "timestamp": 1777344184001}
{"sessionId": "79f104", "runId": "pre-fix", "hypothesisId": "H2", "location": "Epos自動化測試工具3.0.py:delete_invoice:start", "message": "Start delete invoice", "data": {"companyId": "95419238", "invoiceNumber": "ZN25512967", "currentUrl": "https://epos.einvoice.com.tw/AS0102"}, "timestamp": 1777344184010}
{"sessionId": "79f104", "runId": "post-fix", "hypothesisId": "H2", "location": "Epos自動化測試工具3.0.py:open_ops_page:ready", "message": "Ops page ready", "data": {"currentUrl": "https://epos.einvoice.com.tw/UM0501", "openedOpsPage": true}, "timestamp": 1777344184679}
{"sessionId": "79f104", "runId": "pre-fix", "hypothesisId": "H2", "location": "Epos自動化測試工具3.0.py:delete_invoice:query_result", "message": "Delete page query result", "data": {"invoiceNumber": "ZN25512967", "rowCount": 1}, "timestamp": 1777344185370}
{"sessionId": "79f104", "runId": "pre-fix", "hypothesisId": "H4", "location": "Epos自動化測試工具3.0.py:check_and_process_invoice:start", "message": "Start process invoice", "data": {"companyId": "88364265", "invoiceNumber": "ZK29527804", "currentUrl": "https://epos.einvoice.com.tw/UM0501"}, "timestamp": 1777344186143}
{"sessionId": "79f104", "runId": "pre-fix", "hypothesisId": "H1", "location": "Epos自動化測試工具3.0.py:query_invoice_rows:start", "message": "Start invoice query", "data": {"companyId": "88364265", "invoiceNumber": "ZK29527804", "currentUrl": "https://epos.einvoice.com.tw/UM0501"}, "timestamp": 1777344186157}
{"sessionId": "79f104", "runId": "pre-fix", "hypothesisId": "H1", "location": "Epos自動化測試工具3.0.py:open_business_query_page", "message": "Opened business query page", "data": {"currentUrl": "https://epos.einvoice.com.tw/AS0102", "openedBizPage": true}, "timestamp": 1777344187069}
{"sessionId": "79f104", "runId": "pre-fix", "hypothesisId": "H3", "location": "Epos自動化測試工具3.0.py:query_invoice_rows:rows", "message": "Fetched invoice rows", "data": {"companyId": "88364265", "invoiceNumber": "ZK29527804", "rowCount": 2, "rows": [[1, "開立", "小平台解析失敗"], [2, "開立", "大平台回覆成功"]]}, "timestamp": 1777344188853}
{"sessionId": "79f104", "runId": "pre-fix", "hypothesisId": "H3", "location": "Epos自動化測試工具3.0.py:check_and_process_invoice:decision", "message": "Decision for multi rows", "data": {"invoiceNumber": "ZK29527804", "totalRows": 2, "failRows": 1, "reasons": ["小平台解析失敗", "大平台回覆成功"]}, "timestamp": 1777344188859}
{"sessionId": "79f104", "runId": "pre-fix", "hypothesisId": "H2", "location": "Epos自動化測試工具3.0.py:delete_invoice:start", "message": "Start delete invoice", "data": {"companyId": "88364265", "invoiceNumber": "ZK29527804", "currentUrl": "https://epos.einvoice.com.tw/AS0102"}, "timestamp": 1777344188870}
{"sessionId": "79f104", "runId": "post-fix", "hypothesisId": "H2", "location": "Epos自動化測試工具3.0.py:open_ops_page:ready", "message": "Ops page ready", "data": {"currentUrl": "https://epos.einvoice.com.tw/UM0501", "openedOpsPage": true}, "timestamp": 1777344189611}
{"sessionId": "79f104", "runId": "pre-fix", "hypothesisId": "H2", "location": "Epos自動化測試工具3.0.py:delete_invoice:query_result", "message": "Delete page query result", "data": {"invoiceNumber": "ZK29527804", "rowCount": 1}, "timestamp": 1777344190367}
{"sessionId": "79f104", "runId": "post-fix", "hypothesisId": "H5", "location": "Epos自動化測試工具3.0.py:write_invoice_data:success", "message": "Excel write success", "data": {"path": "D:\\D\\wilsonhuang\\Worktime\\python\\epos自動化測試工具3.0\\data\\EposError.xlsx", "rows": 1}, "timestamp": 1777344191219}
{"sessionId": "79f104", "runId": "pre-fix", "hypothesisId": "H4", "location": "Epos自動化測試工具3.0.py:check_and_process_invoice:start", "message": "Start process invoice", "data": {"companyId": "88364265", "invoiceNumber": "ZK29527805", "currentUrl": "https://epos.einvoice.com.tw/UM0501"}, "timestamp": 1777344191231}
{"sessionId": "79f104", "runId": "pre-fix", "hypothesisId": "H1", "location": "Epos自動化測試工具3.0.py:query_invoice_rows:start", "message": "Start invoice query", "data": {"companyId": "88364265", "invoiceNumber": "ZK29527805", "currentUrl": "https://epos.einvoice.com.tw/UM0501"}, "timestamp": 1777344191239}
{"sessionId": "79f104", "runId": "pre-fix", "hypothesisId": "H1", "location": "Epos自動化測試工具3.0.py:open_business_query_page", "message": "Opened business query page", "data": {"currentUrl": "https://epos.einvoice.com.tw/AS0102", "openedBizPage": true}, "timestamp": 1777344192075}
{"sessionId": "79f104", "runId": "pre-fix", "hypothesisId": "H3", "location": "Epos自動化測試工具3.0.py:query_invoice_rows:rows", "message": "Fetched invoice rows", "data": {"companyId": "88364265", "invoiceNumber": "ZK29527805", "rowCount": 2, "rows": [[1, "開立", "大平台回覆成功"], [2, "開立", "小平台解析失敗"]]}, "timestamp": 1777344193840}
{"sessionId": "79f104", "runId": "pre-fix", "hypothesisId": "H3", "location": "Epos自動化測試工具3.0.py:check_and_process_invoice:decision", "message": "Decision for multi rows", "data": {"invoiceNumber": "ZK29527805", "totalRows": 2, "failRows": 1, "reasons": ["大平台回覆成功", "小平台解析失敗"]}, "timestamp": 1777344193845}
{"sessionId": "79f104", "runId": "pre-fix", "hypothesisId": "H2", "location": "Epos自動化測試工具3.0.py:delete_invoice:start", "message": "Start delete invoice", "data": {"companyId": "88364265", "invoiceNumber": "ZK29527805", "currentUrl": "https://epos.einvoice.com.tw/AS0102"}, "timestamp": 1777344193853}
{"sessionId": "79f104", "runId": "post-fix", "hypothesisId": "H2", "location": "Epos自動化測試工具3.0.py:open_ops_page:ready", "message": "Ops page ready", "data": {"currentUrl": "https://epos.einvoice.com.tw/UM0501", "openedOpsPage": true}, "timestamp": 1777344194674}
{"sessionId": "79f104", "runId": "pre-fix", "hypothesisId": "H2", "location": "Epos自動化測試工具3.0.py:delete_invoice:query_result", "message": "Delete page query result", "data": {"invoiceNumber": "ZK29527805", "rowCount": 1}, "timestamp": 1777344195389}
{"sessionId": "79f104", "runId": "post-fix", "hypothesisId": "H5", "location": "Epos自動化測試工具3.0.py:write_invoice_data:success", "message": "Excel write success", "data": {"path": "D:\\D\\wilsonhuang\\Worktime\\python\\epos自動化測試工具3.0\\data\\EposError.xlsx", "rows": 0}, "timestamp": 1777344196171}
{"sessionId": "79f104", "runId": "pre-fix", "hypothesisId": "H4", "location": "Epos自動化測試工具3.0.py:check_and_process_invoice:start", "message": "Start process invoice", "data": {"companyId": "60570346", "invoiceNumber": "ZN54249089", "currentUrl": "https://epos.einvoice.com.tw/Welcome"}, "timestamp": 1777432381056}
{"sessionId": "79f104", "runId": "pre-fix", "hypothesisId": "H1", "location": "Epos自動化測試工具3.0.py:query_invoice_rows:start", "message": "Start invoice query", "data": {"companyId": "60570346", "invoiceNumber": "ZN54249089", "currentUrl": "https://epos.einvoice.com.tw/Welcome"}, "timestamp": 1777432381063}
{"sessionId": "79f104", "runId": "pre-fix", "hypothesisId": "H1", "location": "Epos自動化測試工具3.0.py:open_business_query_page", "message": "Opened business query page", "data": {"currentUrl": "https://epos.einvoice.com.tw/AS0102", "openedBizPage": true}, "timestamp": 1777432381842}
{"sessionId": "79f104", "runId": "pre-fix", "hypothesisId": "H3", "location": "Epos自動化測試工具3.0.py:query_invoice_rows:rows", "message": "Fetched invoice rows", "data": {"companyId": "60570346", "invoiceNumber": "ZN54249089", "rowCount": 3, "rows": [[1, "開立", "大平台回覆成功"], [2, "開立", "小平台解析失敗"], [3, "開立", "小平台解析失敗"]]}, "timestamp": 1777432383567}
{"sessionId": "79f104", "runId": "pre-fix", "hypothesisId": "H3", "location": "Epos自動化測試工具3.0.py:check_and_process_invoice:decision", "message": "Decision for multi rows", "data": {"invoiceNumber": "ZN54249089", "totalRows": 3, "failRows": 2, "reasons": ["大平台回覆成功", "小平台解析失敗", "小平台解析失敗"]}, "timestamp": 1777432383572}
{"sessionId": "79f104", "runId": "pre-fix", "hypothesisId": "H2", "location": "Epos自動化測試工具3.0.py:delete_invoice:start", "message": "Start delete invoice", "data": {"companyId": "60570346", "invoiceNumber": "ZN54249089", "currentUrl": "https://epos.einvoice.com.tw/AS0102"}, "timestamp": 1777432383581}
{"sessionId": "79f104", "runId": "post-fix", "hypothesisId": "H2", "location": "Epos自動化測試工具3.0.py:open_ops_page:ready", "message": "Ops page ready", "data": {"currentUrl": "https://epos.einvoice.com.tw/UM0501", "openedOpsPage": true}, "timestamp": 1777432384275}
{"sessionId": "79f104", "runId": "pre-fix", "hypothesisId": "H2", "location": "Epos自動化測試工具3.0.py:delete_invoice:query_result", "message": "Delete page query result", "data": {"invoiceNumber": "ZN54249089", "rowCount": 2}, "timestamp": 1777432385018}
{"sessionId": "79f104", "runId": "pre-fix", "hypothesisId": "H2", "location": "Epos自動化測試工具3.0.py:delete_invoice:start", "message": "Start delete invoice", "data": {"companyId": "60570346", "invoiceNumber": "ZN54249089", "currentUrl": "https://epos.einvoice.com.tw/UM0501"}, "timestamp": 1777432388591}
{"sessionId": "79f104", "runId": "post-fix", "hypothesisId": "H2", "location": "Epos自動化測試工具3.0.py:open_ops_page:ready", "message": "Ops page ready", "data": {"currentUrl": "https://epos.einvoice.com.tw/UM0501", "openedOpsPage": true}, "timestamp": 1777432388746}
{"sessionId": "79f104", "runId": "pre-fix", "hypothesisId": "H2", "location": "Epos自動化測試工具3.0.py:delete_invoice:query_result", "message": "Delete page query result", "data": {"invoiceNumber": "ZN54249089", "rowCount": 1}, "timestamp": 1777432389415}
{"sessionId": "79f104", "runId": "pre-fix", "hypothesisId": "H4", "location": "Epos自動化測試工具3.0.py:check_and_process_invoice:start", "message": "Start process invoice", "data": {"companyId": "60570346", "invoiceNumber": "ZN54249089", "currentUrl": "https://epos.einvoice.com.tw/UM0501"}, "timestamp": 1777432390156}
{"sessionId": "79f104", "runId": "pre-fix", "hypothesisId": "H1", "location": "Epos自動化測試工具3.0.py:query_invoice_rows:start", "message": "Start invoice query", "data": {"companyId": "60570346", "invoiceNumber": "ZN54249089", "currentUrl": "https://epos.einvoice.com.tw/UM0501"}, "timestamp": 1777432390164}
{"sessionId": "79f104", "runId": "pre-fix", "hypothesisId": "H1", "location": "Epos自動化測試工具3.0.py:open_business_query_page", "message": "Opened business query page", "data": {"currentUrl": "https://epos.einvoice.com.tw/AS0102", "openedBizPage": true}, "timestamp": 1777432391054}
{"sessionId": "79f104", "runId": "pre-fix", "hypothesisId": "H3", "location": "Epos自動化測試工具3.0.py:query_invoice_rows:rows", "message": "Fetched invoice rows", "data": {"companyId": "60570346", "invoiceNumber": "ZN54249089", "rowCount": 1, "rows": [[1, "開立", "大平台回覆成功"]]}, "timestamp": 1777432392778}
{"sessionId": "79f104", "runId": "pre-fix", "hypothesisId": "H4", "location": "Epos自動化測試工具3.0.py:check_and_process_invoice:start", "message": "Start process invoice", "data": {"companyId": "60570346", "invoiceNumber": "ZN54249088", "currentUrl": "https://epos.einvoice.com.tw/AS0102"}, "timestamp": 1777432392786}
{"sessionId": "79f104", "runId": "pre-fix", "hypothesisId": "H1", "location": "Epos自動化測試工具3.0.py:query_invoice_rows:start", "message": "Start invoice query", "data": {"companyId": "60570346", "invoiceNumber": "ZN54249088", "currentUrl": "https://epos.einvoice.com.tw/AS0102"}, "timestamp": 1777432392792}
{"sessionId": "79f104", "runId": "pre-fix", "hypothesisId": "H1", "location": "Epos自動化測試工具3.0.py:open_business_query_page", "message": "Opened business query page", "data": {"currentUrl": "https://epos.einvoice.com.tw/AS0102", "openedBizPage": true}, "timestamp": 1777432392975}
{"sessionId": "79f104", "runId": "pre-fix", "hypothesisId": "H3", "location": "Epos自動化測試工具3.0.py:query_invoice_rows:rows", "message": "Fetched invoice rows", "data": {"companyId": "60570346", "invoiceNumber": "ZN54249088", "rowCount": 3, "rows": [[1, "開立", "小平台解析失敗"], [2, "開立", "小平台解析失敗"], [3, "開立", "大平台回覆成功"]]}, "timestamp": 1777432394599}
{"sessionId": "79f104", "runId": "pre-fix", "hypothesisId": "H3", "location": "Epos自動化測試工具3.0.py:check_and_process_invoice:decision", "message": "Decision for multi rows", "data": {"invoiceNumber": "ZN54249088", "totalRows": 3, "failRows": 2, "reasons": ["小平台解析失敗", "小平台解析失敗", "大平台回覆成功"]}, "timestamp": 1777432394604}
{"sessionId": "79f104", "runId": "pre-fix", "hypothesisId": "H2", "location": "Epos自動化測試工具3.0.py:delete_invoice:start", "message": "Start delete invoice", "data": {"companyId": "60570346", "invoiceNumber": "ZN54249088", "currentUrl": "https://epos.einvoice.com.tw/AS0102"}, "timestamp": 1777432394610}
{"sessionId": "79f104", "runId": "post-fix", "hypothesisId": "H2", "location": "Epos自動化測試工具3.0.py:open_ops_page:ready", "message": "Ops page ready", "data": {"currentUrl": "https://epos.einvoice.com.tw/UM0501", "openedOpsPage": true}, "timestamp": 1777432395250}
{"sessionId": "79f104", "runId": "pre-fix", "hypothesisId": "H2", "location": "Epos自動化測試工具3.0.py:delete_invoice:query_result", "message": "Delete page query result", "data": {"invoiceNumber": "ZN54249088", "rowCount": 2}, "timestamp": 1777432395435}
{"sessionId": "79f104", "runId": "pre-fix", "hypothesisId": "H2", "location": "Epos自動化測試工具3.0.py:delete_invoice:start", "message": "Start delete invoice", "data": {"companyId": "60570346", "invoiceNumber": "ZN54249088", "currentUrl": "https://epos.einvoice.com.tw/UM0501"}, "timestamp": 1777432399349}
{"sessionId": "79f104", "runId": "post-fix", "hypothesisId": "H2", "location": "Epos自動化測試工具3.0.py:open_ops_page:ready", "message": "Ops page ready", "data": {"currentUrl": "https://epos.einvoice.com.tw/UM0501", "openedOpsPage": true}, "timestamp": 1777432399534}
{"sessionId": "79f104", "runId": "pre-fix", "hypothesisId": "H2", "location": "Epos自動化測試工具3.0.py:delete_invoice:query_result", "message": "Delete page query result", "data": {"invoiceNumber": "ZN54249088", "rowCount": 1}, "timestamp": 1777432400252}
{"sessionId": "79f104", "runId": "pre-fix", "hypothesisId": "H4", "location": "Epos自動化測試工具3.0.py:check_and_process_invoice:start", "message": "Start process invoice", "data": {"companyId": "60570346", "invoiceNumber": "ZN54249088", "currentUrl": "https://epos.einvoice.com.tw/UM0501"}, "timestamp": 1777432400966}
{"sessionId": "79f104", "runId": "pre-fix", "hypothesisId": "H1", "location": "Epos自動化測試工具3.0.py:query_invoice_rows:start", "message": "Start invoice query", "data": {"companyId": "60570346", "invoiceNumber": "ZN54249088", "currentUrl": "https://epos.einvoice.com.tw/UM0501"}, "timestamp": 1777432400975}
{"sessionId": "79f104", "runId": "pre-fix", "hypothesisId": "H1", "location": "Epos自動化測試工具3.0.py:open_business_query_page", "message": "Opened business query page", "data": {"currentUrl": "https://epos.einvoice.com.tw/AS0102", "openedBizPage": true}, "timestamp": 1777432401946}
{"sessionId": "79f104", "runId": "pre-fix", "hypothesisId": "H3", "location": "Epos自動化測試工具3.0.py:query_invoice_rows:rows", "message": "Fetched invoice rows", "data": {"companyId": "60570346", "invoiceNumber": "ZN54249088", "rowCount": 1, "rows": [[1, "開立", "大平台回覆成功"]]}, "timestamp": 1777432403802}
{"sessionId": "79f104", "runId": "pre-fix", "hypothesisId": "H4", "location": "Epos自動化測試工具3.0.py:check_and_process_invoice:start", "message": "Start process invoice", "data": {"companyId": "00571686", "invoiceNumber": "ZM12551343", "currentUrl": "https://epos.einvoice.com.tw/AS0102"}, "timestamp": 1777432403813}
{"sessionId": "79f104", "runId": "pre-fix", "hypothesisId": "H1", "location": "Epos自動化測試工具3.0.py:query_invoice_rows:start", "message": "Start invoice query", "data": {"companyId": "00571686", "invoiceNumber": "ZM12551343", "currentUrl": "https://epos.einvoice.com.tw/AS0102"}, "timestamp": 1777432403822}
{"sessionId": "79f104", "runId": "pre-fix", "hypothesisId": "H1", "location": "Epos自動化測試工具3.0.py:open_business_query_page", "message": "Opened business query page", "data": {"currentUrl": "https://epos.einvoice.com.tw/AS0102", "openedBizPage": true}, "timestamp": 1777432404091}
{"sessionId": "79f104", "runId": "pre-fix", "hypothesisId": "H3", "location": "Epos自動化測試工具3.0.py:query_invoice_rows:rows", "message": "Fetched invoice rows", "data": {"companyId": "00571686", "invoiceNumber": "ZM12551343", "rowCount": 3, "rows": [[1, "開立", "小平台解析失敗"], [2, "開立", "大平台回覆成功"], [3, "開立", "小平台解析失敗"]]}, "timestamp": 1777432405798}
{"sessionId": "79f104", "runId": "pre-fix", "hypothesisId": "H3", "location": "Epos自動化測試工具3.0.py:check_and_process_invoice:decision", "message": "Decision for multi rows", "data": {"invoiceNumber": "ZM12551343", "totalRows": 3, "failRows": 2, "reasons": ["小平台解析失敗", "大平台回覆成功", "小平台解析失敗"]}, "timestamp": 1777432405804}
{"sessionId": "79f104", "runId": "pre-fix", "hypothesisId": "H2", "location": "Epos自動化測試工具3.0.py:delete_invoice:start", "message": "Start delete invoice", "data": {"companyId": "00571686", "invoiceNumber": "ZM12551343", "currentUrl": "https://epos.einvoice.com.tw/AS0102"}, "timestamp": 1777432405812}
{"sessionId": "79f104", "runId": "post-fix", "hypothesisId": "H2", "location": "Epos自動化測試工具3.0.py:open_ops_page:ready", "message": "Ops page ready", "data": {"currentUrl": "https://epos.einvoice.com.tw/UM0501", "openedOpsPage": true}, "timestamp": 1777432406474}
{"sessionId": "79f104", "runId": "pre-fix", "hypothesisId": "H2", "location": "Epos自動化測試工具3.0.py:delete_invoice:query_result", "message": "Delete page query result", "data": {"invoiceNumber": "ZM12551343", "rowCount": 2}, "timestamp": 1777432407169}
{"sessionId": "79f104", "runId": "pre-fix", "hypothesisId": "H2", "location": "Epos自動化測試工具3.0.py:delete_invoice:start", "message": "Start delete invoice", "data": {"companyId": "00571686", "invoiceNumber": "ZM12551343", "currentUrl": "https://epos.einvoice.com.tw/UM0501"}, "timestamp": 1777432410712}
{"sessionId": "79f104", "runId": "post-fix", "hypothesisId": "H2", "location": "Epos自動化測試工具3.0.py:open_ops_page:ready", "message": "Ops page ready", "data": {"currentUrl": "https://epos.einvoice.com.tw/UM0501", "openedOpsPage": true}, "timestamp": 1777432410924}
{"sessionId": "79f104", "runId": "pre-fix", "hypothesisId": "H2", "location": "Epos自動化測試工具3.0.py:delete_invoice:query_result", "message": "Delete page query result", "data": {"invoiceNumber": "ZM12551343", "rowCount": 1}, "timestamp": 1777432411601}
{"sessionId": "79f104", "runId": "post-fix", "hypothesisId": "H5", "location": "Epos自動化測試工具3.0.py:write_invoice_data:success", "message": "Excel write success", "data": {"path": "D:\\D\\wilsonhuang\\Worktime\\python\\epos自動化測試工具3.0\\data\\EposError.xlsx", "rows": 4}, "timestamp": 1777432412423}
{"sessionId": "79f104", "runId": "pre-fix", "hypothesisId": "H4", "location": "Epos自動化測試工具3.0.py:check_and_process_invoice:start", "message": "Start process invoice", "data": {"companyId": "00571686", "invoiceNumber": "ZM12551343", "currentUrl": "https://epos.einvoice.com.tw/UM0501"}, "timestamp": 1777432412430}
{"sessionId": "79f104", "runId": "pre-fix", "hypothesisId": "H1", "location": "Epos自動化測試工具3.0.py:query_invoice_rows:start", "message": "Start invoice query", "data": {"companyId": "00571686", "invoiceNumber": "ZM12551343", "currentUrl": "https://epos.einvoice.com.tw/UM0501"}, "timestamp": 1777432412438}
{"sessionId": "79f104", "runId": "pre-fix", "hypothesisId": "H1", "location": "Epos自動化測試工具3.0.py:open_business_query_page", "message": "Opened business query page", "data": {"currentUrl": "https://epos.einvoice.com.tw/AS0102", "openedBizPage": true}, "timestamp": 1777432413334}
{"sessionId": "79f104", "runId": "pre-fix", "hypothesisId": "H3", "location": "Epos自動化測試工具3.0.py:query_invoice_rows:rows", "message": "Fetched invoice rows", "data": {"companyId": "00571686", "invoiceNumber": "ZM12551343", "rowCount": 1, "rows": [[1, "開立", "大平台回覆成功"]]}, "timestamp": 1777432415130}
{"sessionId": "79f104", "runId": "pre-fix", "hypothesisId": "H4", "location": "Epos自動化測試工具3.0.py:check_and_process_invoice:start", "message": "Start process invoice", "data": {"companyId": "28031412", "invoiceNumber": "ZJ22252798", "currentUrl": "https://epos.einvoice.com.tw/AS0102"}, "timestamp": 1777432415140}
{"sessionId": "79f104", "runId": "pre-fix", "hypothesisId": "H1", "location": "Epos自動化測試工具3.0.py:query_invoice_rows:start", "message": "Start invoice query", "data": {"companyId": "28031412", "invoiceNumber": "ZJ22252798", "currentUrl": "https://epos.einvoice.com.tw/AS0102"}, "timestamp": 1777432415148}
{"sessionId": "79f104", "runId": "pre-fix", "hypothesisId": "H1", "location": "Epos自動化測試工具3.0.py:open_business_query_page", "message": "Opened business query page", "data": {"currentUrl": "https://epos.einvoice.com.tw/AS0102", "openedBizPage": true}, "timestamp": 1777432415333}
{"sessionId": "79f104", "runId": "pre-fix", "hypothesisId": "H3", "location": "Epos自動化測試工具3.0.py:query_invoice_rows:rows", "message": "Fetched invoice rows", "data": {"companyId": "28031412", "invoiceNumber": "ZJ22252798", "rowCount": 2, "rows": [[1, "開立", "小平台解析失敗"], [2, "開立", "大平台回覆成功"]]}, "timestamp": 1777432417004}
{"sessionId": "79f104", "runId": "pre-fix", "hypothesisId": "H3", "location": "Epos自動化測試工具3.0.py:check_and_process_invoice:decision", "message": "Decision for multi rows", "data": {"invoiceNumber": "ZJ22252798", "totalRows": 2, "failRows": 1, "reasons": ["小平台解析失敗", "大平台回覆成功"]}, "timestamp": 1777432417009}
{"sessionId": "79f104", "runId": "pre-fix", "hypothesisId": "H2", "location": "Epos自動化測試工具3.0.py:delete_invoice:start", "message": "Start delete invoice", "data": {"companyId": "28031412", "invoiceNumber": "ZJ22252798", "currentUrl": "https://epos.einvoice.com.tw/AS0102"}, "timestamp": 1777432417018}
{"sessionId": "79f104", "runId": "post-fix", "hypothesisId": "H2", "location": "Epos自動化測試工具3.0.py:open_ops_page:ready", "message": "Ops page ready", "data": {"currentUrl": "https://epos.einvoice.com.tw/UM0501", "openedOpsPage": true}, "timestamp": 1777432417702}
{"sessionId": "79f104", "runId": "pre-fix", "hypothesisId": "H2", "location": "Epos自動化測試工具3.0.py:delete_invoice:query_result", "message": "Delete page query result", "data": {"invoiceNumber": "ZJ22252798", "rowCount": 1}, "timestamp": 1777432418422}
{"sessionId": "79f104", "runId": "pre-fix", "hypothesisId": "H4", "location": "Epos自動化測試工具3.0.py:check_and_process_invoice:start", "message": "Start process invoice", "data": {"companyId": "91687471", "invoiceNumber": "ZJ87277509", "currentUrl": "https://epos.einvoice.com.tw/UM0501"}, "timestamp": 1777432419125}
{"sessionId": "79f104", "runId": "pre-fix", "hypothesisId": "H1", "location": "Epos自動化測試工具3.0.py:query_invoice_rows:start", "message": "Start invoice query", "data": {"companyId": "91687471", "invoiceNumber": "ZJ87277509", "currentUrl": "https://epos.einvoice.com.tw/UM0501"}, "timestamp": 1777432419134}
{"sessionId": "79f104", "runId": "pre-fix", "hypothesisId": "H1", "location": "Epos自動化測試工具3.0.py:open_business_query_page", "message": "Opened business query page", "data": {"currentUrl": "https://epos.einvoice.com.tw/AS0102", "openedBizPage": true}, "timestamp": 1777432420051}
{"sessionId": "79f104", "runId": "pre-fix", "hypothesisId": "H3", "location": "Epos自動化測試工具3.0.py:query_invoice_rows:rows", "message": "Fetched invoice rows", "data": {"companyId": "91687471", "invoiceNumber": "ZJ87277509", "rowCount": 2, "rows": [[1, "開立", "小平台解析失敗"], [2, "開立", "大平台回覆成功"]]}, "timestamp": 1777432421748}
{"sessionId": "79f104", "runId": "pre-fix", "hypothesisId": "H3", "location": "Epos自動化測試工具3.0.py:check_and_process_invoice:decision", "message": "Decision for multi rows", "data": {"invoiceNumber": "ZJ87277509", "totalRows": 2, "failRows": 1, "reasons": ["小平台解析失敗", "大平台回覆成功"]}, "timestamp": 1777432421755}
{"sessionId": "79f104", "runId": "pre-fix", "hypothesisId": "H2", "location": "Epos自動化測試工具3.0.py:delete_invoice:start", "message": "Start delete invoice", "data": {"companyId": "91687471", "invoiceNumber": "ZJ87277509", "currentUrl": "https://epos.einvoice.com.tw/AS0102"}, "timestamp": 1777432421766}
{"sessionId": "79f104", "runId": "post-fix", "hypothesisId": "H2", "location": "Epos自動化測試工具3.0.py:open_ops_page:ready", "message": "Ops page ready", "data": {"currentUrl": "https://epos.einvoice.com.tw/UM0501", "openedOpsPage": true}, "timestamp": 1777432422427}
{"sessionId": "79f104", "runId": "pre-fix", "hypothesisId": "H2", "location": "Epos自動化測試工具3.0.py:delete_invoice:query_result", "message": "Delete page query result", "data": {"invoiceNumber": "ZJ87277509", "rowCount": 1}, "timestamp": 1777432423105}
{"sessionId": "79f104", "runId": "pre-fix", "hypothesisId": "H4", "location": "Epos自動化測試工具3.0.py:check_and_process_invoice:start", "message": "Start process invoice", "data": {"companyId": "92742389", "invoiceNumber": "ZK78990864", "currentUrl": "https://epos.einvoice.com.tw/UM0501"}, "timestamp": 1777432423811}
{"sessionId": "79f104", "runId": "pre-fix", "hypothesisId": "H1", "location": "Epos自動化測試工具3.0.py:query_invoice_rows:start", "message": "Start invoice query", "data": {"companyId": "92742389", "invoiceNumber": "ZK78990864", "currentUrl": "https://epos.einvoice.com.tw/UM0501"}, "timestamp": 1777432423822}
{"sessionId": "79f104", "runId": "pre-fix", "hypothesisId": "H1", "location": "Epos自動化測試工具3.0.py:open_business_query_page", "message": "Opened business query page", "data": {"currentUrl": "https://epos.einvoice.com.tw/AS0102", "openedBizPage": true}, "timestamp": 1777432424726}
{"sessionId": "79f104", "runId": "pre-fix", "hypothesisId": "H3", "location": "Epos自動化測試工具3.0.py:query_invoice_rows:rows", "message": "Fetched invoice rows", "data": {"companyId": "92742389", "invoiceNumber": "ZK78990864", "rowCount": 2, "rows": [[1, "開立", "大平台回覆成功"], [2, "開立", "小平台解析失敗"]]}, "timestamp": 1777432426436}
{"sessionId": "79f104", "runId": "pre-fix", "hypothesisId": "H3", "location": "Epos自動化測試工具3.0.py:check_and_process_invoice:decision", "message": "Decision for multi rows", "data": {"invoiceNumber": "ZK78990864", "totalRows": 2, "failRows": 1, "reasons": ["大平台回覆成功", "小平台解析失敗"]}, "timestamp": 1777432426443}
{"sessionId": "79f104", "runId": "pre-fix", "hypothesisId": "H2", "location": "Epos自動化測試工具3.0.py:delete_invoice:start", "message": "Start delete invoice", "data": {"companyId": "92742389", "invoiceNumber": "ZK78990864", "currentUrl": "https://epos.einvoice.com.tw/AS0102"}, "timestamp": 1777432426452}
{"sessionId": "79f104", "runId": "post-fix", "hypothesisId": "H2", "location": "Epos自動化測試工具3.0.py:open_ops_page:ready", "message": "Ops page ready", "data": {"currentUrl": "https://epos.einvoice.com.tw/UM0501", "openedOpsPage": true}, "timestamp": 1777432427111}
{"sessionId": "79f104", "runId": "pre-fix", "hypothesisId": "H2", "location": "Epos自動化測試工具3.0.py:delete_invoice:query_result", "message": "Delete page query result", "data": {"invoiceNumber": "ZK78990864", "rowCount": 1}, "timestamp": 1777432427768}
{"sessionId": "79f104", "runId": "pre-fix", "hypothesisId": "H4", "location": "Epos自動化測試工具3.0.py:check_and_process_invoice:start", "message": "Start process invoice", "data": {"companyId": "92431462", "invoiceNumber": "ZK71499985", "currentUrl": "https://epos.einvoice.com.tw/UM0501"}, "timestamp": 1777432428469}
{"sessionId": "79f104", "runId": "pre-fix", "hypothesisId": "H1", "location": "Epos自動化測試工具3.0.py:query_invoice_rows:start", "message": "Start invoice query", "data": {"companyId": "92431462", "invoiceNumber": "ZK71499985", "currentUrl": "https://epos.einvoice.com.tw/UM0501"}, "timestamp": 1777432428478}
{"sessionId": "79f104", "runId": "pre-fix", "hypothesisId": "H1", "location": "Epos自動化測試工具3.0.py:open_business_query_page", "message": "Opened business query page", "data": {"currentUrl": "https://epos.einvoice.com.tw/AS0102", "openedBizPage": true}, "timestamp": 1777432429386}
{"sessionId": "79f104", "runId": "pre-fix", "hypothesisId": "H3", "location": "Epos自動化測試工具3.0.py:query_invoice_rows:rows", "message": "Fetched invoice rows", "data": {"companyId": "92431462", "invoiceNumber": "ZK71499985", "rowCount": 2, "rows": [[1, "開立", "大平台回覆成功"], [2, "開立", "小平台解析失敗"]]}, "timestamp": 1777432431035}
{"sessionId": "79f104", "runId": "pre-fix", "hypothesisId": "H3", "location": "Epos自動化測試工具3.0.py:check_and_process_invoice:decision", "message": "Decision for multi rows", "data": {"invoiceNumber": "ZK71499985", "totalRows": 2, "failRows": 1, "reasons": ["大平台回覆成功", "小平台解析失敗"]}, "timestamp": 1777432431040}
{"sessionId": "79f104", "runId": "pre-fix", "hypothesisId": "H2", "location": "Epos自動化測試工具3.0.py:delete_invoice:start", "message": "Start delete invoice", "data": {"companyId": "92431462", "invoiceNumber": "ZK71499985", "currentUrl": "https://epos.einvoice.com.tw/AS0102"}, "timestamp": 1777432431049}
{"sessionId": "79f104", "runId": "post-fix", "hypothesisId": "H2", "location": "Epos自動化測試工具3.0.py:open_ops_page:ready", "message": "Ops page ready", "data": {"currentUrl": "https://epos.einvoice.com.tw/UM0501", "openedOpsPage": true}, "timestamp": 1777432431706}
{"sessionId": "79f104", "runId": "pre-fix", "hypothesisId": "H2", "location": "Epos自動化測試工具3.0.py:delete_invoice:query_result", "message": "Delete page query result", "data": {"invoiceNumber": "ZK71499985", "rowCount": 1}, "timestamp": 1777432432370}
{"sessionId": "79f104", "runId": "post-fix", "hypothesisId": "H5", "location": "Epos自動化測試工具3.0.py:write_invoice_data:success", "message": "Excel write success", "data": {"path": "D:\\D\\wilsonhuang\\Worktime\\python\\epos自動化測試工具3.0\\data\\EposError.xlsx", "rows": 0}, "timestamp": 1777432433096}
{"sessionId": "79f104", "runId": "pre-fix", "hypothesisId": "H4", "location": "Epos自動化測試工具3.0.py:check_and_process_invoice:start", "message": "Start process invoice", "data": {"companyId": "80019792", "invoiceNumber": "ZM85572853", "currentUrl": "https://epos.einvoice.com.tw/Welcome"}, "timestamp": 1777515688536}
{"sessionId": "79f104", "runId": "pre-fix", "hypothesisId": "H1", "location": "Epos自動化測試工具3.0.py:query_invoice_rows:start", "message": "Start invoice query", "data": {"companyId": "80019792", "invoiceNumber": "ZM85572853", "currentUrl": "https://epos.einvoice.com.tw/Welcome"}, "timestamp": 1777515688557}
{"sessionId": "79f104", "runId": "pre-fix", "hypothesisId": "H1", "location": "Epos自動化測試工具3.0.py:open_business_query_page", "message": "Opened business query page", "data": {"currentUrl": "https://epos.einvoice.com.tw/AS0102", "openedBizPage": true}, "timestamp": 1777515689339}
{"sessionId": "79f104", "runId": "pre-fix", "hypothesisId": "H3", "location": "Epos自動化測試工具3.0.py:query_invoice_rows:rows", "message": "Fetched invoice rows", "data": {"companyId": "80019792", "invoiceNumber": "ZM85572853", "rowCount": 2, "rows": [[1, "開立", "小平台解析失敗"], [2, "開立", "大平台回覆成功"]]}, "timestamp": 1777515691127}
{"sessionId": "79f104", "runId": "pre-fix", "hypothesisId": "H3", "location": "Epos自動化測試工具3.0.py:check_and_process_invoice:decision", "message": "Decision for multi rows", "data": {"invoiceNumber": "ZM85572853", "totalRows": 2, "failRows": 1, "reasons": ["小平台解析失敗", "大平台回覆成功"]}, "timestamp": 1777515691133}
{"sessionId": "79f104", "runId": "pre-fix", "hypothesisId": "H2", "location": "Epos自動化測試工具3.0.py:delete_invoice:start", "message": "Start delete invoice", "data": {"companyId": "80019792", "invoiceNumber": "ZM85572853", "currentUrl": "https://epos.einvoice.com.tw/AS0102"}, "timestamp": 1777515691144}
{"sessionId": "79f104", "runId": "post-fix", "hypothesisId": "H2", "location": "Epos自動化測試工具3.0.py:open_ops_page:ready", "message": "Ops page ready", "data": {"currentUrl": "https://epos.einvoice.com.tw/UM0501", "openedOpsPage": true}, "timestamp": 1777515691848}
{"sessionId": "79f104", "runId": "pre-fix", "hypothesisId": "H2", "location": "Epos自動化測試工具3.0.py:delete_invoice:query_result", "message": "Delete page query result", "data": {"invoiceNumber": "ZM85572853", "rowCount": 1}, "timestamp": 1777515692621}
{"sessionId": "79f104", "runId": "pre-fix", "hypothesisId": "H4", "location": "Epos自動化測試工具3.0.py:check_and_process_invoice:start", "message": "Start process invoice", "data": {"companyId": "88287388", "invoiceNumber": "ZN02514958", "currentUrl": "https://epos.einvoice.com.tw/UM0501"}, "timestamp": 1777515693365}
{"sessionId": "79f104", "runId": "pre-fix", "hypothesisId": "H1", "location": "Epos自動化測試工具3.0.py:query_invoice_rows:start", "message": "Start invoice query", "data": {"companyId": "88287388", "invoiceNumber": "ZN02514958", "currentUrl": "https://epos.einvoice.com.tw/UM0501"}, "timestamp": 1777515693378}
{"sessionId": "79f104", "runId": "pre-fix", "hypothesisId": "H1", "location": "Epos自動化測試工具3.0.py:open_business_query_page", "message": "Opened business query page", "data": {"currentUrl": "https://epos.einvoice.com.tw/AS0102", "openedBizPage": true}, "timestamp": 1777515694290}
{"sessionId": "79f104", "runId": "pre-fix", "hypothesisId": "H3", "location": "Epos自動化測試工具3.0.py:query_invoice_rows:rows", "message": "Fetched invoice rows", "data": {"companyId": "88287388", "invoiceNumber": "ZN02514958", "rowCount": 2, "rows": [[1, "開立", "大平台回覆成功"], [2, "開立", "小平台解析失敗"]]}, "timestamp": 1777515695992}
{"sessionId": "79f104", "runId": "pre-fix", "hypothesisId": "H3", "location": "Epos自動化測試工具3.0.py:check_and_process_invoice:decision", "message": "Decision for multi rows", "data": {"invoiceNumber": "ZN02514958", "totalRows": 2, "failRows": 1, "reasons": ["大平台回覆成功", "小平台解析失敗"]}, "timestamp": 1777515696000}
{"sessionId": "79f104", "runId": "pre-fix", "hypothesisId": "H2", "location": "Epos自動化測試工具3.0.py:delete_invoice:start", "message": "Start delete invoice", "data": {"companyId": "88287388", "invoiceNumber": "ZN02514958", "currentUrl": "https://epos.einvoice.com.tw/AS0102"}, "timestamp": 1777515696010}
{"sessionId": "79f104", "runId": "post-fix", "hypothesisId": "H2", "location": "Epos自動化測試工具3.0.py:open_ops_page:ready", "message": "Ops page ready", "data": {"currentUrl": "https://epos.einvoice.com.tw/UM0501", "openedOpsPage": true}, "timestamp": 1777515696715}
{"sessionId": "79f104", "runId": "pre-fix", "hypothesisId": "H2", "location": "Epos自動化測試工具3.0.py:delete_invoice:query_result", "message": "Delete page query result", "data": {"invoiceNumber": "ZN02514958", "rowCount": 1}, "timestamp": 1777515697379}
{"sessionId": "79f104", "runId": "pre-fix", "hypothesisId": "H4", "location": "Epos自動化測試工具3.0.py:check_and_process_invoice:start", "message": "Start process invoice", "data": {"companyId": "90899217", "invoiceNumber": "ZJ07852997", "currentUrl": "https://epos.einvoice.com.tw/UM0501"}, "timestamp": 1777515698150}
{"sessionId": "79f104", "runId": "pre-fix", "hypothesisId": "H1", "location": "Epos自動化測試工具3.0.py:query_invoice_rows:start", "message": "Start invoice query", "data": {"companyId": "90899217", "invoiceNumber": "ZJ07852997", "currentUrl": "https://epos.einvoice.com.tw/UM0501"}, "timestamp": 1777515698165}
{"sessionId": "79f104", "runId": "pre-fix", "hypothesisId": "H1", "location": "Epos自動化測試工具3.0.py:open_business_query_page", "message": "Opened business query page", "data": {"currentUrl": "https://epos.einvoice.com.tw/AS0102", "openedBizPage": true}, "timestamp": 1777515699042}
{"sessionId": "79f104", "runId": "pre-fix", "hypothesisId": "H3", "location": "Epos自動化測試工具3.0.py:query_invoice_rows:rows", "message": "Fetched invoice rows", "data": {"companyId": "90899217", "invoiceNumber": "ZJ07852997", "rowCount": 3, "rows": [[1, "開立", "小平台解析失敗"], [2, "開立", "小平台解析失敗"], [3, "開立", "大平台回覆成功"]]}, "timestamp": 1777515700795}
{"sessionId": "79f104", "runId": "pre-fix", "hypothesisId": "H3", "location": "Epos自動化測試工具3.0.py:check_and_process_invoice:decision", "message": "Decision for multi rows", "data": {"invoiceNumber": "ZJ07852997", "totalRows": 3, "failRows": 2, "reasons": ["小平台解析失敗", "小平台解析失敗", "大平台回覆成功"]}, "timestamp": 1777515700802}
{"sessionId": "79f104", "runId": "pre-fix", "hypothesisId": "H2", "location": "Epos自動化測試工具3.0.py:delete_invoice:start", "message": "Start delete invoice", "data": {"companyId": "90899217", "invoiceNumber": "ZJ07852997", "currentUrl": "https://epos.einvoice.com.tw/AS0102"}, "timestamp": 1777515700812}
{"sessionId": "79f104", "runId": "post-fix", "hypothesisId": "H2", "location": "Epos自動化測試工具3.0.py:open_ops_page:ready", "message": "Ops page ready", "data": {"currentUrl": "https://epos.einvoice.com.tw/UM0501", "openedOpsPage": true}, "timestamp": 1777515701507}
{"sessionId": "79f104", "runId": "pre-fix", "hypothesisId": "H2", "location": "Epos自動化測試工具3.0.py:delete_invoice:query_result", "message": "Delete page query result", "data": {"invoiceNumber": "ZJ07852997", "rowCount": 2}, "timestamp": 1777515702209}
{"sessionId": "79f104", "runId": "pre-fix", "hypothesisId": "H2", "location": "Epos自動化測試工具3.0.py:delete_invoice:start", "message": "Start delete invoice", "data": {"companyId": "90899217", "invoiceNumber": "ZJ07852997", "currentUrl": "https://epos.einvoice.com.tw/UM0501"}, "timestamp": 1777515705739}
{"sessionId": "79f104", "runId": "post-fix", "hypothesisId": "H2", "location": "Epos自動化測試工具3.0.py:open_ops_page:ready", "message": "Ops page ready", "data": {"currentUrl": "https://epos.einvoice.com.tw/UM0501", "openedOpsPage": true}, "timestamp": 1777515705902}
{"sessionId": "79f104", "runId": "pre-fix", "hypothesisId": "H2", "location": "Epos自動化測試工具3.0.py:delete_invoice:query_result", "message": "Delete page query result", "data": {"invoiceNumber": "ZJ07852997", "rowCount": 1}, "timestamp": 1777515706618}
{"sessionId": "79f104", "runId": "pre-fix", "hypothesisId": "H4", "location": "Epos自動化測試工具3.0.py:check_and_process_invoice:start", "message": "Start process invoice", "data": {"companyId": "90899217", "invoiceNumber": "ZJ07852997", "currentUrl": "https://epos.einvoice.com.tw/UM0501"}, "timestamp": 1777515707338}
{"sessionId": "79f104", "runId": "pre-fix", "hypothesisId": "H1", "location": "Epos自動化測試工具3.0.py:query_invoice_rows:start", "message": "Start invoice query", "data": {"companyId": "90899217", "invoiceNumber": "ZJ07852997", "currentUrl": "https://epos.einvoice.com.tw/UM0501"}, "timestamp": 1777515707348}
{"sessionId": "79f104", "runId": "pre-fix", "hypothesisId": "H1", "location": "Epos自動化測試工具3.0.py:open_business_query_page", "message": "Opened business query page", "data": {"currentUrl": "https://epos.einvoice.com.tw/AS0102", "openedBizPage": true}, "timestamp": 1777515708270}
{"sessionId": "79f104", "runId": "pre-fix", "hypothesisId": "H3", "location": "Epos自動化測試工具3.0.py:query_invoice_rows:rows", "message": "Fetched invoice rows", "data": {"companyId": "90899217", "invoiceNumber": "ZJ07852997", "rowCount": 1, "rows": [[1, "開立", "大平台回覆成功"]]}, "timestamp": 1777515709982}
{"sessionId": "79f104", "runId": "pre-fix", "hypothesisId": "H4", "location": "Epos自動化測試工具3.0.py:check_and_process_invoice:start", "message": "Start process invoice", "data": {"companyId": "82827556", "invoiceNumber": "ZL38129555", "currentUrl": "https://epos.einvoice.com.tw/AS0102"}, "timestamp": 1777515709991}
{"sessionId": "79f104", "runId": "pre-fix", "hypothesisId": "H1", "location": "Epos自動化測試工具3.0.py:query_invoice_rows:start", "message": "Start invoice query", "data": {"companyId": "82827556", "invoiceNumber": "ZL38129555", "currentUrl": "https://epos.einvoice.com.tw/AS0102"}, "timestamp": 1777515709999}
{"sessionId": "79f104", "runId": "pre-fix", "hypothesisId": "H1", "location": "Epos自動化測試工具3.0.py:open_business_query_page", "message": "Opened business query page", "data": {"currentUrl": "https://epos.einvoice.com.tw/AS0102", "openedBizPage": true}, "timestamp": 1777515710299}
{"sessionId": "79f104", "runId": "pre-fix", "hypothesisId": "H3", "location": "Epos自動化測試工具3.0.py:query_invoice_rows:rows", "message": "Fetched invoice rows", "data": {"companyId": "82827556", "invoiceNumber": "ZL38129555", "rowCount": 2, "rows": [[1, "開立", "小平台解析失敗"], [2, "開立", "大平台回覆成功"]]}, "timestamp": 1777515712065}
{"sessionId": "79f104", "runId": "pre-fix", "hypothesisId": "H3", "location": "Epos自動化測試工具3.0.py:check_and_process_invoice:decision", "message": "Decision for multi rows", "data": {"invoiceNumber": "ZL38129555", "totalRows": 2, "failRows": 1, "reasons": ["小平台解析失敗", "大平台回覆成功"]}, "timestamp": 1777515712071}
{"sessionId": "79f104", "runId": "pre-fix", "hypothesisId": "H2", "location": "Epos自動化測試工具3.0.py:delete_invoice:start", "message": "Start delete invoice", "data": {"companyId": "82827556", "invoiceNumber": "ZL38129555", "currentUrl": "https://epos.einvoice.com.tw/AS0102"}, "timestamp": 1777515712079}
{"sessionId": "79f104", "runId": "post-fix", "hypothesisId": "H2", "location": "Epos自動化測試工具3.0.py:open_ops_page:ready", "message": "Ops page ready", "data": {"currentUrl": "https://epos.einvoice.com.tw/UM0501", "openedOpsPage": true}, "timestamp": 1777515712870}
{"sessionId": "79f104", "runId": "pre-fix", "hypothesisId": "H2", "location": "Epos自動化測試工具3.0.py:delete_invoice:query_result", "message": "Delete page query result", "data": {"invoiceNumber": "ZL38129555", "rowCount": 1}, "timestamp": 1777515713694}
{"sessionId": "79f104", "runId": "post-fix", "hypothesisId": "H5", "location": "Epos自動化測試工具3.0.py:write_invoice_data:success", "message": "Excel write success", "data": {"path": "D:\\D\\wilsonhuang\\Worktime\\python\\epos自動化測試工具3.0\\data\\EposError.xlsx", "rows": 16}, "timestamp": 1777515714696}
{"sessionId": "79f104", "runId": "pre-fix", "hypothesisId": "H4", "location": "Epos自動化測試工具3.0.py:check_and_process_invoice:start", "message": "Start process invoice", "data": {"companyId": "83528802", "invoiceNumber": "ZJ79615109", "currentUrl": "https://epos.einvoice.com.tw/UM0501"}, "timestamp": 1777515714718}
{"sessionId": "79f104", "runId": "pre-fix", "hypothesisId": "H1", "location": "Epos自動化測試工具3.0.py:query_invoice_rows:start", "message": "Start invoice query", "data": {"companyId": "83528802", "invoiceNumber": "ZJ79615109", "currentUrl": "https://epos.einvoice.com.tw/UM0501"}, "timestamp": 1777515714732}
{"sessionId": "79f104", "runId": "pre-fix", "hypothesisId": "H1", "location": "Epos自動化測試工具3.0.py:open_business_query_page", "message": "Opened business query page", "data": {"currentUrl": "https://epos.einvoice.com.tw/AS0102", "openedBizPage": true}, "timestamp": 1777515715507}
{"sessionId": "79f104", "runId": "pre-fix", "hypothesisId": "H3", "location": "Epos自動化測試工具3.0.py:query_invoice_rows:rows", "message": "Fetched invoice rows", "data": {"companyId": "83528802", "invoiceNumber": "ZJ79615109", "rowCount": 2, "rows": [[1, "開立", "大平台回覆成功"], [2, "開立", "小平台解析失敗"]]}, "timestamp": 1777515717257}
{"sessionId": "79f104", "runId": "pre-fix", "hypothesisId": "H3", "location": "Epos自動化測試工具3.0.py:check_and_process_invoice:decision", "message": "Decision for multi rows", "data": {"invoiceNumber": "ZJ79615109", "totalRows": 2, "failRows": 1, "reasons": ["大平台回覆成功", "小平台解析失敗"]}, "timestamp": 1777515717265}
{"sessionId": "79f104", "runId": "pre-fix", "hypothesisId": "H2", "location": "Epos自動化測試工具3.0.py:delete_invoice:start", "message": "Start delete invoice", "data": {"companyId": "83528802", "invoiceNumber": "ZJ79615109", "currentUrl": "https://epos.einvoice.com.tw/AS0102"}, "timestamp": 1777515717286}
{"sessionId": "79f104", "runId": "post-fix", "hypothesisId": "H2", "location": "Epos自動化測試工具3.0.py:open_ops_page:ready", "message": "Ops page ready", "data": {"currentUrl": "https://epos.einvoice.com.tw/UM0501", "openedOpsPage": true}, "timestamp": 1777515717978}
{"sessionId": "79f104", "runId": "pre-fix", "hypothesisId": "H2", "location": "Epos自動化測試工具3.0.py:delete_invoice:query_result", "message": "Delete page query result", "data": {"invoiceNumber": "ZJ79615109", "rowCount": 1}, "timestamp": 1777515718640}
{"sessionId": "79f104", "runId": "pre-fix", "hypothesisId": "H4", "location": "Epos自動化測試工具3.0.py:check_and_process_invoice:start", "message": "Start process invoice", "data": {"companyId": "83528802", "invoiceNumber": "ZJ79615108", "currentUrl": "https://epos.einvoice.com.tw/UM0501"}, "timestamp": 1777515719890}
{"sessionId": "79f104", "runId": "pre-fix", "hypothesisId": "H1", "location": "Epos自動化測試工具3.0.py:query_invoice_rows:start", "message": "Start invoice query", "data": {"companyId": "83528802", "invoiceNumber": "ZJ79615108", "currentUrl": "https://epos.einvoice.com.tw/UM0501"}, "timestamp": 1777515719900}
{"sessionId": "79f104", "runId": "pre-fix", "hypothesisId": "H1", "location": "Epos自動化測試工具3.0.py:open_business_query_page", "message": "Opened business query page", "data": {"currentUrl": "https://epos.einvoice.com.tw/AS0102", "openedBizPage": true}, "timestamp": 1777515720775}
{"sessionId": "79f104", "runId": "pre-fix", "hypothesisId": "H3", "location": "Epos自動化測試工具3.0.py:query_invoice_rows:rows", "message": "Fetched invoice rows", "data": {"companyId": "83528802", "invoiceNumber": "ZJ79615108", "rowCount": 2, "rows": [[1, "開立", "大平台回覆成功"], [2, "開立", "小平台解析失敗"]]}, "timestamp": 1777515722581}
{"sessionId": "79f104", "runId": "pre-fix", "hypothesisId": "H3", "location": "Epos自動化測試工具3.0.py:check_and_process_invoice:decision", "message": "Decision for multi rows", "data": {"invoiceNumber": "ZJ79615108", "totalRows": 2, "failRows": 1, "reasons": ["大平台回覆成功", "小平台解析失敗"]}, "timestamp": 1777515722587}
{"sessionId": "79f104", "runId": "pre-fix", "hypothesisId": "H2", "location": "Epos自動化測試工具3.0.py:delete_invoice:start", "message": "Start delete invoice", "data": {"companyId": "83528802", "invoiceNumber": "ZJ79615108", "currentUrl": "https://epos.einvoice.com.tw/AS0102"}, "timestamp": 1777515722596}
{"sessionId": "79f104", "runId": "post-fix", "hypothesisId": "H2", "location": "Epos自動化測試工具3.0.py:open_ops_page:ready", "message": "Ops page ready", "data": {"currentUrl": "https://epos.einvoice.com.tw/UM0501", "openedOpsPage": true}, "timestamp": 1777515723318}
{"sessionId": "79f104", "runId": "pre-fix", "hypothesisId": "H2", "location": "Epos自動化測試工具3.0.py:delete_invoice:query_result", "message": "Delete page query result", "data": {"invoiceNumber": "ZJ79615108", "rowCount": 1}, "timestamp": 1777515724023}
{"sessionId": "79f104", "runId": "pre-fix", "hypothesisId": "H4", "location": "Epos自動化測試工具3.0.py:check_and_process_invoice:start", "message": "Start process invoice", "data": {"companyId": "83528802", "invoiceNumber": "ZJ79615106", "currentUrl": "https://epos.einvoice.com.tw/UM0501"}, "timestamp": 1777515724719}
{"sessionId": "79f104", "runId": "pre-fix", "hypothesisId": "H1", "location": "Epos自動化測試工具3.0.py:query_invoice_rows:start", "message": "Start invoice query", "data": {"companyId": "83528802", "invoiceNumber": "ZJ79615106", "currentUrl": "https://epos.einvoice.com.tw/UM0501"}, "timestamp": 1777515724729}
{"sessionId": "79f104", "runId": "pre-fix", "hypothesisId": "H1", "location": "Epos自動化測試工具3.0.py:open_business_query_page", "message": "Opened business query page", "data": {"currentUrl": "https://epos.einvoice.com.tw/AS0102", "openedBizPage": true}, "timestamp": 1777515725641}
{"sessionId": "79f104", "runId": "pre-fix", "hypothesisId": "H3", "location": "Epos自動化測試工具3.0.py:query_invoice_rows:rows", "message": "Fetched invoice rows", "data": {"companyId": "83528802", "invoiceNumber": "ZJ79615106", "rowCount": 2, "rows": [[1, "開立", "大平台回覆成功"], [2, "開立", "小平台解析失敗"]]}, "timestamp": 1777515727350}
{"sessionId": "79f104", "runId": "pre-fix", "hypothesisId": "H3", "location": "Epos自動化測試工具3.0.py:check_and_process_invoice:decision", "message": "Decision for multi rows", "data": {"invoiceNumber": "ZJ79615106", "totalRows": 2, "failRows": 1, "reasons": ["大平台回覆成功", "小平台解析失敗"]}, "timestamp": 1777515727355}
{"sessionId": "79f104", "runId": "pre-fix", "hypothesisId": "H2", "location": "Epos自動化測試工具3.0.py:delete_invoice:start", "message": "Start delete invoice", "data": {"companyId": "83528802", "invoiceNumber": "ZJ79615106", "currentUrl": "https://epos.einvoice.com.tw/AS0102"}, "timestamp": 1777515727364}
{"sessionId": "79f104", "runId": "post-fix", "hypothesisId": "H2", "location": "Epos自動化測試工具3.0.py:open_ops_page:ready", "message": "Ops page ready", "data": {"currentUrl": "https://epos.einvoice.com.tw/UM0501", "openedOpsPage": true}, "timestamp": 1777515728085}
{"sessionId": "79f104", "runId": "pre-fix", "hypothesisId": "H2", "location": "Epos自動化測試工具3.0.py:delete_invoice:query_result", "message": "Delete page query result", "data": {"invoiceNumber": "ZJ79615106", "rowCount": 1}, "timestamp": 1777515728750}
{"sessionId": "79f104", "runId": "pre-fix", "hypothesisId": "H4", "location": "Epos自動化測試工具3.0.py:check_and_process_invoice:start", "message": "Start process invoice", "data": {"companyId": "83528802", "invoiceNumber": "ZJ79615105", "currentUrl": "https://epos.einvoice.com.tw/UM0501"}, "timestamp": 1777515729518}
{"sessionId": "79f104", "runId": "pre-fix", "hypothesisId": "H1", "location": "Epos自動化測試工具3.0.py:query_invoice_rows:start", "message": "Start invoice query", "data": {"companyId": "83528802", "invoiceNumber": "ZJ79615105", "currentUrl": "https://epos.einvoice.com.tw/UM0501"}, "timestamp": 1777515729525}
{"sessionId": "79f104", "runId": "pre-fix", "hypothesisId": "H1", "location": "Epos自動化測試工具3.0.py:open_business_query_page", "message": "Opened business query page", "data": {"currentUrl": "https://epos.einvoice.com.tw/AS0102", "openedBizPage": true}, "timestamp": 1777515730469}
{"sessionId": "79f104", "runId": "pre-fix", "hypothesisId": "H3", "location": "Epos自動化測試工具3.0.py:query_invoice_rows:rows", "message": "Fetched invoice rows", "data": {"companyId": "83528802", "invoiceNumber": "ZJ79615105", "rowCount": 2, "rows": [[1, "開立", "大平台回覆成功"], [2, "開立", "小平台解析失敗"]]}, "timestamp": 1777515732266}
{"sessionId": "79f104", "runId": "pre-fix", "hypothesisId": "H3", "location": "Epos自動化測試工具3.0.py:check_and_process_invoice:decision", "message": "Decision for multi rows", "data": {"invoiceNumber": "ZJ79615105", "totalRows": 2, "failRows": 1, "reasons": ["大平台回覆成功", "小平台解析失敗"]}, "timestamp": 1777515732271}
{"sessionId": "79f104", "runId": "pre-fix", "hypothesisId": "H2", "location": "Epos自動化測試工具3.0.py:delete_invoice:start", "message": "Start delete invoice", "data": {"companyId": "83528802", "invoiceNumber": "ZJ79615105", "currentUrl": "https://epos.einvoice.com.tw/AS0102"}, "timestamp": 1777515732280}
{"sessionId": "79f104", "runId": "post-fix", "hypothesisId": "H2", "location": "Epos自動化測試工具3.0.py:open_ops_page:ready", "message": "Ops page ready", "data": {"currentUrl": "https://epos.einvoice.com.tw/UM0501", "openedOpsPage": true}, "timestamp": 1777515733000}
{"sessionId": "79f104", "runId": "pre-fix", "hypothesisId": "H2", "location": "Epos自動化測試工具3.0.py:delete_invoice:query_result", "message": "Delete page query result", "data": {"invoiceNumber": "ZJ79615105", "rowCount": 1}, "timestamp": 1777515733717}
{"sessionId": "79f104", "runId": "pre-fix", "hypothesisId": "H4", "location": "Epos自動化測試工具3.0.py:check_and_process_invoice:start", "message": "Start process invoice", "data": {"companyId": "83528802", "invoiceNumber": "ZJ79615103", "currentUrl": "https://epos.einvoice.com.tw/UM0501"}, "timestamp": 1777515734438}
{"sessionId": "79f104", "runId": "pre-fix", "hypothesisId": "H1", "location": "Epos自動化測試工具3.0.py:query_invoice_rows:start", "message": "Start invoice query", "data": {"companyId": "83528802", "invoiceNumber": "ZJ79615103", "currentUrl": "https://epos.einvoice.com.tw/UM0501"}, "timestamp": 1777515734449}
{"sessionId": "79f104", "runId": "pre-fix", "hypothesisId": "H1", "location": "Epos自動化測試工具3.0.py:open_business_query_page", "message": "Opened business query page", "data": {"currentUrl": "https://epos.einvoice.com.tw/AS0102", "openedBizPage": true}, "timestamp": 1777515735369}
{"sessionId": "79f104", "runId": "pre-fix", "hypothesisId": "H3", "location": "Epos自動化測試工具3.0.py:query_invoice_rows:rows", "message": "Fetched invoice rows", "data": {"companyId": "83528802", "invoiceNumber": "ZJ79615103", "rowCount": 2, "rows": [[1, "開立", "小平台解析失敗"], [2, "開立", "大平台回覆成功"]]}, "timestamp": 1777515737100}
{"sessionId": "79f104", "runId": "pre-fix", "hypothesisId": "H3", "location": "Epos自動化測試工具3.0.py:check_and_process_invoice:decision", "message": "Decision for multi rows", "data": {"invoiceNumber": "ZJ79615103", "totalRows": 2, "failRows": 1, "reasons": ["小平台解析失敗", "大平台回覆成功"]}, "timestamp": 1777515737104}
{"sessionId": "79f104", "runId": "pre-fix", "hypothesisId": "H2", "location": "Epos自動化測試工具3.0.py:delete_invoice:start", "message": "Start delete invoice", "data": {"companyId": "83528802", "invoiceNumber": "ZJ79615103", "currentUrl": "https://epos.einvoice.com.tw/AS0102"}, "timestamp": 1777515737112}
{"sessionId": "79f104", "runId": "post-fix", "hypothesisId": "H2", "location": "Epos自動化測試工具3.0.py:open_ops_page:ready", "message": "Ops page ready", "data": {"currentUrl": "https://epos.einvoice.com.tw/UM0501", "openedOpsPage": true}, "timestamp": 1777515737764}
{"sessionId": "79f104", "runId": "pre-fix", "hypothesisId": "H2", "location": "Epos自動化測試工具3.0.py:delete_invoice:query_result", "message": "Delete page query result", "data": {"invoiceNumber": "ZJ79615103", "rowCount": 1}, "timestamp": 1777515738479}
{"sessionId": "79f104", "runId": "post-fix", "hypothesisId": "H5", "location": "Epos自動化測試工具3.0.py:write_invoice_data:success", "message": "Excel write success", "data": {"path": "D:\\D\\wilsonhuang\\Worktime\\python\\epos自動化測試工具3.0\\data\\EposError.xlsx", "rows": 11}, "timestamp": 1777515739227}
{"sessionId": "79f104", "runId": "pre-fix", "hypothesisId": "H4", "location": "Epos自動化測試工具3.0.py:check_and_process_invoice:start", "message": "Start process invoice", "data": {"companyId": "83528802", "invoiceNumber": "ZJ79615102", "currentUrl": "https://epos.einvoice.com.tw/UM0501"}, "timestamp": 1777515739235}
{"sessionId": "79f104", "runId": "pre-fix", "hypothesisId": "H1", "location": "Epos自動化測試工具3.0.py:query_invoice_rows:start", "message": "Start invoice query", "data": {"companyId": "83528802", "invoiceNumber": "ZJ79615102", "currentUrl": "https://epos.einvoice.com.tw/UM0501"}, "timestamp": 1777515739243}
{"sessionId": "79f104", "runId": "pre-fix", "hypothesisId": "H1", "location": "Epos自動化測試工具3.0.py:open_business_query_page", "message": "Opened business query page", "data": {"currentUrl": "https://epos.einvoice.com.tw/AS0102", "openedBizPage": true}, "timestamp": 1777515740047}
{"sessionId": "79f104", "runId": "pre-fix", "hypothesisId": "H3", "location": "Epos自動化測試工具3.0.py:query_invoice_rows:rows", "message": "Fetched invoice rows", "data": {"companyId": "83528802", "invoiceNumber": "ZJ79615102", "rowCount": 2, "rows": [[1, "開立", "小平台解析失敗"], [2, "開立", "大平台回覆成功"]]}, "timestamp": 1777515741774}
{"sessionId": "79f104", "runId": "pre-fix", "hypothesisId": "H3", "location": "Epos自動化測試工具3.0.py:check_and_process_invoice:decision", "message": "Decision for multi rows", "data": {"invoiceNumber": "ZJ79615102", "totalRows": 2, "failRows": 1, "reasons": ["小平台解析失敗", "大平台回覆成功"]}, "timestamp": 1777515741779}
{"sessionId": "79f104", "runId": "pre-fix", "hypothesisId": "H2", "location": "Epos自動化測試工具3.0.py:delete_invoice:start", "message": "Start delete invoice", "data": {"companyId": "83528802", "invoiceNumber": "ZJ79615102", "currentUrl": "https://epos.einvoice.com.tw/AS0102"}, "timestamp": 1777515741786}
{"sessionId": "79f104", "runId": "post-fix", "hypothesisId": "H2", "location": "Epos自動化測試工具3.0.py:open_ops_page:ready", "message": "Ops page ready", "data": {"currentUrl": "https://epos.einvoice.com.tw/UM0501", "openedOpsPage": true}, "timestamp": 1777515742502}
{"sessionId": "79f104", "runId": "pre-fix", "hypothesisId": "H2", "location": "Epos自動化測試工具3.0.py:delete_invoice:query_result", "message": "Delete page query result", "data": {"invoiceNumber": "ZJ79615102", "rowCount": 1}, "timestamp": 1777515743251}
{"sessionId": "79f104", "runId": "pre-fix", "hypothesisId": "H4", "location": "Epos自動化測試工具3.0.py:check_and_process_invoice:start", "message": "Start process invoice", "data": {"companyId": "83528802", "invoiceNumber": "ZJ79615100", "currentUrl": "https://epos.einvoice.com.tw/UM0501"}, "timestamp": 1777515743987}
{"sessionId": "79f104", "runId": "pre-fix", "hypothesisId": "H1", "location": "Epos自動化測試工具3.0.py:query_invoice_rows:start", "message": "Start invoice query", "data": {"companyId": "83528802", "invoiceNumber": "ZJ79615100", "currentUrl": "https://epos.einvoice.com.tw/UM0501"}, "timestamp": 1777515744002}
{"sessionId": "79f104", "runId": "pre-fix", "hypothesisId": "H1", "location": "Epos自動化測試工具3.0.py:open_business_query_page", "message": "Opened business query page", "data": {"currentUrl": "https://epos.einvoice.com.tw/AS0102", "openedBizPage": true}, "timestamp": 1777515744888}
{"sessionId": "79f104", "runId": "pre-fix", "hypothesisId": "H3", "location": "Epos自動化測試工具3.0.py:query_invoice_rows:rows", "message": "Fetched invoice rows", "data": {"companyId": "83528802", "invoiceNumber": "ZJ79615100", "rowCount": 2, "rows": [[1, "開立", "小平台解析失敗"], [2, "開立", "大平台回覆成功"]]}, "timestamp": 1777515746554}
{"sessionId": "79f104", "runId": "pre-fix", "hypothesisId": "H3", "location": "Epos自動化測試工具3.0.py:check_and_process_invoice:decision", "message": "Decision for multi rows", "data": {"invoiceNumber": "ZJ79615100", "totalRows": 2, "failRows": 1, "reasons": ["小平台解析失敗", "大平台回覆成功"]}, "timestamp": 1777515746558}
{"sessionId": "79f104", "runId": "pre-fix", "hypothesisId": "H2", "location": "Epos自動化測試工具3.0.py:delete_invoice:start", "message": "Start delete invoice", "data": {"companyId": "83528802", "invoiceNumber": "ZJ79615100", "currentUrl": "https://epos.einvoice.com.tw/AS0102"}, "timestamp": 1777515746565}
{"sessionId": "79f104", "runId": "post-fix", "hypothesisId": "H2", "location": "Epos自動化測試工具3.0.py:open_ops_page:ready", "message": "Ops page ready", "data": {"currentUrl": "https://epos.einvoice.com.tw/UM0501", "openedOpsPage": true}, "timestamp": 1777515747233}
{"sessionId": "79f104", "runId": "pre-fix", "hypothesisId": "H2", "location": "Epos自動化測試工具3.0.py:delete_invoice:query_result", "message": "Delete page query result", "data": {"invoiceNumber": "ZJ79615100", "rowCount": 1}, "timestamp": 1777515747883}
{"sessionId": "79f104", "runId": "pre-fix", "hypothesisId": "H4", "location": "Epos自動化測試工具3.0.py:check_and_process_invoice:start", "message": "Start process invoice", "data": {"companyId": "83528802", "invoiceNumber": "ZJ79615099", "currentUrl": "https://epos.einvoice.com.tw/UM0501"}, "timestamp": 1777515748594}
{"sessionId": "79f104", "runId": "pre-fix", "hypothesisId": "H1", "location": "Epos自動化測試工具3.0.py:query_invoice_rows:start", "message": "Start invoice query", "data": {"companyId": "83528802", "invoiceNumber": "ZJ79615099", "currentUrl": "https://epos.einvoice.com.tw/UM0501"}, "timestamp": 1777515748601}
{"sessionId": "79f104", "runId": "pre-fix", "hypothesisId": "H1", "location": "Epos自動化測試工具3.0.py:open_business_query_page", "message": "Opened business query page", "data": {"currentUrl": "https://epos.einvoice.com.tw/AS0102", "openedBizPage": true}, "timestamp": 1777515749475}
{"sessionId": "79f104", "runId": "pre-fix", "hypothesisId": "H3", "location": "Epos自動化測試工具3.0.py:query_invoice_rows:rows", "message": "Fetched invoice rows", "data": {"companyId": "83528802", "invoiceNumber": "ZJ79615099", "rowCount": 2, "rows": [[1, "開立", "小平台解析失敗"], [2, "開立", "大平台回覆成功"]]}, "timestamp": 1777515751141}
{"sessionId": "79f104", "runId": "pre-fix", "hypothesisId": "H3", "location": "Epos自動化測試工具3.0.py:check_and_process_invoice:decision", "message": "Decision for multi rows", "data": {"invoiceNumber": "ZJ79615099", "totalRows": 2, "failRows": 1, "reasons": ["小平台解析失敗", "大平台回覆成功"]}, "timestamp": 1777515751145}
{"sessionId": "79f104", "runId": "pre-fix", "hypothesisId": "H2", "location": "Epos自動化測試工具3.0.py:delete_invoice:start", "message": "Start delete invoice", "data": {"companyId": "83528802", "invoiceNumber": "ZJ79615099", "currentUrl": "https://epos.einvoice.com.tw/AS0102"}, "timestamp": 1777515751152}
{"sessionId": "79f104", "runId": "post-fix", "hypothesisId": "H2", "location": "Epos自動化測試工具3.0.py:open_ops_page:ready", "message": "Ops page ready", "data": {"currentUrl": "https://epos.einvoice.com.tw/UM0501", "openedOpsPage": true}, "timestamp": 1777515751827}
{"sessionId": "79f104", "runId": "pre-fix", "hypothesisId": "H2", "location": "Epos自動化測試工具3.0.py:delete_invoice:query_result", "message": "Delete page query result", "data": {"invoiceNumber": "ZJ79615099", "rowCount": 1}, "timestamp": 1777515752508}
{"sessionId": "79f104", "runId": "pre-fix", "hypothesisId": "H4", "location": "Epos自動化測試工具3.0.py:check_and_process_invoice:start", "message": "Start process invoice", "data": {"companyId": "83528802", "invoiceNumber": "ZJ79615097", "currentUrl": "https://epos.einvoice.com.tw/UM0501"}, "timestamp": 1777515753217}
{"sessionId": "79f104", "runId": "pre-fix", "hypothesisId": "H1", "location": "Epos自動化測試工具3.0.py:query_invoice_rows:start", "message": "Start invoice query", "data": {"companyId": "83528802", "invoiceNumber": "ZJ79615097", "currentUrl": "https://epos.einvoice.com.tw/UM0501"}, "timestamp": 1777515753228}
{"sessionId": "79f104", "runId": "pre-fix", "hypothesisId": "H1", "location": "Epos自動化測試工具3.0.py:open_business_query_page", "message": "Opened business query page", "data": {"currentUrl": "https://epos.einvoice.com.tw/AS0102", "openedBizPage": true}, "timestamp": 1777515754117}
{"sessionId": "79f104", "runId": "pre-fix", "hypothesisId": "H3", "location": "Epos自動化測試工具3.0.py:query_invoice_rows:rows", "message": "Fetched invoice rows", "data": {"companyId": "83528802", "invoiceNumber": "ZJ79615097", "rowCount": 2, "rows": [[1, "開立", "大平台回覆成功"], [2, "開立", "小平台解析失敗"]]}, "timestamp": 1777515755824}
{"sessionId": "79f104", "runId": "pre-fix", "hypothesisId": "H3", "location": "Epos自動化測試工具3.0.py:check_and_process_invoice:decision", "message": "Decision for multi rows", "data": {"invoiceNumber": "ZJ79615097", "totalRows": 2, "failRows": 1, "reasons": ["大平台回覆成功", "小平台解析失敗"]}, "timestamp": 1777515755832}
{"sessionId": "79f104", "runId": "pre-fix", "hypothesisId": "H2", "location": "Epos自動化測試工具3.0.py:delete_invoice:start", "message": "Start delete invoice", "data": {"companyId": "83528802", "invoiceNumber": "ZJ79615097", "currentUrl": "https://epos.einvoice.com.tw/AS0102"}, "timestamp": 1777515755850}
{"sessionId": "79f104", "runId": "post-fix", "hypothesisId": "H2", "location": "Epos自動化測試工具3.0.py:open_ops_page:ready", "message": "Ops page ready", "data": {"currentUrl": "https://epos.einvoice.com.tw/UM0501", "openedOpsPage": true}, "timestamp": 1777515756530}
{"sessionId": "79f104", "runId": "pre-fix", "hypothesisId": "H2", "location": "Epos自動化測試工具3.0.py:delete_invoice:query_result", "message": "Delete page query result", "data": {"invoiceNumber": "ZJ79615097", "rowCount": 1}, "timestamp": 1777515757312}
{"sessionId": "79f104", "runId": "pre-fix", "hypothesisId": "H4", "location": "Epos自動化測試工具3.0.py:check_and_process_invoice:start", "message": "Start process invoice", "data": {"companyId": "83528802", "invoiceNumber": "ZJ79615096", "currentUrl": "https://epos.einvoice.com.tw/UM0501"}, "timestamp": 1777515758019}
{"sessionId": "79f104", "runId": "pre-fix", "hypothesisId": "H1", "location": "Epos自動化測試工具3.0.py:query_invoice_rows:start", "message": "Start invoice query", "data": {"companyId": "83528802", "invoiceNumber": "ZJ79615096", "currentUrl": "https://epos.einvoice.com.tw/UM0501"}, "timestamp": 1777515758031}
{"sessionId": "79f104", "runId": "pre-fix", "hypothesisId": "H1", "location": "Epos自動化測試工具3.0.py:open_business_query_page", "message": "Opened business query page", "data": {"currentUrl": "https://epos.einvoice.com.tw/AS0102", "openedBizPage": true}, "timestamp": 1777515758969}
{"sessionId": "79f104", "runId": "pre-fix", "hypothesisId": "H3", "location": "Epos自動化測試工具3.0.py:query_invoice_rows:rows", "message": "Fetched invoice rows", "data": {"companyId": "83528802", "invoiceNumber": "ZJ79615096", "rowCount": 2, "rows": [[1, "開立", "大平台回覆成功"], [2, "開立", "小平台解析失敗"]]}, "timestamp": 1777515760732}
{"sessionId": "79f104", "runId": "pre-fix", "hypothesisId": "H3", "location": "Epos自動化測試工具3.0.py:check_and_process_invoice:decision", "message": "Decision for multi rows", "data": {"invoiceNumber": "ZJ79615096", "totalRows": 2, "failRows": 1, "reasons": ["大平台回覆成功", "小平台解析失敗"]}, "timestamp": 1777515760736}
{"sessionId": "79f104", "runId": "pre-fix", "hypothesisId": "H2", "location": "Epos自動化測試工具3.0.py:delete_invoice:start", "message": "Start delete invoice", "data": {"companyId": "83528802", "invoiceNumber": "ZJ79615096", "currentUrl": "https://epos.einvoice.com.tw/AS0102"}, "timestamp": 1777515760743}
{"sessionId": "79f104", "runId": "post-fix", "hypothesisId": "H2", "location": "Epos自動化測試工具3.0.py:open_ops_page:ready", "message": "Ops page ready", "data": {"currentUrl": "https://epos.einvoice.com.tw/UM0501", "openedOpsPage": true}, "timestamp": 1777515761439}
{"sessionId": "79f104", "runId": "pre-fix", "hypothesisId": "H2", "location": "Epos自動化測試工具3.0.py:delete_invoice:query_result", "message": "Delete page query result", "data": {"invoiceNumber": "ZJ79615096", "rowCount": 1}, "timestamp": 1777515762268}
{"sessionId": "79f104", "runId": "post-fix", "hypothesisId": "H5", "location": "Epos自動化測試工具3.0.py:write_invoice_data:success", "message": "Excel write success", "data": {"path": "D:\\D\\wilsonhuang\\Worktime\\python\\epos自動化測試工具3.0\\data\\EposError.xlsx", "rows": 6}, "timestamp": 1777515763062}
{"sessionId": "79f104", "runId": "pre-fix", "hypothesisId": "H4", "location": "Epos自動化測試工具3.0.py:check_and_process_invoice:start", "message": "Start process invoice", "data": {"companyId": "83528802", "invoiceNumber": "ZJ79615094", "currentUrl": "https://epos.einvoice.com.tw/UM0501"}, "timestamp": 1777515763072}
{"sessionId": "79f104", "runId": "pre-fix", "hypothesisId": "H1", "location": "Epos自動化測試工具3.0.py:query_invoice_rows:start", "message": "Start invoice query", "data": {"companyId": "83528802", "invoiceNumber": "ZJ79615094", "currentUrl": "https://epos.einvoice.com.tw/UM0501"}, "timestamp": 1777515763084}
{"sessionId": "79f104", "runId": "pre-fix", "hypothesisId": "H1", "location": "Epos自動化測試工具3.0.py:open_business_query_page", "message": "Opened business query page", "data": {"currentUrl": "https://epos.einvoice.com.tw/AS0102", "openedBizPage": true}, "timestamp": 1777515763962}
{"sessionId": "79f104", "runId": "pre-fix", "hypothesisId": "H3", "location": "Epos自動化測試工具3.0.py:query_invoice_rows:rows", "message": "Fetched invoice rows", "data": {"companyId": "83528802", "invoiceNumber": "ZJ79615094", "rowCount": 2, "rows": [[1, "開立", "大平台回覆成功"], [2, "開立", "小平台解析失敗"]]}, "timestamp": 1777515765686}
{"sessionId": "79f104", "runId": "pre-fix", "hypothesisId": "H3", "location": "Epos自動化測試工具3.0.py:check_and_process_invoice:decision", "message": "Decision for multi rows", "data": {"invoiceNumber": "ZJ79615094", "totalRows": 2, "failRows": 1, "reasons": ["大平台回覆成功", "小平台解析失敗"]}, "timestamp": 1777515765691}
{"sessionId": "79f104", "runId": "pre-fix", "hypothesisId": "H2", "location": "Epos自動化測試工具3.0.py:delete_invoice:start", "message": "Start delete invoice", "data": {"companyId": "83528802", "invoiceNumber": "ZJ79615094", "currentUrl": "https://epos.einvoice.com.tw/AS0102"}, "timestamp": 1777515765699}
{"sessionId": "79f104", "runId": "post-fix", "hypothesisId": "H2", "location": "Epos自動化測試工具3.0.py:open_ops_page:ready", "message": "Ops page ready", "data": {"currentUrl": "https://epos.einvoice.com.tw/UM0501", "openedOpsPage": true}, "timestamp": 1777515766391}
{"sessionId": "79f104", "runId": "pre-fix", "hypothesisId": "H2", "location": "Epos自動化測試工具3.0.py:delete_invoice:query_result", "message": "Delete page query result", "data": {"invoiceNumber": "ZJ79615094", "rowCount": 1}, "timestamp": 1777515767100}
{"sessionId": "79f104", "runId": "pre-fix", "hypothesisId": "H4", "location": "Epos自動化測試工具3.0.py:check_and_process_invoice:start", "message": "Start process invoice", "data": {"companyId": "83528802", "invoiceNumber": "ZJ79615093", "currentUrl": "https://epos.einvoice.com.tw/UM0501"}, "timestamp": 1777515767798}
{"sessionId": "79f104", "runId": "pre-fix", "hypothesisId": "H1", "location": "Epos自動化測試工具3.0.py:query_invoice_rows:start", "message": "Start invoice query", "data": {"companyId": "83528802", "invoiceNumber": "ZJ79615093", "currentUrl": "https://epos.einvoice.com.tw/UM0501"}, "timestamp": 1777515767808}
{"sessionId": "79f104", "runId": "pre-fix", "hypothesisId": "H1", "location": "Epos自動化測試工具3.0.py:open_business_query_page", "message": "Opened business query page", "data": {"currentUrl": "https://epos.einvoice.com.tw/AS0102", "openedBizPage": true}, "timestamp": 1777515768688}
{"sessionId": "79f104", "runId": "pre-fix", "hypothesisId": "H3", "location": "Epos自動化測試工具3.0.py:query_invoice_rows:rows", "message": "Fetched invoice rows", "data": {"companyId": "83528802", "invoiceNumber": "ZJ79615093", "rowCount": 2, "rows": [[1, "開立", "大平台回覆成功"], [2, "開立", "小平台解析失敗"]]}, "timestamp": 1777515770329}
{"sessionId": "79f104", "runId": "pre-fix", "hypothesisId": "H3", "location": "Epos自動化測試工具3.0.py:check_and_process_invoice:decision", "message": "Decision for multi rows", "data": {"invoiceNumber": "ZJ79615093", "totalRows": 2, "failRows": 1, "reasons": ["大平台回覆成功", "小平台解析失敗"]}, "timestamp": 1777515770334}
{"sessionId": "79f104", "runId": "pre-fix", "hypothesisId": "H2", "location": "Epos自動化測試工具3.0.py:delete_invoice:start", "message": "Start delete invoice", "data": {"companyId": "83528802", "invoiceNumber": "ZJ79615093", "currentUrl": "https://epos.einvoice.com.tw/AS0102"}, "timestamp": 1777515770341}
{"sessionId": "79f104", "runId": "post-fix", "hypothesisId": "H2", "location": "Epos自動化測試工具3.0.py:open_ops_page:ready", "message": "Ops page ready", "data": {"currentUrl": "https://epos.einvoice.com.tw/UM0501", "openedOpsPage": true}, "timestamp": 1777515770973}
{"sessionId": "79f104", "runId": "pre-fix", "hypothesisId": "H2", "location": "Epos自動化測試工具3.0.py:delete_invoice:query_result", "message": "Delete page query result", "data": {"invoiceNumber": "ZJ79615093", "rowCount": 1}, "timestamp": 1777515771663}
{"sessionId": "79f104", "runId": "pre-fix", "hypothesisId": "H4", "location": "Epos自動化測試工具3.0.py:check_and_process_invoice:start", "message": "Start process invoice", "data": {"companyId": "83528802", "invoiceNumber": "ZJ79615092", "currentUrl": "https://epos.einvoice.com.tw/UM0501"}, "timestamp": 1777515772366}
{"sessionId": "79f104", "runId": "pre-fix", "hypothesisId": "H1", "location": "Epos自動化測試工具3.0.py:query_invoice_rows:start", "message": "Start invoice query", "data": {"companyId": "83528802", "invoiceNumber": "ZJ79615092", "currentUrl": "https://epos.einvoice.com.tw/UM0501"}, "timestamp": 1777515772381}
{"sessionId": "79f104", "runId": "pre-fix", "hypothesisId": "H1", "location": "Epos自動化測試工具3.0.py:open_business_query_page", "message": "Opened business query page", "data": {"currentUrl": "https://epos.einvoice.com.tw/AS0102", "openedBizPage": true}, "timestamp": 1777515773286}
{"sessionId": "79f104", "runId": "pre-fix", "hypothesisId": "H3", "location": "Epos自動化測試工具3.0.py:query_invoice_rows:rows", "message": "Fetched invoice rows", "data": {"companyId": "83528802", "invoiceNumber": "ZJ79615092", "rowCount": 2, "rows": [[1, "開立", "大平台回覆成功"], [2, "開立", "小平台解析失敗"]]}, "timestamp": 1777515774928}
{"sessionId": "79f104", "runId": "pre-fix", "hypothesisId": "H3", "location": "Epos自動化測試工具3.0.py:check_and_process_invoice:decision", "message": "Decision for multi rows", "data": {"invoiceNumber": "ZJ79615092", "totalRows": 2, "failRows": 1, "reasons": ["大平台回覆成功", "小平台解析失敗"]}, "timestamp": 1777515774932}
{"sessionId": "79f104", "runId": "pre-fix", "hypothesisId": "H2", "location": "Epos自動化測試工具3.0.py:delete_invoice:start", "message": "Start delete invoice", "data": {"companyId": "83528802", "invoiceNumber": "ZJ79615092", "currentUrl": "https://epos.einvoice.com.tw/AS0102"}, "timestamp": 1777515774939}
{"sessionId": "79f104", "runId": "post-fix", "hypothesisId": "H2", "location": "Epos自動化測試工具3.0.py:open_ops_page:ready", "message": "Ops page ready", "data": {"currentUrl": "https://epos.einvoice.com.tw/UM0501", "openedOpsPage": true}, "timestamp": 1777515775580}
{"sessionId": "79f104", "runId": "pre-fix", "hypothesisId": "H2", "location": "Epos自動化測試工具3.0.py:delete_invoice:query_result", "message": "Delete page query result", "data": {"invoiceNumber": "ZJ79615092", "rowCount": 1}, "timestamp": 1777515776282}
{"sessionId": "79f104", "runId": "pre-fix", "hypothesisId": "H4", "location": "Epos自動化測試工具3.0.py:check_and_process_invoice:start", "message": "Start process invoice", "data": {"companyId": "83528802", "invoiceNumber": "ZJ79615087", "currentUrl": "https://epos.einvoice.com.tw/UM0501"}, "timestamp": 1777515776985}
{"sessionId": "79f104", "runId": "pre-fix", "hypothesisId": "H1", "location": "Epos自動化測試工具3.0.py:query_invoice_rows:start", "message": "Start invoice query", "data": {"companyId": "83528802", "invoiceNumber": "ZJ79615087", "currentUrl": "https://epos.einvoice.com.tw/UM0501"}, "timestamp": 1777515776999}
{"sessionId": "79f104", "runId": "pre-fix", "hypothesisId": "H1", "location": "Epos自動化測試工具3.0.py:open_business_query_page", "message": "Opened business query page", "data": {"currentUrl": "https://epos.einvoice.com.tw/AS0102", "openedBizPage": true}, "timestamp": 1777515777848}
{"sessionId": "79f104", "runId": "pre-fix", "hypothesisId": "H3", "location": "Epos自動化測試工具3.0.py:query_invoice_rows:rows", "message": "Fetched invoice rows", "data": {"companyId": "83528802", "invoiceNumber": "ZJ79615087", "rowCount": 2, "rows": [[1, "開立", "小平台解析失敗"], [2, "開立", "大平台回覆成功"]]}, "timestamp": 1777515779570}
{"sessionId": "79f104", "runId": "pre-fix", "hypothesisId": "H3", "location": "Epos自動化測試工具3.0.py:check_and_process_invoice:decision", "message": "Decision for multi rows", "data": {"invoiceNumber": "ZJ79615087", "totalRows": 2, "failRows": 1, "reasons": ["小平台解析失敗", "大平台回覆成功"]}, "timestamp": 1777515779575}
{"sessionId": "79f104", "runId": "pre-fix", "hypothesisId": "H2", "location": "Epos自動化測試工具3.0.py:delete_invoice:start", "message": "Start delete invoice", "data": {"companyId": "83528802", "invoiceNumber": "ZJ79615087", "currentUrl": "https://epos.einvoice.com.tw/AS0102"}, "timestamp": 1777515779585}
{"sessionId": "79f104", "runId": "post-fix", "hypothesisId": "H2", "location": "Epos自動化測試工具3.0.py:open_ops_page:ready", "message": "Ops page ready", "data": {"currentUrl": "https://epos.einvoice.com.tw/UM0501", "openedOpsPage": true}, "timestamp": 1777515780228}
{"sessionId": "79f104", "runId": "pre-fix", "hypothesisId": "H2", "location": "Epos自動化測試工具3.0.py:delete_invoice:query_result", "message": "Delete page query result", "data": {"invoiceNumber": "ZJ79615087", "rowCount": 1}, "timestamp": 1777515780904}
{"sessionId": "79f104", "runId": "pre-fix", "hypothesisId": "H4", "location": "Epos自動化測試工具3.0.py:check_and_process_invoice:start", "message": "Start process invoice", "data": {"companyId": "83528802", "invoiceNumber": "ZJ79615085", "currentUrl": "https://epos.einvoice.com.tw/UM0501"}, "timestamp": 1777515781662}
{"sessionId": "79f104", "runId": "pre-fix", "hypothesisId": "H1", "location": "Epos自動化測試工具3.0.py:query_invoice_rows:start", "message": "Start invoice query", "data": {"companyId": "83528802", "invoiceNumber": "ZJ79615085", "currentUrl": "https://epos.einvoice.com.tw/UM0501"}, "timestamp": 1777515781672}
{"sessionId": "79f104", "runId": "pre-fix", "hypothesisId": "H1", "location": "Epos自動化測試工具3.0.py:open_business_query_page", "message": "Opened business query page", "data": {"currentUrl": "https://epos.einvoice.com.tw/AS0102", "openedBizPage": true}, "timestamp": 1777515782572}
{"sessionId": "79f104", "runId": "pre-fix", "hypothesisId": "H3", "location": "Epos自動化測試工具3.0.py:query_invoice_rows:rows", "message": "Fetched invoice rows", "data": {"companyId": "83528802", "invoiceNumber": "ZJ79615085", "rowCount": 2, "rows": [[1, "開立", "大平台回覆成功"], [2, "開立", "小平台解析失敗"]]}, "timestamp": 1777515784281}
{"sessionId": "79f104", "runId": "pre-fix", "hypothesisId": "H3", "location": "Epos自動化測試工具3.0.py:check_and_process_invoice:decision", "message": "Decision for multi rows", "data": {"invoiceNumber": "ZJ79615085", "totalRows": 2, "failRows": 1, "reasons": ["大平台回覆成功", "小平台解析失敗"]}, "timestamp": 1777515784288}
{"sessionId": "79f104", "runId": "pre-fix", "hypothesisId": "H2", "location": "Epos自動化測試工具3.0.py:delete_invoice:start", "message": "Start delete invoice", "data": {"companyId": "83528802", "invoiceNumber": "ZJ79615085", "currentUrl": "https://epos.einvoice.com.tw/AS0102"}, "timestamp": 1777515784298}
{"sessionId": "79f104", "runId": "post-fix", "hypothesisId": "H2", "location": "Epos自動化測試工具3.0.py:open_ops_page:ready", "message": "Ops page ready", "data": {"currentUrl": "https://epos.einvoice.com.tw/UM0501", "openedOpsPage": true}, "timestamp": 1777515785007}
{"sessionId": "79f104", "runId": "pre-fix", "hypothesisId": "H2", "location": "Epos自動化測試工具3.0.py:delete_invoice:query_result", "message": "Delete page query result", "data": {"invoiceNumber": "ZJ79615085", "rowCount": 1}, "timestamp": 1777515785700}
{"sessionId": "79f104", "runId": "post-fix", "hypothesisId": "H5", "location": "Epos自動化測試工具3.0.py:write_invoice_data:success", "message": "Excel write success", "data": {"path": "D:\\D\\wilsonhuang\\Worktime\\python\\epos自動化測試工具3.0\\data\\EposError.xlsx", "rows": 1}, "timestamp": 1777515786449}
{"sessionId": "79f104", "runId": "pre-fix", "hypothesisId": "H4", "location": "Epos自動化測試工具3.0.py:check_and_process_invoice:start", "message": "Start process invoice", "data": {"companyId": "88342988", "invoiceNumber": "ZJ88879214", "currentUrl": "https://epos.einvoice.com.tw/UM0501"}, "timestamp": 1777515786461}
{"sessionId": "79f104", "runId": "pre-fix", "hypothesisId": "H1", "location": "Epos自動化測試工具3.0.py:query_invoice_rows:start", "message": "Start invoice query", "data": {"companyId": "88342988", "invoiceNumber": "ZJ88879214", "currentUrl": "https://epos.einvoice.com.tw/UM0501"}, "timestamp": 1777515786474}
{"sessionId": "79f104", "runId": "pre-fix", "hypothesisId": "H1", "location": "Epos自動化測試工具3.0.py:open_business_query_page", "message": "Opened business query page", "data": {"currentUrl": "https://epos.einvoice.com.tw/AS0102", "openedBizPage": true}, "timestamp": 1777515787474}
{"sessionId": "79f104", "runId": "pre-fix", "hypothesisId": "H3", "location": "Epos自動化測試工具3.0.py:query_invoice_rows:rows", "message": "Fetched invoice rows", "data": {"companyId": "88342988", "invoiceNumber": "ZJ88879214", "rowCount": 2, "rows": [[1, "開立", "小平台解析失敗"], [2, "開立", "大平台回覆成功"]]}, "timestamp": 1777515789271}
{"sessionId": "79f104", "runId": "pre-fix", "hypothesisId": "H3", "location": "Epos自動化測試工具3.0.py:check_and_process_invoice:decision", "message": "Decision for multi rows", "data": {"invoiceNumber": "ZJ88879214", "totalRows": 2, "failRows": 1, "reasons": ["小平台解析失敗", "大平台回覆成功"]}, "timestamp": 1777515789277}
{"sessionId": "79f104", "runId": "pre-fix", "hypothesisId": "H2", "location": "Epos自動化測試工具3.0.py:delete_invoice:start", "message": "Start delete invoice", "data": {"companyId": "88342988", "invoiceNumber": "ZJ88879214", "currentUrl": "https://epos.einvoice.com.tw/AS0102"}, "timestamp": 1777515789292}
{"sessionId": "79f104", "runId": "post-fix", "hypothesisId": "H2", "location": "Epos自動化測試工具3.0.py:open_ops_page:ready", "message": "Ops page ready", "data": {"currentUrl": "https://epos.einvoice.com.tw/UM0501", "openedOpsPage": true}, "timestamp": 1777515789974}
{"sessionId": "79f104", "runId": "pre-fix", "hypothesisId": "H2", "location": "Epos自動化測試工具3.0.py:delete_invoice:query_result", "message": "Delete page query result", "data": {"invoiceNumber": "ZJ88879214", "rowCount": 1}, "timestamp": 1777515790641}
{"sessionId": "79f104", "runId": "post-fix", "hypothesisId": "H5", "location": "Epos自動化測試工具3.0.py:write_invoice_data:success", "message": "Excel write success", "data": {"path": "D:\\D\\wilsonhuang\\Worktime\\python\\epos自動化測試工具3.0\\data\\EposError.xlsx", "rows": 0}, "timestamp": 1777515791386}
{"sessionId": "79f104", "runId": "pre-fix", "hypothesisId": "H4", "location": "Epos自動化測試工具3.0.py:check_and_process_invoice:start", "message": "Start process invoice", "data": {"companyId": "90453783", "invoiceNumber": "ZM23366470", "currentUrl": "https://epos.einvoice.com.tw/Welcome"}, "timestamp": 1777889797890}
{"sessionId": "79f104", "runId": "pre-fix", "hypothesisId": "H1", "location": "Epos自動化測試工具3.0.py:query_invoice_rows:start", "message": "Start invoice query", "data": {"companyId": "90453783", "invoiceNumber": "ZM23366470", "currentUrl": "https://epos.einvoice.com.tw/Welcome"}, "timestamp": 1777889797998}
{"sessionId": "79f104", "runId": "pre-fix", "hypothesisId": "H1", "location": "Epos自動化測試工具3.0.py:open_business_query_page", "message": "Opened business query page", "data": {"currentUrl": "https://epos.einvoice.com.tw/AS0102", "openedBizPage": true}, "timestamp": 1777889798254}
{"sessionId": "79f104", "runId": "pre-fix", "hypothesisId": "H3", "location": "Epos自動化測試工具3.0.py:query_invoice_rows:rows", "message": "Fetched invoice rows", "data": {"companyId": "90453783", "invoiceNumber": "ZM23366470", "rowCount": 2, "rows": [[1, "開立", "小平台解析失敗"], [2, "開立", "大平台回覆成功"]]}, "timestamp": 1777889799931}
{"sessionId": "79f104", "runId": "pre-fix", "hypothesisId": "H3", "location": "Epos自動化測試工具3.0.py:check_and_process_invoice:decision", "message": "Decision for multi rows", "data": {"invoiceNumber": "ZM23366470", "totalRows": 2, "failRows": 1, "reasons": ["小平台解析失敗", "大平台回覆成功"]}, "timestamp": 1777889799936}
{"sessionId": "79f104", "runId": "pre-fix", "hypothesisId": "H2", "location": "Epos自動化測試工具3.0.py:delete_invoice:start", "message": "Start delete invoice", "data": {"companyId": "90453783", "invoiceNumber": "ZM23366470", "currentUrl": "https://epos.einvoice.com.tw/AS0102"}, "timestamp": 1777889799944}
{"sessionId": "79f104", "runId": "post-fix", "hypothesisId": "H2", "location": "Epos自動化測試工具3.0.py:open_ops_page:ready", "message": "Ops page ready", "data": {"currentUrl": "https://epos.einvoice.com.tw/UM0501", "openedOpsPage": true}, "timestamp": 1777889800625}
{"sessionId": "79f104", "runId": "pre-fix", "hypothesisId": "H2", "location": "Epos自動化測試工具3.0.py:delete_invoice:query_result", "message": "Delete page query result", "data": {"invoiceNumber": "ZM23366470", "rowCount": 1}, "timestamp": 1777889801261}
{"sessionId": "79f104", "runId": "pre-fix", "hypothesisId": "H4", "location": "Epos自動化測試工具3.0.py:check_and_process_invoice:start", "message": "Start process invoice", "data": {"companyId": "90453783", "invoiceNumber": "ZM23366469", "currentUrl": "https://epos.einvoice.com.tw/UM0501"}, "timestamp": 1777889802556}
{"sessionId": "79f104", "runId": "pre-fix", "hypothesisId": "H1", "location": "Epos自動化測試工具3.0.py:query_invoice_rows:start", "message": "Start invoice query", "data": {"companyId": "90453783", "invoiceNumber": "ZM23366469", "currentUrl": "https://epos.einvoice.com.tw/UM0501"}, "timestamp": 1777889802564}
{"sessionId": "79f104", "runId": "pre-fix", "hypothesisId": "H1", "location": "Epos自動化測試工具3.0.py:open_business_query_page", "message": "Opened business query page", "data": {"currentUrl": "https://epos.einvoice.com.tw/AS0102", "openedBizPage": true}, "timestamp": 1777889803471}
{"sessionId": "79f104", "runId": "pre-fix", "hypothesisId": "H3", "location": "Epos自動化測試工具3.0.py:query_invoice_rows:rows", "message": "Fetched invoice rows", "data": {"companyId": "90453783", "invoiceNumber": "ZM23366469", "rowCount": 2, "rows": [[1, "開立", "小平台解析失敗"], [2, "開立", "大平台回覆成功"]]}, "timestamp": 1777889805111}
{"sessionId": "79f104", "runId": "pre-fix", "hypothesisId": "H3", "location": "Epos自動化測試工具3.0.py:check_and_process_invoice:decision", "message": "Decision for multi rows", "data": {"invoiceNumber": "ZM23366469", "totalRows": 2, "failRows": 1, "reasons": ["小平台解析失敗", "大平台回覆成功"]}, "timestamp": 1777889805117}
{"sessionId": "79f104", "runId": "pre-fix", "hypothesisId": "H2", "location": "Epos自動化測試工具3.0.py:delete_invoice:start", "message": "Start delete invoice", "data": {"companyId": "90453783", "invoiceNumber": "ZM23366469", "currentUrl": "https://epos.einvoice.com.tw/AS0102"}, "timestamp": 1777889805123}
{"sessionId": "79f104", "runId": "post-fix", "hypothesisId": "H2", "location": "Epos自動化測試工具3.0.py:open_ops_page:ready", "message": "Ops page ready", "data": {"currentUrl": "https://epos.einvoice.com.tw/UM0501", "openedOpsPage": true}, "timestamp": 1777889805760}
{"sessionId": "79f104", "runId": "pre-fix", "hypothesisId": "H2", "location": "Epos自動化測試工具3.0.py:delete_invoice:query_result", "message": "Delete page query result", "data": {"invoiceNumber": "ZM23366469", "rowCount": 1}, "timestamp": 1777889806393}
{"sessionId": "79f104", "runId": "pre-fix", "hypothesisId": "H4", "location": "Epos自動化測試工具3.0.py:check_and_process_invoice:start", "message": "Start process invoice", "data": {"companyId": "90453783", "invoiceNumber": "ZM23366468", "currentUrl": "https://epos.einvoice.com.tw/UM0501"}, "timestamp": 1777889807088}
{"sessionId": "79f104", "runId": "pre-fix", "hypothesisId": "H1", "location": "Epos自動化測試工具3.0.py:query_invoice_rows:start", "message": "Start invoice query", "data": {"companyId": "90453783", "invoiceNumber": "ZM23366468", "currentUrl": "https://epos.einvoice.com.tw/UM0501"}, "timestamp": 1777889807100}
{"sessionId": "79f104", "runId": "pre-fix", "hypothesisId": "H1", "location": "Epos自動化測試工具3.0.py:open_business_query_page", "message": "Opened business query page", "data": {"currentUrl": "https://epos.einvoice.com.tw/AS0102", "openedBizPage": true}, "timestamp": 1777889807947}
{"sessionId": "79f104", "runId": "pre-fix", "hypothesisId": "H3", "location": "Epos自動化測試工具3.0.py:query_invoice_rows:rows", "message": "Fetched invoice rows", "data": {"companyId": "90453783", "invoiceNumber": "ZM23366468", "rowCount": 2, "rows": [[1, "開立", "大平台回覆成功"], [2, "開立", "小平台解析失敗"]]}, "timestamp": 1777889809600}
{"sessionId": "79f104", "runId": "pre-fix", "hypothesisId": "H3", "location": "Epos自動化測試工具3.0.py:check_and_process_invoice:decision", "message": "Decision for multi rows", "data": {"invoiceNumber": "ZM23366468", "totalRows": 2, "failRows": 1, "reasons": ["大平台回覆成功", "小平台解析失敗"]}, "timestamp": 1777889809606}
{"sessionId": "79f104", "runId": "pre-fix", "hypothesisId": "H2", "location": "Epos自動化測試工具3.0.py:delete_invoice:start", "message": "Start delete invoice", "data": {"companyId": "90453783", "invoiceNumber": "ZM23366468", "currentUrl": "https://epos.einvoice.com.tw/AS0102"}, "timestamp": 1777889809613}
{"sessionId": "79f104", "runId": "post-fix", "hypothesisId": "H2", "location": "Epos自動化測試工具3.0.py:open_ops_page:ready", "message": "Ops page ready", "data": {"currentUrl": "https://epos.einvoice.com.tw/UM0501", "openedOpsPage": true}, "timestamp": 1777889810275}
{"sessionId": "79f104", "runId": "pre-fix", "hypothesisId": "H2", "location": "Epos自動化測試工具3.0.py:delete_invoice:query_result", "message": "Delete page query result", "data": {"invoiceNumber": "ZM23366468", "rowCount": 1}, "timestamp": 1777889810909}
{"sessionId": "79f104", "runId": "pre-fix", "hypothesisId": "H4", "location": "Epos自動化測試工具3.0.py:check_and_process_invoice:start", "message": "Start process invoice", "data": {"companyId": "90453783", "invoiceNumber": "ZM23366467", "currentUrl": "https://epos.einvoice.com.tw/UM0501"}, "timestamp": 1777889811605}
{"sessionId": "79f104", "runId": "pre-fix", "hypothesisId": "H1", "location": "Epos自動化測試工具3.0.py:query_invoice_rows:start", "message": "Start invoice query", "data": {"companyId": "90453783", "invoiceNumber": "ZM23366467", "currentUrl": "https://epos.einvoice.com.tw/UM0501"}, "timestamp": 1777889811615}
{"sessionId": "79f104", "runId": "pre-fix", "hypothesisId": "H1", "location": "Epos自動化測試工具3.0.py:open_business_query_page", "message": "Opened business query page", "data": {"currentUrl": "https://epos.einvoice.com.tw/AS0102", "openedBizPage": true}, "timestamp": 1777889812485}
{"sessionId": "79f104", "runId": "pre-fix", "hypothesisId": "H3", "location": "Epos自動化測試工具3.0.py:query_invoice_rows:rows", "message": "Fetched invoice rows", "data": {"companyId": "90453783", "invoiceNumber": "ZM23366467", "rowCount": 2, "rows": [[1, "開立", "小平台解析失敗"], [2, "開立", "大平台回覆成功"]]}, "timestamp": 1777889814147}
{"sessionId": "79f104", "runId": "pre-fix", "hypothesisId": "H3", "location": "Epos自動化測試工具3.0.py:check_and_process_invoice:decision", "message": "Decision for multi rows", "data": {"invoiceNumber": "ZM23366467", "totalRows": 2, "failRows": 1, "reasons": ["小平台解析失敗", "大平台回覆成功"]}, "timestamp": 1777889814153}
{"sessionId": "79f104", "runId": "pre-fix", "hypothesisId": "H2", "location": "Epos自動化測試工具3.0.py:delete_invoice:start", "message": "Start delete invoice", "data": {"companyId": "90453783", "invoiceNumber": "ZM23366467", "currentUrl": "https://epos.einvoice.com.tw/AS0102"}, "timestamp": 1777889814162}
{"sessionId": "79f104", "runId": "post-fix", "hypothesisId": "H2", "location": "Epos自動化測試工具3.0.py:open_ops_page:ready", "message": "Ops page ready", "data": {"currentUrl": "https://epos.einvoice.com.tw/UM0501", "openedOpsPage": true}, "timestamp": 1777889814816}
{"sessionId": "79f104", "runId": "pre-fix", "hypothesisId": "H2", "location": "Epos自動化測試工具3.0.py:delete_invoice:query_result", "message": "Delete page query result", "data": {"invoiceNumber": "ZM23366467", "rowCount": 1}, "timestamp": 1777889815453}
{"sessionId": "79f104", "runId": "pre-fix", "hypothesisId": "H4", "location": "Epos自動化測試工具3.0.py:check_and_process_invoice:start", "message": "Start process invoice", "data": {"companyId": "90453783", "invoiceNumber": "ZM23366466", "currentUrl": "https://epos.einvoice.com.tw/UM0501"}, "timestamp": 1777889816152}
{"sessionId": "79f104", "runId": "pre-fix", "hypothesisId": "H1", "location": "Epos自動化測試工具3.0.py:query_invoice_rows:start", "message": "Start invoice query", "data": {"companyId": "90453783", "invoiceNumber": "ZM23366466", "currentUrl": "https://epos.einvoice.com.tw/UM0501"}, "timestamp": 1777889816161}
{"sessionId": "79f104", "runId": "pre-fix", "hypothesisId": "H1", "location": "Epos自動化測試工具3.0.py:open_business_query_page", "message": "Opened business query page", "data": {"currentUrl": "https://epos.einvoice.com.tw/AS0102", "openedBizPage": true}, "timestamp": 1777889817034}
{"sessionId": "79f104", "runId": "pre-fix", "hypothesisId": "H3", "location": "Epos自動化測試工具3.0.py:query_invoice_rows:rows", "message": "Fetched invoice rows", "data": {"companyId": "90453783", "invoiceNumber": "ZM23366466", "rowCount": 2, "rows": [[1, "開立", "小平台解析失敗"], [2, "開立", "大平台回覆成功"]]}, "timestamp": 1777889818665}
{"sessionId": "79f104", "runId": "pre-fix", "hypothesisId": "H3", "location": "Epos自動化測試工具3.0.py:check_and_process_invoice:decision", "message": "Decision for multi rows", "data": {"invoiceNumber": "ZM23366466", "totalRows": 2, "failRows": 1, "reasons": ["小平台解析失敗", "大平台回覆成功"]}, "timestamp": 1777889818671}
{"sessionId": "79f104", "runId": "pre-fix", "hypothesisId": "H2", "location": "Epos自動化測試工具3.0.py:delete_invoice:start", "message": "Start delete invoice", "data": {"companyId": "90453783", "invoiceNumber": "ZM23366466", "currentUrl": "https://epos.einvoice.com.tw/AS0102"}, "timestamp": 1777889818679}
{"sessionId": "79f104", "runId": "post-fix", "hypothesisId": "H2", "location": "Epos自動化測試工具3.0.py:open_ops_page:ready", "message": "Ops page ready", "data": {"currentUrl": "https://epos.einvoice.com.tw/UM0501", "openedOpsPage": true}, "timestamp": 1777889819370}
{"sessionId": "79f104", "runId": "pre-fix", "hypothesisId": "H2", "location": "Epos自動化測試工具3.0.py:delete_invoice:query_result", "message": "Delete page query result", "data": {"invoiceNumber": "ZM23366466", "rowCount": 1}, "timestamp": 1777889820049}
{"sessionId": "79f104", "runId": "post-fix", "hypothesisId": "H5", "location": "Epos自動化測試工具3.0.py:write_invoice_data:success", "message": "Excel write success", "data": {"path": "D:\\D\\wilsonhuang\\Worktime\\python\\epos自動化測試工具3.0\\data\\EposError.xlsx", "rows": 32}, "timestamp": 1777889820897}
{"sessionId": "79f104", "runId": "pre-fix", "hypothesisId": "H4", "location": "Epos自動化測試工具3.0.py:check_and_process_invoice:start", "message": "Start process invoice", "data": {"companyId": "83843132", "invoiceNumber": "ZF62501962", "currentUrl": "https://epos.einvoice.com.tw/UM0501"}, "timestamp": 1777889820904}
{"sessionId": "79f104", "runId": "pre-fix", "hypothesisId": "H1", "location": "Epos自動化測試工具3.0.py:query_invoice_rows:start", "message": "Start invoice query", "data": {"companyId": "83843132", "invoiceNumber": "ZF62501962", "currentUrl": "https://epos.einvoice.com.tw/UM0501"}, "timestamp": 1777889820910}
{"sessionId": "79f104", "runId": "pre-fix", "hypothesisId": "H1", "location": "Epos自動化測試工具3.0.py:open_business_query_page", "message": "Opened business query page", "data": {"currentUrl": "https://epos.einvoice.com.tw/AS0102", "openedBizPage": true}, "timestamp": 1777889821795}
{"sessionId": "79f104", "runId": "pre-fix", "hypothesisId": "H3", "location": "Epos自動化測試工具3.0.py:query_invoice_rows:rows", "message": "Fetched invoice rows", "data": {"companyId": "83843132", "invoiceNumber": "ZF62501962", "rowCount": 2, "rows": [[1, "開立", "小平台解析失敗"], [2, "開立", "大平台回覆成功"]]}, "timestamp": 1777889823454}
{"sessionId": "79f104", "runId": "pre-fix", "hypothesisId": "H3", "location": "Epos自動化測試工具3.0.py:check_and_process_invoice:decision", "message": "Decision for multi rows", "data": {"invoiceNumber": "ZF62501962", "totalRows": 2, "failRows": 1, "reasons": ["小平台解析失敗", "大平台回覆成功"]}, "timestamp": 1777889823459}
{"sessionId": "79f104", "runId": "pre-fix", "hypothesisId": "H2", "location": "Epos自動化測試工具3.0.py:delete_invoice:start", "message": "Start delete invoice", "data": {"companyId": "83843132", "invoiceNumber": "ZF62501962", "currentUrl": "https://epos.einvoice.com.tw/AS0102"}, "timestamp": 1777889823468}
{"sessionId": "79f104", "runId": "post-fix", "hypothesisId": "H2", "location": "Epos自動化測試工具3.0.py:open_ops_page:ready", "message": "Ops page ready", "data": {"currentUrl": "https://epos.einvoice.com.tw/UM0501", "openedOpsPage": true}, "timestamp": 1777889824129}
{"sessionId": "79f104", "runId": "pre-fix", "hypothesisId": "H2", "location": "Epos自動化測試工具3.0.py:delete_invoice:query_result", "message": "Delete page query result", "data": {"invoiceNumber": "ZF62501962", "rowCount": 1}, "timestamp": 1777889824768}
{"sessionId": "79f104", "runId": "pre-fix", "hypothesisId": "H4", "location": "Epos自動化測試工具3.0.py:check_and_process_invoice:start", "message": "Start process invoice", "data": {"companyId": "82917037", "invoiceNumber": "ZG54376820", "currentUrl": "https://epos.einvoice.com.tw/UM0501"}, "timestamp": 1777889825970}
{"sessionId": "79f104", "runId": "pre-fix", "hypothesisId": "H1", "location": "Epos自動化測試工具3.0.py:query_invoice_rows:start", "message": "Start invoice query", "data": {"companyId": "82917037", "invoiceNumber": "ZG54376820", "currentUrl": "https://epos.einvoice.com.tw/UM0501"}, "timestamp": 1777889825977}
{"sessionId": "79f104", "runId": "pre-fix", "hypothesisId": "H1", "location": "Epos自動化測試工具3.0.py:open_business_query_page", "message": "Opened business query page", "data": {"currentUrl": "https://epos.einvoice.com.tw/AS0102", "openedBizPage": true}, "timestamp": 1777889826843}
{"sessionId": "79f104", "runId": "pre-fix", "hypothesisId": "H3", "location": "Epos自動化測試工具3.0.py:query_invoice_rows:rows", "message": "Fetched invoice rows", "data": {"companyId": "82917037", "invoiceNumber": "ZG54376820", "rowCount": 2, "rows": [[1, "開立", "大平台回覆成功"], [2, "開立", "小平台解析失敗"]]}, "timestamp": 1777889828511}
{"sessionId": "79f104", "runId": "pre-fix", "hypothesisId": "H3", "location": "Epos自動化測試工具3.0.py:check_and_process_invoice:decision", "message": "Decision for multi rows", "data": {"invoiceNumber": "ZG54376820", "totalRows": 2, "failRows": 1, "reasons": ["大平台回覆成功", "小平台解析失敗"]}, "timestamp": 1777889828516}
{"sessionId": "79f104", "runId": "pre-fix", "hypothesisId": "H2", "location": "Epos自動化測試工具3.0.py:delete_invoice:start", "message": "Start delete invoice", "data": {"companyId": "82917037", "invoiceNumber": "ZG54376820", "currentUrl": "https://epos.einvoice.com.tw/AS0102"}, "timestamp": 1777889828523}
{"sessionId": "79f104", "runId": "post-fix", "hypothesisId": "H2", "location": "Epos自動化測試工具3.0.py:open_ops_page:ready", "message": "Ops page ready", "data": {"currentUrl": "https://epos.einvoice.com.tw/UM0501", "openedOpsPage": true}, "timestamp": 1777889829180}
{"sessionId": "79f104", "runId": "pre-fix", "hypothesisId": "H2", "location": "Epos自動化測試工具3.0.py:delete_invoice:query_result", "message": "Delete page query result", "data": {"invoiceNumber": "ZG54376820", "rowCount": 1}, "timestamp": 1777889829955}
{"sessionId": "79f104", "runId": "pre-fix", "hypothesisId": "H4", "location": "Epos自動化測試工具3.0.py:check_and_process_invoice:start", "message": "Start process invoice", "data": {"companyId": "94326000", "invoiceNumber": "ZL11332535", "currentUrl": "https://epos.einvoice.com.tw/UM0501"}, "timestamp": 1777889832249}
{"sessionId": "79f104", "runId": "pre-fix", "hypothesisId": "H1", "location": "Epos自動化測試工具3.0.py:query_invoice_rows:start", "message": "Start invoice query", "data": {"companyId": "94326000", "invoiceNumber": "ZL11332535", "currentUrl": "https://epos.einvoice.com.tw/UM0501"}, "timestamp": 1777889832260}
{"sessionId": "79f104", "runId": "pre-fix", "hypothesisId": "H1", "location": "Epos自動化測試工具3.0.py:open_business_query_page", "message": "Opened business query page", "data": {"currentUrl": "https://epos.einvoice.com.tw/AS0102", "openedBizPage": true}, "timestamp": 1777889833260}
{"sessionId": "79f104", "runId": "pre-fix", "hypothesisId": "H3", "location": "Epos自動化測試工具3.0.py:query_invoice_rows:rows", "message": "Fetched invoice rows", "data": {"companyId": "94326000", "invoiceNumber": "ZL11332535", "rowCount": 2, "rows": [[1, "開立", "大平台回覆成功"], [2, "開立", "小平台解析失敗"]]}, "timestamp": 1777889834914}
{"sessionId": "79f104", "runId": "pre-fix", "hypothesisId": "H3", "location": "Epos自動化測試工具3.0.py:check_and_process_invoice:decision", "message": "Decision for multi rows", "data": {"invoiceNumber": "ZL11332535", "totalRows": 2, "failRows": 1, "reasons": ["大平台回覆成功", "小平台解析失敗"]}, "timestamp": 1777889834922}
{"sessionId": "79f104", "runId": "pre-fix", "hypothesisId": "H2", "location": "Epos自動化測試工具3.0.py:delete_invoice:start", "message": "Start delete invoice", "data": {"companyId": "94326000", "invoiceNumber": "ZL11332535", "currentUrl": "https://epos.einvoice.com.tw/AS0102"}, "timestamp": 1777889834940}
{"sessionId": "79f104", "runId": "post-fix", "hypothesisId": "H2", "location": "Epos自動化測試工具3.0.py:open_ops_page:ready", "message": "Ops page ready", "data": {"currentUrl": "https://epos.einvoice.com.tw/UM0501", "openedOpsPage": true}, "timestamp": 1777889835779}
{"sessionId": "79f104", "runId": "pre-fix", "hypothesisId": "H2", "location": "Epos自動化測試工具3.0.py:delete_invoice:query_result", "message": "Delete page query result", "data": {"invoiceNumber": "ZL11332535", "rowCount": 1}, "timestamp": 1777889836613}
{"sessionId": "79f104", "runId": "pre-fix", "hypothesisId": "H4", "location": "Epos自動化測試工具3.0.py:check_and_process_invoice:start", "message": "Start process invoice", "data": {"companyId": "91755322", "invoiceNumber": "ZK29754770", "currentUrl": "https://epos.einvoice.com.tw/UM0501"}, "timestamp": 1777889837837}
{"sessionId": "79f104", "runId": "pre-fix", "hypothesisId": "H1", "location": "Epos自動化測試工具3.0.py:query_invoice_rows:start", "message": "Start invoice query", "data": {"companyId": "91755322", "invoiceNumber": "ZK29754770", "currentUrl": "https://epos.einvoice.com.tw/UM0501"}, "timestamp": 1777889837851}
{"sessionId": "79f104", "runId": "pre-fix", "hypothesisId": "H1", "location": "Epos自動化測試工具3.0.py:open_business_query_page", "message": "Opened business query page", "data": {"currentUrl": "https://epos.einvoice.com.tw/AS0102", "openedBizPage": true}, "timestamp": 1777889838759}
{"sessionId": "79f104", "runId": "pre-fix", "hypothesisId": "H3", "location": "Epos自動化測試工具3.0.py:query_invoice_rows:rows", "message": "Fetched invoice rows", "data": {"companyId": "91755322", "invoiceNumber": "ZK29754770", "rowCount": 2, "rows": [[1, "開立", "大平台回覆成功"], [2, "開立", "小平台解析失敗"]]}, "timestamp": 1777889840522}
{"sessionId": "79f104", "runId": "pre-fix", "hypothesisId": "H3", "location": "Epos自動化測試工具3.0.py:check_and_process_invoice:decision", "message": "Decision for multi rows", "data": {"invoiceNumber": "ZK29754770", "totalRows": 2, "failRows": 1, "reasons": ["大平台回覆成功", "小平台解析失敗"]}, "timestamp": 1777889840534}
{"sessionId": "79f104", "runId": "pre-fix", "hypothesisId": "H2", "location": "Epos自動化測試工具3.0.py:delete_invoice:start", "message": "Start delete invoice", "data": {"companyId": "91755322", "invoiceNumber": "ZK29754770", "currentUrl": "https://epos.einvoice.com.tw/AS0102"}, "timestamp": 1777889840551}
{"sessionId": "79f104", "runId": "post-fix", "hypothesisId": "H2", "location": "Epos自動化測試工具3.0.py:open_ops_page:ready", "message": "Ops page ready", "data": {"currentUrl": "https://epos.einvoice.com.tw/UM0501", "openedOpsPage": true}, "timestamp": 1777889841205}
{"sessionId": "79f104", "runId": "pre-fix", "hypothesisId": "H2", "location": "Epos自動化測試工具3.0.py:delete_invoice:query_result", "message": "Delete page query result", "data": {"invoiceNumber": "ZK29754770", "rowCount": 1}, "timestamp": 1777889841877}
{"sessionId": "79f104", "runId": "pre-fix", "hypothesisId": "H4", "location": "Epos自動化測試工具3.0.py:check_and_process_invoice:start", "message": "Start process invoice", "data": {"companyId": "41295801", "invoiceNumber": "ZF48814340", "currentUrl": "https://epos.einvoice.com.tw/UM0501"}, "timestamp": 1777889843094}
{"sessionId": "79f104", "runId": "pre-fix", "hypothesisId": "H1", "location": "Epos自動化測試工具3.0.py:query_invoice_rows:start", "message": "Start invoice query", "data": {"companyId": "41295801", "invoiceNumber": "ZF48814340", "currentUrl": "https://epos.einvoice.com.tw/UM0501"}, "timestamp": 1777889843102}
{"sessionId": "79f104", "runId": "pre-fix", "hypothesisId": "H1", "location": "Epos自動化測試工具3.0.py:open_business_query_page", "message": "Opened business query page", "data": {"currentUrl": "https://epos.einvoice.com.tw/AS0102", "openedBizPage": true}, "timestamp": 1777889843964}
{"sessionId": "79f104", "runId": "pre-fix", "hypothesisId": "H3", "location": "Epos自動化測試工具3.0.py:query_invoice_rows:rows", "message": "Fetched invoice rows", "data": {"companyId": "41295801", "invoiceNumber": "ZF48814340", "rowCount": 2, "rows": [[1, "開立", "大平台回覆成功"], [2, "開立", "小平台解析失敗"]]}, "timestamp": 1777889845663}
{"sessionId": "79f104", "runId": "pre-fix", "hypothesisId": "H3", "location": "Epos自動化測試工具3.0.py:check_and_process_invoice:decision", "message": "Decision for multi rows", "data": {"invoiceNumber": "ZF48814340", "totalRows": 2, "failRows": 1, "reasons": ["大平台回覆成功", "小平台解析失敗"]}, "timestamp": 1777889845668}
{"sessionId": "79f104", "runId": "pre-fix", "hypothesisId": "H2", "location": "Epos自動化測試工具3.0.py:delete_invoice:start", "message": "Start delete invoice", "data": {"companyId": "41295801", "invoiceNumber": "ZF48814340", "currentUrl": "https://epos.einvoice.com.tw/AS0102"}, "timestamp": 1777889845676}
{"sessionId": "79f104", "runId": "post-fix", "hypothesisId": "H2", "location": "Epos自動化測試工具3.0.py:open_ops_page:ready", "message": "Ops page ready", "data": {"currentUrl": "https://epos.einvoice.com.tw/UM0501", "openedOpsPage": true}, "timestamp": 1777889846331}
{"sessionId": "79f104", "runId": "pre-fix", "hypothesisId": "H2", "location": "Epos自動化測試工具3.0.py:delete_invoice:query_result", "message": "Delete page query result", "data": {"invoiceNumber": "ZF48814340", "rowCount": 1}, "timestamp": 1777889846982}
{"sessionId": "79f104", "runId": "post-fix", "hypothesisId": "H5", "location": "Epos自動化測試工具3.0.py:write_invoice_data:success", "message": "Excel write success", "data": {"path": "D:\\D\\wilsonhuang\\Worktime\\python\\epos自動化測試工具3.0\\data\\EposError.xlsx", "rows": 27}, "timestamp": 1777889848289}
{"sessionId": "79f104", "runId": "pre-fix", "hypothesisId": "H4", "location": "Epos自動化測試工具3.0.py:check_and_process_invoice:start", "message": "Start process invoice", "data": {"companyId": "50791957", "invoiceNumber": "YZ86096532", "currentUrl": "https://epos.einvoice.com.tw/UM0501"}, "timestamp": 1777889848295}
{"sessionId": "79f104", "runId": "pre-fix", "hypothesisId": "H1", "location": "Epos自動化測試工具3.0.py:query_invoice_rows:start", "message": "Start invoice query", "data": {"companyId": "50791957", "invoiceNumber": "YZ86096532", "currentUrl": "https://epos.einvoice.com.tw/UM0501"}, "timestamp": 1777889848302}
{"sessionId": "79f104", "runId": "pre-fix", "hypothesisId": "H1", "location": "Epos自動化測試工具3.0.py:open_business_query_page", "message": "Opened business query page", "data": {"currentUrl": "https://epos.einvoice.com.tw/AS0102", "openedBizPage": true}, "timestamp": 1777889849230}
{"sessionId": "79f104", "runId": "pre-fix", "hypothesisId": "H3", "location": "Epos自動化測試工具3.0.py:query_invoice_rows:rows", "message": "Fetched invoice rows", "data": {"companyId": "50791957", "invoiceNumber": "YZ86096532", "rowCount": 2, "rows": [[1, "開立", "大平台回覆成功"], [2, "開立", "小平台解析失敗"]]}, "timestamp": 1777889850995}
{"sessionId": "79f104", "runId": "pre-fix", "hypothesisId": "H3", "location": "Epos自動化測試工具3.0.py:check_and_process_invoice:decision", "message": "Decision for multi rows", "data": {"invoiceNumber": "YZ86096532", "totalRows": 2, "failRows": 1, "reasons": ["大平台回覆成功", "小平台解析失敗"]}, "timestamp": 1777889851003}
{"sessionId": "79f104", "runId": "pre-fix", "hypothesisId": "H2", "location": "Epos自動化測試工具3.0.py:delete_invoice:start", "message": "Start delete invoice", "data": {"companyId": "50791957", "invoiceNumber": "YZ86096532", "currentUrl": "https://epos.einvoice.com.tw/AS0102"}, "timestamp": 1777889851011}
{"sessionId": "79f104", "runId": "post-fix", "hypothesisId": "H2", "location": "Epos自動化測試工具3.0.py:open_ops_page:ready", "message": "Ops page ready", "data": {"currentUrl": "https://epos.einvoice.com.tw/UM0501", "openedOpsPage": true}, "timestamp": 1777889851686}
{"sessionId": "79f104", "runId": "pre-fix", "hypothesisId": "H2", "location": "Epos自動化測試工具3.0.py:delete_invoice:query_result", "message": "Delete page query result", "data": {"invoiceNumber": "YZ86096532", "rowCount": 1}, "timestamp": 1777889852346}
{"sessionId": "79f104", "runId": "pre-fix", "hypothesisId": "H4", "location": "Epos自動化測試工具3.0.py:check_and_process_invoice:start", "message": "Start process invoice", "data": {"companyId": "00037592", "invoiceNumber": "ZM17050940", "currentUrl": "https://epos.einvoice.com.tw/UM0501"}, "timestamp": 1777889853634}
{"sessionId": "79f104", "runId": "pre-fix", "hypothesisId": "H1", "location": "Epos自動化測試工具3.0.py:query_invoice_rows:start", "message": "Start invoice query", "data": {"companyId": "00037592", "invoiceNumber": "ZM17050940", "currentUrl": "https://epos.einvoice.com.tw/UM0501"}, "timestamp": 1777889853643}
{"sessionId": "79f104", "runId": "pre-fix", "hypothesisId": "H1", "location": "Epos自動化測試工具3.0.py:open_business_query_page", "message": "Opened business query page", "data": {"currentUrl": "https://epos.einvoice.com.tw/AS0102", "openedBizPage": true}, "timestamp": 1777889854617}
{"sessionId": "79f104", "runId": "pre-fix", "hypothesisId": "H3", "location": "Epos自動化測試工具3.0.py:query_invoice_rows:rows", "message": "Fetched invoice rows", "data": {"companyId": "00037592", "invoiceNumber": "ZM17050940", "rowCount": 2, "rows": [[1, "開立", "大平台回覆成功"], [2, "開立", "小平台解析失敗"]]}, "timestamp": 1777889856420}
{"sessionId": "79f104", "runId": "pre-fix", "hypothesisId": "H3", "location": "Epos自動化測試工具3.0.py:check_and_process_invoice:decision", "message": "Decision for multi rows", "data": {"invoiceNumber": "ZM17050940", "totalRows": 2, "failRows": 1, "reasons": ["大平台回覆成功", "小平台解析失敗"]}, "timestamp": 1777889856425}
{"sessionId": "79f104", "runId": "pre-fix", "hypothesisId": "H2", "location": "Epos自動化測試工具3.0.py:delete_invoice:start", "message": "Start delete invoice", "data": {"companyId": "00037592", "invoiceNumber": "ZM17050940", "currentUrl": "https://epos.einvoice.com.tw/AS0102"}, "timestamp": 1777889856433}
{"sessionId": "79f104", "runId": "post-fix", "hypothesisId": "H2", "location": "Epos自動化測試工具3.0.py:open_ops_page:ready", "message": "Ops page ready", "data": {"currentUrl": "https://epos.einvoice.com.tw/UM0501", "openedOpsPage": true}, "timestamp": 1777889857080}
{"sessionId": "79f104", "runId": "pre-fix", "hypothesisId": "H2", "location": "Epos自動化測試工具3.0.py:delete_invoice:query_result", "message": "Delete page query result", "data": {"invoiceNumber": "ZM17050940", "rowCount": 1}, "timestamp": 1777889857718}
{"sessionId": "79f104", "runId": "pre-fix", "hypothesisId": "H4", "location": "Epos自動化測試工具3.0.py:check_and_process_invoice:start", "message": "Start process invoice", "data": {"companyId": "60211031", "invoiceNumber": "BS37126179", "currentUrl": "https://epos.einvoice.com.tw/UM0501"}, "timestamp": 1777889858986}
{"sessionId": "79f104", "runId": "pre-fix", "hypothesisId": "H1", "location": "Epos自動化測試工具3.0.py:query_invoice_rows:start", "message": "Start invoice query", "data": {"companyId": "60211031", "invoiceNumber": "BS37126179", "currentUrl": "https://epos.einvoice.com.tw/UM0501"}, "timestamp": 1777889858995}
{"sessionId": "79f104", "runId": "pre-fix", "hypothesisId": "H1", "location": "Epos自動化測試工具3.0.py:open_business_query_page", "message": "Opened business query page", "data": {"currentUrl": "https://epos.einvoice.com.tw/AS0102", "openedBizPage": true}, "timestamp": 1777889859879}
{"sessionId": "79f104", "runId": "pre-fix", "hypothesisId": "H3", "location": "Epos自動化測試工具3.0.py:query_invoice_rows:rows", "message": "Fetched invoice rows", "data": {"companyId": "60211031", "invoiceNumber": "BS37126179", "rowCount": 2, "rows": [[1, "開立", "大平台回覆成功"], [2, "開立", "小平台解析失敗"]]}, "timestamp": 1777889861577}
{"sessionId": "79f104", "runId": "pre-fix", "hypothesisId": "H3", "location": "Epos自動化測試工具3.0.py:check_and_process_invoice:decision", "message": "Decision for multi rows", "data": {"invoiceNumber": "BS37126179", "totalRows": 2, "failRows": 1, "reasons": ["大平台回覆成功", "小平台解析失敗"]}, "timestamp": 1777889861587}
{"sessionId": "79f104", "runId": "pre-fix", "hypothesisId": "H2", "location": "Epos自動化測試工具3.0.py:delete_invoice:start", "message": "Start delete invoice", "data": {"companyId": "60211031", "invoiceNumber": "BS37126179", "currentUrl": "https://epos.einvoice.com.tw/AS0102"}, "timestamp": 1777889861600}
{"sessionId": "79f104", "runId": "post-fix", "hypothesisId": "H2", "location": "Epos自動化測試工具3.0.py:open_ops_page:ready", "message": "Ops page ready", "data": {"currentUrl": "https://epos.einvoice.com.tw/UM0501", "openedOpsPage": true}, "timestamp": 1777889862365}
{"sessionId": "79f104", "runId": "pre-fix", "hypothesisId": "H2", "location": "Epos自動化測試工具3.0.py:delete_invoice:query_result", "message": "Delete page query result", "data": {"invoiceNumber": "BS37126179", "rowCount": 1}, "timestamp": 1777889863010}
{"sessionId": "79f104", "runId": "pre-fix", "hypothesisId": "H4", "location": "Epos自動化測試工具3.0.py:check_and_process_invoice:start", "message": "Start process invoice", "data": {"companyId": "60211031", "invoiceNumber": "BS37126180", "currentUrl": "https://epos.einvoice.com.tw/UM0501"}, "timestamp": 1777889863787}
{"sessionId": "79f104", "runId": "pre-fix", "hypothesisId": "H1", "location": "Epos自動化測試工具3.0.py:query_invoice_rows:start", "message": "Start invoice query", "data": {"companyId": "60211031", "invoiceNumber": "BS37126180", "currentUrl": "https://epos.einvoice.com.tw/UM0501"}, "timestamp": 1777889863800}
{"sessionId": "79f104", "runId": "pre-fix", "hypothesisId": "H1", "location": "Epos自動化測試工具3.0.py:open_business_query_page", "message": "Opened business query page", "data": {"currentUrl": "https://epos.einvoice.com.tw/AS0102", "openedBizPage": true}, "timestamp": 1777889864737}
{"sessionId": "79f104", "runId": "pre-fix", "hypothesisId": "H3", "location": "Epos自動化測試工具3.0.py:query_invoice_rows:rows", "message": "Fetched invoice rows", "data": {"companyId": "60211031", "invoiceNumber": "BS37126180", "rowCount": 2, "rows": [[1, "開立", "大平台回覆成功"], [2, "開立", "小平台解析失敗"]]}, "timestamp": 1777889866459}
{"sessionId": "79f104", "runId": "pre-fix", "hypothesisId": "H3", "location": "Epos自動化測試工具3.0.py:check_and_process_invoice:decision", "message": "Decision for multi rows", "data": {"invoiceNumber": "BS37126180", "totalRows": 2, "failRows": 1, "reasons": ["大平台回覆成功", "小平台解析失敗"]}, "timestamp": 1777889866465}
{"sessionId": "79f104", "runId": "pre-fix", "hypothesisId": "H2", "location": "Epos自動化測試工具3.0.py:delete_invoice:start", "message": "Start delete invoice", "data": {"companyId": "60211031", "invoiceNumber": "BS37126180", "currentUrl": "https://epos.einvoice.com.tw/AS0102"}, "timestamp": 1777889866471}
{"sessionId": "79f104", "runId": "post-fix", "hypothesisId": "H2", "location": "Epos自動化測試工具3.0.py:open_ops_page:ready", "message": "Ops page ready", "data": {"currentUrl": "https://epos.einvoice.com.tw/UM0501", "openedOpsPage": true}, "timestamp": 1777889867123}
{"sessionId": "79f104", "runId": "pre-fix", "hypothesisId": "H2", "location": "Epos自動化測試工具3.0.py:delete_invoice:query_result", "message": "Delete page query result", "data": {"invoiceNumber": "BS37126180", "rowCount": 1}, "timestamp": 1777889867775}
{"sessionId": "79f104", "runId": "pre-fix", "hypothesisId": "H4", "location": "Epos自動化測試工具3.0.py:check_and_process_invoice:start", "message": "Start process invoice", "data": {"companyId": "95121428", "invoiceNumber": "BQ24447380", "currentUrl": "https://epos.einvoice.com.tw/UM0501"}, "timestamp": 1777889868785}
{"sessionId": "79f104", "runId": "pre-fix", "hypothesisId": "H1", "location": "Epos自動化測試工具3.0.py:query_invoice_rows:start", "message": "Start invoice query", "data": {"companyId": "95121428", "invoiceNumber": "BQ24447380", "currentUrl": "https://epos.einvoice.com.tw/UM0501"}, "timestamp": 1777889868794}
{"sessionId": "79f104", "runId": "pre-fix", "hypothesisId": "H1", "location": "Epos自動化測試工具3.0.py:open_business_query_page", "message": "Opened business query page", "data": {"currentUrl": "https://epos.einvoice.com.tw/AS0102", "openedBizPage": true}, "timestamp": 1777889869727}
{"sessionId": "79f104", "runId": "pre-fix", "hypothesisId": "H3", "location": "Epos自動化測試工具3.0.py:query_invoice_rows:rows", "message": "Fetched invoice rows", "data": {"companyId": "95121428", "invoiceNumber": "BQ24447380", "rowCount": 2, "rows": [[1, "開立", "大平台回覆成功"], [2, "開立", "小平台解析失敗"]]}, "timestamp": 1777889871488}
{"sessionId": "79f104", "runId": "pre-fix", "hypothesisId": "H3", "location": "Epos自動化測試工具3.0.py:check_and_process_invoice:decision", "message": "Decision for multi rows", "data": {"invoiceNumber": "BQ24447380", "totalRows": 2, "failRows": 1, "reasons": ["大平台回覆成功", "小平台解析失敗"]}, "timestamp": 1777889871496}
{"sessionId": "79f104", "runId": "pre-fix", "hypothesisId": "H2", "location": "Epos自動化測試工具3.0.py:delete_invoice:start", "message": "Start delete invoice", "data": {"companyId": "95121428", "invoiceNumber": "BQ24447380", "currentUrl": "https://epos.einvoice.com.tw/AS0102"}, "timestamp": 1777889871507}
{"sessionId": "79f104", "runId": "post-fix", "hypothesisId": "H2", "location": "Epos自動化測試工具3.0.py:open_ops_page:ready", "message": "Ops page ready", "data": {"currentUrl": "https://epos.einvoice.com.tw/UM0501", "openedOpsPage": true}, "timestamp": 1777889872192}
{"sessionId": "79f104", "runId": "pre-fix", "hypothesisId": "H2", "location": "Epos自動化測試工具3.0.py:delete_invoice:query_result", "message": "Delete page query result", "data": {"invoiceNumber": "BQ24447380", "rowCount": 1}, "timestamp": 1777889872854}
{"sessionId": "79f104", "runId": "post-fix", "hypothesisId": "H5", "location": "Epos自動化測試工具3.0.py:write_invoice_data:success", "message": "Excel write success", "data": {"path": "D:\\D\\wilsonhuang\\Worktime\\python\\epos自動化測試工具3.0\\data\\EposError.xlsx", "rows": 22}, "timestamp": 1777889873874}
{"sessionId": "79f104", "runId": "pre-fix", "hypothesisId": "H4", "location": "Epos自動化測試工具3.0.py:check_and_process_invoice:start", "message": "Start process invoice", "data": {"companyId": "40903665", "invoiceNumber": "BQ10006900", "currentUrl": "https://epos.einvoice.com.tw/UM0501"}, "timestamp": 1777889873883}
{"sessionId": "79f104", "runId": "pre-fix", "hypothesisId": "H1", "location": "Epos自動化測試工具3.0.py:query_invoice_rows:start", "message": "Start invoice query", "data": {"companyId": "40903665", "invoiceNumber": "BQ10006900", "currentUrl": "https://epos.einvoice.com.tw/UM0501"}, "timestamp": 1777889873890}
{"sessionId": "79f104", "runId": "pre-fix", "hypothesisId": "H1", "location": "Epos自動化測試工具3.0.py:open_business_query_page", "message": "Opened business query page", "data": {"currentUrl": "https://epos.einvoice.com.tw/AS0102", "openedBizPage": true}, "timestamp": 1777889874801}
{"sessionId": "79f104", "runId": "pre-fix", "hypothesisId": "H3", "location": "Epos自動化測試工具3.0.py:query_invoice_rows:rows", "message": "Fetched invoice rows", "data": {"companyId": "40903665", "invoiceNumber": "BQ10006900", "rowCount": 2, "rows": [[1, "開立", "大平台回覆成功"], [2, "開立", "小平台解析失敗"]]}, "timestamp": 1777889876569}
{"sessionId": "79f104", "runId": "pre-fix", "hypothesisId": "H3", "location": "Epos自動化測試工具3.0.py:check_and_process_invoice:decision", "message": "Decision for multi rows", "data": {"invoiceNumber": "BQ10006900", "totalRows": 2, "failRows": 1, "reasons": ["大平台回覆成功", "小平台解析失敗"]}, "timestamp": 1777889876577}
{"sessionId": "79f104", "runId": "pre-fix", "hypothesisId": "H2", "location": "Epos自動化測試工具3.0.py:delete_invoice:start", "message": "Start delete invoice", "data": {"companyId": "40903665", "invoiceNumber": "BQ10006900", "currentUrl": "https://epos.einvoice.com.tw/AS0102"}, "timestamp": 1777889876584}
{"sessionId": "79f104", "runId": "post-fix", "hypothesisId": "H2", "location": "Epos自動化測試工具3.0.py:open_ops_page:ready", "message": "Ops page ready", "data": {"currentUrl": "https://epos.einvoice.com.tw/UM0501", "openedOpsPage": true}, "timestamp": 1777889877296}
{"sessionId": "79f104", "runId": "pre-fix", "hypothesisId": "H2", "location": "Epos自動化測試工具3.0.py:delete_invoice:query_result", "message": "Delete page query result", "data": {"invoiceNumber": "BQ10006900", "rowCount": 1}, "timestamp": 1777889877976}
{"sessionId": "79f104", "runId": "pre-fix", "hypothesisId": "H4", "location": "Epos自動化測試工具3.0.py:check_and_process_invoice:start", "message": "Start process invoice", "data": {"companyId": "90457330", "invoiceNumber": "BM79650591", "currentUrl": "https://epos.einvoice.com.tw/UM0501"}, "timestamp": 1777889879322}
{"sessionId": "79f104", "runId": "pre-fix", "hypothesisId": "H1", "location": "Epos自動化測試工具3.0.py:query_invoice_rows:start", "message": "Start invoice query", "data": {"companyId": "90457330", "invoiceNumber": "BM79650591", "currentUrl": "https://epos.einvoice.com.tw/UM0501"}, "timestamp": 1777889879342}
{"sessionId": "79f104", "runId": "pre-fix", "hypothesisId": "H1", "location": "Epos自動化測試工具3.0.py:open_business_query_page", "message": "Opened business query page", "data": {"currentUrl": "https://epos.einvoice.com.tw/AS0102", "openedBizPage": true}, "timestamp": 1777889880219}
{"sessionId": "79f104", "runId": "pre-fix", "hypothesisId": "H3", "location": "Epos自動化測試工具3.0.py:query_invoice_rows:rows", "message": "Fetched invoice rows", "data": {"companyId": "90457330", "invoiceNumber": "BM79650591", "rowCount": 2, "rows": [[1, "開立", "小平台解析失敗"], [2, "開立", "大平台回覆成功"]]}, "timestamp": 1777889881941}
{"sessionId": "79f104", "runId": "pre-fix", "hypothesisId": "H3", "location": "Epos自動化測試工具3.0.py:check_and_process_invoice:decision", "message": "Decision for multi rows", "data": {"invoiceNumber": "BM79650591", "totalRows": 2, "failRows": 1, "reasons": ["小平台解析失敗", "大平台回覆成功"]}, "timestamp": 1777889881953}
{"sessionId": "79f104", "runId": "pre-fix", "hypothesisId": "H2", "location": "Epos自動化測試工具3.0.py:delete_invoice:start", "message": "Start delete invoice", "data": {"companyId": "90457330", "invoiceNumber": "BM79650591", "currentUrl": "https://epos.einvoice.com.tw/AS0102"}, "timestamp": 1777889881967}
{"sessionId": "79f104", "runId": "post-fix", "hypothesisId": "H2", "location": "Epos自動化測試工具3.0.py:open_ops_page:ready", "message": "Ops page ready", "data": {"currentUrl": "https://epos.einvoice.com.tw/UM0501", "openedOpsPage": true}, "timestamp": 1777889882795}
{"sessionId": "79f104", "runId": "pre-fix", "hypothesisId": "H2", "location": "Epos自動化測試工具3.0.py:delete_invoice:query_result", "message": "Delete page query result", "data": {"invoiceNumber": "BM79650591", "rowCount": 1}, "timestamp": 1777889883461}
{"sessionId": "79f104", "runId": "pre-fix", "hypothesisId": "H4", "location": "Epos自動化測試工具3.0.py:check_and_process_invoice:start", "message": "Start process invoice", "data": {"companyId": "90457330", "invoiceNumber": "BM79650590", "currentUrl": "https://epos.einvoice.com.tw/UM0501"}, "timestamp": 1777889884758}
{"sessionId": "79f104", "runId": "pre-fix", "hypothesisId": "H1", "location": "Epos自動化測試工具3.0.py:query_invoice_rows:start", "message": "Start invoice query", "data": {"companyId": "90457330", "invoiceNumber": "BM79650590", "currentUrl": "https://epos.einvoice.com.tw/UM0501"}, "timestamp": 1777889884781}
{"sessionId": "79f104", "runId": "pre-fix", "hypothesisId": "H1", "location": "Epos自動化測試工具3.0.py:open_business_query_page", "message": "Opened business query page", "data": {"currentUrl": "https://epos.einvoice.com.tw/AS0102", "openedBizPage": true}, "timestamp": 1777889885745}
{"sessionId": "79f104", "runId": "pre-fix", "hypothesisId": "H3", "location": "Epos自動化測試工具3.0.py:query_invoice_rows:rows", "message": "Fetched invoice rows", "data": {"companyId": "90457330", "invoiceNumber": "BM79650590", "rowCount": 2, "rows": [[1, "開立", "小平台解析失敗"], [2, "開立", "大平台回覆成功"]]}, "timestamp": 1777889887409}
{"sessionId": "79f104", "runId": "pre-fix", "hypothesisId": "H3", "location": "Epos自動化測試工具3.0.py:check_and_process_invoice:decision", "message": "Decision for multi rows", "data": {"invoiceNumber": "BM79650590", "totalRows": 2, "failRows": 1, "reasons": ["小平台解析失敗", "大平台回覆成功"]}, "timestamp": 1777889887422}
{"sessionId": "79f104", "runId": "pre-fix", "hypothesisId": "H2", "location": "Epos自動化測試工具3.0.py:delete_invoice:start", "message": "Start delete invoice", "data": {"companyId": "90457330", "invoiceNumber": "BM79650590", "currentUrl": "https://epos.einvoice.com.tw/AS0102"}, "timestamp": 1777889887438}
{"sessionId": "79f104", "runId": "post-fix", "hypothesisId": "H2", "location": "Epos自動化測試工具3.0.py:open_ops_page:ready", "message": "Ops page ready", "data": {"currentUrl": "https://epos.einvoice.com.tw/UM0501", "openedOpsPage": true}, "timestamp": 1777889888158}
{"sessionId": "79f104", "runId": "pre-fix", "hypothesisId": "H2", "location": "Epos自動化測試工具3.0.py:delete_invoice:query_result", "message": "Delete page query result", "data": {"invoiceNumber": "BM79650590", "rowCount": 1}, "timestamp": 1777889888836}
{"sessionId": "79f104", "runId": "pre-fix", "hypothesisId": "H4", "location": "Epos自動化測試工具3.0.py:check_and_process_invoice:start", "message": "Start process invoice", "data": {"companyId": "92306083", "invoiceNumber": "BQ71167165", "currentUrl": "https://epos.einvoice.com.tw/UM0501"}, "timestamp": 1777889889703}
{"sessionId": "79f104", "runId": "pre-fix", "hypothesisId": "H1", "location": "Epos自動化測試工具3.0.py:query_invoice_rows:start", "message": "Start invoice query", "data": {"companyId": "92306083", "invoiceNumber": "BQ71167165", "currentUrl": "https://epos.einvoice.com.tw/UM0501"}, "timestamp": 1777889889738}
{"sessionId": "79f104", "runId": "pre-fix", "hypothesisId": "H1", "location": "Epos自動化測試工具3.0.py:open_business_query_page", "message": "Opened business query page", "data": {"currentUrl": "https://epos.einvoice.com.tw/AS0102", "openedBizPage": true}, "timestamp": 1777889890775}
{"sessionId": "79f104", "runId": "pre-fix", "hypothesisId": "H3", "location": "Epos自動化測試工具3.0.py:query_invoice_rows:rows", "message": "Fetched invoice rows", "data": {"companyId": "92306083", "invoiceNumber": "BQ71167165", "rowCount": 2, "rows": [[1, "開立", "大平台回覆成功"], [2, "開立", "小平台解析失敗"]]}, "timestamp": 1777889892553}
{"sessionId": "79f104", "runId": "pre-fix", "hypothesisId": "H3", "location": "Epos自動化測試工具3.0.py:check_and_process_invoice:decision", "message": "Decision for multi rows", "data": {"invoiceNumber": "BQ71167165", "totalRows": 2, "failRows": 1, "reasons": ["大平台回覆成功", "小平台解析失敗"]}, "timestamp": 1777889892560}
{"sessionId": "79f104", "runId": "pre-fix", "hypothesisId": "H2", "location": "Epos自動化測試工具3.0.py:delete_invoice:start", "message": "Start delete invoice", "data": {"companyId": "92306083", "invoiceNumber": "BQ71167165", "currentUrl": "https://epos.einvoice.com.tw/AS0102"}, "timestamp": 1777889892569}
{"sessionId": "79f104", "runId": "post-fix", "hypothesisId": "H2", "location": "Epos自動化測試工具3.0.py:open_ops_page:ready", "message": "Ops page ready", "data": {"currentUrl": "https://epos.einvoice.com.tw/UM0501", "openedOpsPage": true}, "timestamp": 1777889893271}
{"sessionId": "79f104", "runId": "pre-fix", "hypothesisId": "H2", "location": "Epos自動化測試工具3.0.py:delete_invoice:query_result", "message": "Delete page query result", "data": {"invoiceNumber": "BQ71167165", "rowCount": 1}, "timestamp": 1777889893946}
{"sessionId": "79f104", "runId": "pre-fix", "hypothesisId": "H4", "location": "Epos自動化測試工具3.0.py:check_and_process_invoice:start", "message": "Start process invoice", "data": {"companyId": "92140422", "invoiceNumber": "BR74459255", "currentUrl": "https://epos.einvoice.com.tw/UM0501"}, "timestamp": 1777889895216}
{"sessionId": "79f104", "runId": "pre-fix", "hypothesisId": "H1", "location": "Epos自動化測試工具3.0.py:query_invoice_rows:start", "message": "Start invoice query", "data": {"companyId": "92140422", "invoiceNumber": "BR74459255", "currentUrl": "https://epos.einvoice.com.tw/UM0501"}, "timestamp": 1777889895238}
{"sessionId": "79f104", "runId": "pre-fix", "hypothesisId": "H1", "location": "Epos自動化測試工具3.0.py:open_business_query_page", "message": "Opened business query page", "data": {"currentUrl": "https://epos.einvoice.com.tw/AS0102", "openedBizPage": true}, "timestamp": 1777889896056}
{"sessionId": "79f104", "runId": "pre-fix", "hypothesisId": "H3", "location": "Epos自動化測試工具3.0.py:query_invoice_rows:rows", "message": "Fetched invoice rows", "data": {"companyId": "92140422", "invoiceNumber": "BR74459255", "rowCount": 2, "rows": [[1, "開立", "大平台回覆成功"], [2, "開立", "小平台解析失敗"]]}, "timestamp": 1777889897795}
{"sessionId": "79f104", "runId": "pre-fix", "hypothesisId": "H3", "location": "Epos自動化測試工具3.0.py:check_and_process_invoice:decision", "message": "Decision for multi rows", "data": {"invoiceNumber": "BR74459255", "totalRows": 2, "failRows": 1, "reasons": ["大平台回覆成功", "小平台解析失敗"]}, "timestamp": 1777889897801}
{"sessionId": "79f104", "runId": "pre-fix", "hypothesisId": "H2", "location": "Epos自動化測試工具3.0.py:delete_invoice:start", "message": "Start delete invoice", "data": {"companyId": "92140422", "invoiceNumber": "BR74459255", "currentUrl": "https://epos.einvoice.com.tw/AS0102"}, "timestamp": 1777889897809}
{"sessionId": "79f104", "runId": "post-fix", "hypothesisId": "H2", "location": "Epos自動化測試工具3.0.py:open_ops_page:ready", "message": "Ops page ready", "data": {"currentUrl": "https://epos.einvoice.com.tw/UM0501", "openedOpsPage": true}, "timestamp": 1777889898505}
{"sessionId": "79f104", "runId": "pre-fix", "hypothesisId": "H2", "location": "Epos自動化測試工具3.0.py:delete_invoice:query_result", "message": "Delete page query result", "data": {"invoiceNumber": "BR74459255", "rowCount": 1}, "timestamp": 1777889899149}
{"sessionId": "79f104", "runId": "post-fix", "hypothesisId": "H5", "location": "Epos自動化測試工具3.0.py:write_invoice_data:success", "message": "Excel write success", "data": {"path": "D:\\D\\wilsonhuang\\Worktime\\python\\epos自動化測試工具3.0\\data\\EposError.xlsx", "rows": 17}, "timestamp": 1777889900444}
{"sessionId": "79f104", "runId": "pre-fix", "hypothesisId": "H4", "location": "Epos自動化測試工具3.0.py:check_and_process_invoice:start", "message": "Start process invoice", "data": {"companyId": "10220398", "invoiceNumber": "AY73906060", "currentUrl": "https://epos.einvoice.com.tw/UM0501"}, "timestamp": 1777889900456}
{"sessionId": "79f104", "runId": "pre-fix", "hypothesisId": "H1", "location": "Epos自動化測試工具3.0.py:query_invoice_rows:start", "message": "Start invoice query", "data": {"companyId": "10220398", "invoiceNumber": "AY73906060", "currentUrl": "https://epos.einvoice.com.tw/UM0501"}, "timestamp": 1777889900469}
{"sessionId": "79f104", "runId": "pre-fix", "hypothesisId": "H1", "location": "Epos自動化測試工具3.0.py:open_business_query_page", "message": "Opened business query page", "data": {"currentUrl": "https://epos.einvoice.com.tw/AS0102", "openedBizPage": true}, "timestamp": 1777889901313}
{"sessionId": "79f104", "runId": "pre-fix", "hypothesisId": "H3", "location": "Epos自動化測試工具3.0.py:query_invoice_rows:rows", "message": "Fetched invoice rows", "data": {"companyId": "10220398", "invoiceNumber": "AY73906060", "rowCount": 2, "rows": [[1, "開立", "大平台回覆成功"], [2, "開立", "小平台解析失敗"]]}, "timestamp": 1777889903049}
{"sessionId": "79f104", "runId": "pre-fix", "hypothesisId": "H3", "location": "Epos自動化測試工具3.0.py:check_and_process_invoice:decision", "message": "Decision for multi rows", "data": {"invoiceNumber": "AY73906060", "totalRows": 2, "failRows": 1, "reasons": ["大平台回覆成功", "小平台解析失敗"]}, "timestamp": 1777889903057}
{"sessionId": "79f104", "runId": "pre-fix", "hypothesisId": "H2", "location": "Epos自動化測試工具3.0.py:delete_invoice:start", "message": "Start delete invoice", "data": {"companyId": "10220398", "invoiceNumber": "AY73906060", "currentUrl": "https://epos.einvoice.com.tw/AS0102"}, "timestamp": 1777889903065}
{"sessionId": "79f104", "runId": "post-fix", "hypothesisId": "H2", "location": "Epos自動化測試工具3.0.py:open_ops_page:ready", "message": "Ops page ready", "data": {"currentUrl": "https://epos.einvoice.com.tw/UM0501", "openedOpsPage": true}, "timestamp": 1777889903853}
{"sessionId": "79f104", "runId": "pre-fix", "hypothesisId": "H2", "location": "Epos自動化測試工具3.0.py:delete_invoice:query_result", "message": "Delete page query result", "data": {"invoiceNumber": "AY73906060", "rowCount": 1}, "timestamp": 1777889904526}
{"sessionId": "79f104", "runId": "pre-fix", "hypothesisId": "H4", "location": "Epos自動化測試工具3.0.py:check_and_process_invoice:start", "message": "Start process invoice", "data": {"companyId": "26354246", "invoiceNumber": "BH98170474", "currentUrl": "https://epos.einvoice.com.tw/UM0501"}, "timestamp": 1777889905866}
{"sessionId": "79f104", "runId": "pre-fix", "hypothesisId": "H1", "location": "Epos自動化測試工具3.0.py:query_invoice_rows:start", "message": "Start invoice query", "data": {"companyId": "26354246", "invoiceNumber": "BH98170474", "currentUrl": "https://epos.einvoice.com.tw/UM0501"}, "timestamp": 1777889905883}
{"sessionId": "79f104", "runId": "pre-fix", "hypothesisId": "H1", "location": "Epos自動化測試工具3.0.py:open_business_query_page", "message": "Opened business query page", "data": {"currentUrl": "https://epos.einvoice.com.tw/AS0102", "openedBizPage": true}, "timestamp": 1777889906739}
{"sessionId": "79f104", "runId": "pre-fix", "hypothesisId": "H3", "location": "Epos自動化測試工具3.0.py:query_invoice_rows:rows", "message": "Fetched invoice rows", "data": {"companyId": "26354246", "invoiceNumber": "BH98170474", "rowCount": 2, "rows": [[1, "開立", "大平台回覆成功"], [2, "開立", "小平台解析失敗"]]}, "timestamp": 1777889908554}
{"sessionId": "79f104", "runId": "pre-fix", "hypothesisId": "H3", "location": "Epos自動化測試工具3.0.py:check_and_process_invoice:decision", "message": "Decision for multi rows", "data": {"invoiceNumber": "BH98170474", "totalRows": 2, "failRows": 1, "reasons": ["大平台回覆成功", "小平台解析失敗"]}, "timestamp": 1777889908563}
{"sessionId": "79f104", "runId": "pre-fix", "hypothesisId": "H2", "location": "Epos自動化測試工具3.0.py:delete_invoice:start", "message": "Start delete invoice", "data": {"companyId": "26354246", "invoiceNumber": "BH98170474", "currentUrl": "https://epos.einvoice.com.tw/AS0102"}, "timestamp": 1777889908571}
{"sessionId": "79f104", "runId": "post-fix", "hypothesisId": "H2", "location": "Epos自動化測試工具3.0.py:open_ops_page:ready", "message": "Ops page ready", "data": {"currentUrl": "https://epos.einvoice.com.tw/UM0501", "openedOpsPage": true}, "timestamp": 1777889909267}
{"sessionId": "79f104", "runId": "pre-fix", "hypothesisId": "H2", "location": "Epos自動化測試工具3.0.py:delete_invoice:query_result", "message": "Delete page query result", "data": {"invoiceNumber": "BH98170474", "rowCount": 1}, "timestamp": 1777889909914}
{"sessionId": "79f104", "runId": "pre-fix", "hypothesisId": "H4", "location": "Epos自動化測試工具3.0.py:check_and_process_invoice:start", "message": "Start process invoice", "data": {"companyId": "60434878", "invoiceNumber": "BS05149222", "currentUrl": "https://epos.einvoice.com.tw/UM0501"}, "timestamp": 1777889911191}
{"sessionId": "79f104", "runId": "pre-fix", "hypothesisId": "H1", "location": "Epos自動化測試工具3.0.py:query_invoice_rows:start", "message": "Start invoice query", "data": {"companyId": "60434878", "invoiceNumber": "BS05149222", "currentUrl": "https://epos.einvoice.com.tw/UM0501"}, "timestamp": 1777889911209}
{"sessionId": "79f104", "runId": "pre-fix", "hypothesisId": "H1", "location": "Epos自動化測試工具3.0.py:open_business_query_page", "message": "Opened business query page", "data": {"currentUrl": "https://epos.einvoice.com.tw/AS0102", "openedBizPage": true}, "timestamp": 1777889912118}
{"sessionId": "79f104", "runId": "pre-fix", "hypothesisId": "H3", "location": "Epos自動化測試工具3.0.py:query_invoice_rows:rows", "message": "Fetched invoice rows", "data": {"companyId": "60434878", "invoiceNumber": "BS05149222", "rowCount": 2, "rows": [[1, "開立", "大平台回覆成功"], [2, "開立", "小平台解析失敗"]]}, "timestamp": 1777889913923}
{"sessionId": "79f104", "runId": "pre-fix", "hypothesisId": "H3", "location": "Epos自動化測試工具3.0.py:check_and_process_invoice:decision", "message": "Decision for multi rows", "data": {"invoiceNumber": "BS05149222", "totalRows": 2, "failRows": 1, "reasons": ["大平台回覆成功", "小平台解析失敗"]}, "timestamp": 1777889913928}
{"sessionId": "79f104", "runId": "pre-fix", "hypothesisId": "H2", "location": "Epos自動化測試工具3.0.py:delete_invoice:start", "message": "Start delete invoice", "data": {"companyId": "60434878", "invoiceNumber": "BS05149222", "currentUrl": "https://epos.einvoice.com.tw/AS0102"}, "timestamp": 1777889913936}
{"sessionId": "79f104", "runId": "post-fix", "hypothesisId": "H2", "location": "Epos自動化測試工具3.0.py:open_ops_page:ready", "message": "Ops page ready", "data": {"currentUrl": "https://epos.einvoice.com.tw/UM0501", "openedOpsPage": true}, "timestamp": 1777889914579}
{"sessionId": "79f104", "runId": "pre-fix", "hypothesisId": "H2", "location": "Epos自動化測試工具3.0.py:delete_invoice:query_result", "message": "Delete page query result", "data": {"invoiceNumber": "BS05149222", "rowCount": 1}, "timestamp": 1777889915228}
{"sessionId": "79f104", "runId": "pre-fix", "hypothesisId": "H4", "location": "Epos自動化測試工具3.0.py:check_and_process_invoice:start", "message": "Start process invoice", "data": {"companyId": "87244952", "invoiceNumber": "BL98929331", "currentUrl": "https://epos.einvoice.com.tw/UM0501"}, "timestamp": 1777889916445}
{"sessionId": "79f104", "runId": "pre-fix", "hypothesisId": "H1", "location": "Epos自動化測試工具3.0.py:query_invoice_rows:start", "message": "Start invoice query", "data": {"companyId": "87244952", "invoiceNumber": "BL98929331", "currentUrl": "https://epos.einvoice.com.tw/UM0501"}, "timestamp": 1777889916452}
{"sessionId": "79f104", "runId": "pre-fix", "hypothesisId": "H1", "location": "Epos自動化測試工具3.0.py:open_business_query_page", "message": "Opened business query page", "data": {"currentUrl": "https://epos.einvoice.com.tw/AS0102", "openedBizPage": true}, "timestamp": 1777889917394}
{"sessionId": "79f104", "runId": "pre-fix", "hypothesisId": "H3", "location": "Epos自動化測試工具3.0.py:query_invoice_rows:rows", "message": "Fetched invoice rows", "data": {"companyId": "87244952", "invoiceNumber": "BL98929331", "rowCount": 2, "rows": [[1, "開立", "小平台解析失敗"], [2, "開立", "大平台回覆成功"]]}, "timestamp": 1777889919136}
{"sessionId": "79f104", "runId": "pre-fix", "hypothesisId": "H3", "location": "Epos自動化測試工具3.0.py:check_and_process_invoice:decision", "message": "Decision for multi rows", "data": {"invoiceNumber": "BL98929331", "totalRows": 2, "failRows": 1, "reasons": ["小平台解析失敗", "大平台回覆成功"]}, "timestamp": 1777889919142}
{"sessionId": "79f104", "runId": "pre-fix", "hypothesisId": "H2", "location": "Epos自動化測試工具3.0.py:delete_invoice:start", "message": "Start delete invoice", "data": {"companyId": "87244952", "invoiceNumber": "BL98929331", "currentUrl": "https://epos.einvoice.com.tw/AS0102"}, "timestamp": 1777889919149}
{"sessionId": "79f104", "runId": "post-fix", "hypothesisId": "H2", "location": "Epos自動化測試工具3.0.py:open_ops_page:ready", "message": "Ops page ready", "data": {"currentUrl": "https://epos.einvoice.com.tw/UM0501", "openedOpsPage": true}, "timestamp": 1777889919868}
{"sessionId": "79f104", "runId": "pre-fix", "hypothesisId": "H2", "location": "Epos自動化測試工具3.0.py:delete_invoice:query_result", "message": "Delete page query result", "data": {"invoiceNumber": "BL98929331", "rowCount": 1}, "timestamp": 1777889920569}
{"sessionId": "79f104", "runId": "pre-fix", "hypothesisId": "H4", "location": "Epos自動化測試工具3.0.py:check_and_process_invoice:start", "message": "Start process invoice", "data": {"companyId": "92360157", "invoiceNumber": "BS24570899", "currentUrl": "https://epos.einvoice.com.tw/UM0501"}, "timestamp": 1777889921776}
{"sessionId": "79f104", "runId": "pre-fix", "hypothesisId": "H1", "location": "Epos自動化測試工具3.0.py:query_invoice_rows:start", "message": "Start invoice query", "data": {"companyId": "92360157", "invoiceNumber": "BS24570899", "currentUrl": "https://epos.einvoice.com.tw/UM0501"}, "timestamp": 1777889921786}
{"sessionId": "79f104", "runId": "pre-fix", "hypothesisId": "H1", "location": "Epos自動化測試工具3.0.py:open_business_query_page", "message": "Opened business query page", "data": {"currentUrl": "https://epos.einvoice.com.tw/AS0102", "openedBizPage": true}, "timestamp": 1777889922699}
{"sessionId": "79f104", "runId": "pre-fix", "hypothesisId": "H3", "location": "Epos自動化測試工具3.0.py:query_invoice_rows:rows", "message": "Fetched invoice rows", "data": {"companyId": "92360157", "invoiceNumber": "BS24570899", "rowCount": 2, "rows": [[1, "開立", "小平台解析失敗"], [2, "開立", "大平台回覆成功"]]}, "timestamp": 1777889924398}
{"sessionId": "79f104", "runId": "pre-fix", "hypothesisId": "H3", "location": "Epos自動化測試工具3.0.py:check_and_process_invoice:decision", "message": "Decision for multi rows", "data": {"invoiceNumber": "BS24570899", "totalRows": 2, "failRows": 1, "reasons": ["小平台解析失敗", "大平台回覆成功"]}, "timestamp": 1777889924404}
{"sessionId": "79f104", "runId": "pre-fix", "hypothesisId": "H2", "location": "Epos自動化測試工具3.0.py:delete_invoice:start", "message": "Start delete invoice", "data": {"companyId": "92360157", "invoiceNumber": "BS24570899", "currentUrl": "https://epos.einvoice.com.tw/AS0102"}, "timestamp": 1777889924413}
{"sessionId": "79f104", "runId": "post-fix", "hypothesisId": "H2", "location": "Epos自動化測試工具3.0.py:open_ops_page:ready", "message": "Ops page ready", "data": {"currentUrl": "https://epos.einvoice.com.tw/UM0501", "openedOpsPage": true}, "timestamp": 1777889925079}
{"sessionId": "79f104", "runId": "pre-fix", "hypothesisId": "H2", "location": "Epos自動化測試工具3.0.py:delete_invoice:query_result", "message": "Delete page query result", "data": {"invoiceNumber": "BS24570899", "rowCount": 1}, "timestamp": 1777889925757}
{"sessionId": "79f104", "runId": "post-fix", "hypothesisId": "H5", "location": "Epos自動化測試工具3.0.py:write_invoice_data:success", "message": "Excel write success", "data": {"path": "D:\\D\\wilsonhuang\\Worktime\\python\\epos自動化測試工具3.0\\data\\EposError.xlsx", "rows": 12}, "timestamp": 1777889927036}
{"sessionId": "79f104", "runId": "pre-fix", "hypothesisId": "H4", "location": "Epos自動化測試工具3.0.py:check_and_process_invoice:start", "message": "Start process invoice", "data": {"companyId": "85602377", "invoiceNumber": "BP17806720", "currentUrl": "https://epos.einvoice.com.tw/UM0501"}, "timestamp": 1777889927046}
{"sessionId": "79f104", "runId": "pre-fix", "hypothesisId": "H1", "location": "Epos自動化測試工具3.0.py:query_invoice_rows:start", "message": "Start invoice query", "data": {"companyId": "85602377", "invoiceNumber": "BP17806720", "currentUrl": "https://epos.einvoice.com.tw/UM0501"}, "timestamp": 1777889927056}
{"sessionId": "79f104", "runId": "pre-fix", "hypothesisId": "H1", "location": "Epos自動化測試工具3.0.py:open_business_query_page", "message": "Opened business query page", "data": {"currentUrl": "https://epos.einvoice.com.tw/AS0102", "openedBizPage": true}, "timestamp": 1777889928013}
{"sessionId": "79f104", "runId": "pre-fix", "hypothesisId": "H3", "location": "Epos自動化測試工具3.0.py:query_invoice_rows:rows", "message": "Fetched invoice rows", "data": {"companyId": "85602377", "invoiceNumber": "BP17806720", "rowCount": 2, "rows": [[1, "開立", "大平台回覆成功"], [2, "開立", "小平台解析失敗"]]}, "timestamp": 1777889929704}
{"sessionId": "79f104", "runId": "pre-fix", "hypothesisId": "H3", "location": "Epos自動化測試工具3.0.py:check_and_process_invoice:decision", "message": "Decision for multi rows", "data": {"invoiceNumber": "BP17806720", "totalRows": 2, "failRows": 1, "reasons": ["大平台回覆成功", "小平台解析失敗"]}, "timestamp": 1777889929717}
{"sessionId": "79f104", "runId": "pre-fix", "hypothesisId": "H2", "location": "Epos自動化測試工具3.0.py:delete_invoice:start", "message": "Start delete invoice", "data": {"companyId": "85602377", "invoiceNumber": "BP17806720", "currentUrl": "https://epos.einvoice.com.tw/AS0102"}, "timestamp": 1777889929728}
{"sessionId": "79f104", "runId": "post-fix", "hypothesisId": "H2", "location": "Epos自動化測試工具3.0.py:open_ops_page:ready", "message": "Ops page ready", "data": {"currentUrl": "https://epos.einvoice.com.tw/UM0501", "openedOpsPage": true}, "timestamp": 1777889930381}
{"sessionId": "79f104", "runId": "pre-fix", "hypothesisId": "H2", "location": "Epos自動化測試工具3.0.py:delete_invoice:query_result", "message": "Delete page query result", "data": {"invoiceNumber": "BP17806720", "rowCount": 1}, "timestamp": 1777889931024}
{"sessionId": "79f104", "runId": "pre-fix", "hypothesisId": "H4", "location": "Epos自動化測試工具3.0.py:check_and_process_invoice:start", "message": "Start process invoice", "data": {"companyId": "47221829", "invoiceNumber": "BN81085208", "currentUrl": "https://epos.einvoice.com.tw/UM0501"}, "timestamp": 1777889932250}
{"sessionId": "79f104", "runId": "pre-fix", "hypothesisId": "H1", "location": "Epos自動化測試工具3.0.py:query_invoice_rows:start", "message": "Start invoice query", "data": {"companyId": "47221829", "invoiceNumber": "BN81085208", "currentUrl": "https://epos.einvoice.com.tw/UM0501"}, "timestamp": 1777889932280}
{"sessionId": "79f104", "runId": "pre-fix", "hypothesisId": "H1", "location": "Epos自動化測試工具3.0.py:open_business_query_page", "message": "Opened business query page", "data": {"currentUrl": "https://epos.einvoice.com.tw/AS0102", "openedBizPage": true}, "timestamp": 1777889933125}
{"sessionId": "79f104", "runId": "pre-fix", "hypothesisId": "H3", "location": "Epos自動化測試工具3.0.py:query_invoice_rows:rows", "message": "Fetched invoice rows", "data": {"companyId": "47221829", "invoiceNumber": "BN81085208", "rowCount": 2, "rows": [[1, "開立", "小平台解析失敗"], [2, "開立", "大平台回覆成功"]]}, "timestamp": 1777889934794}
{"sessionId": "79f104", "runId": "pre-fix", "hypothesisId": "H3", "location": "Epos自動化測試工具3.0.py:check_and_process_invoice:decision", "message": "Decision for multi rows", "data": {"invoiceNumber": "BN81085208", "totalRows": 2, "failRows": 1, "reasons": ["小平台解析失敗", "大平台回覆成功"]}, "timestamp": 1777889934800}
{"sessionId": "79f104", "runId": "pre-fix", "hypothesisId": "H2", "location": "Epos自動化測試工具3.0.py:delete_invoice:start", "message": "Start delete invoice", "data": {"companyId": "47221829", "invoiceNumber": "BN81085208", "currentUrl": "https://epos.einvoice.com.tw/AS0102"}, "timestamp": 1777889934808}
{"sessionId": "79f104", "runId": "post-fix", "hypothesisId": "H2", "location": "Epos自動化測試工具3.0.py:open_ops_page:ready", "message": "Ops page ready", "data": {"currentUrl": "https://epos.einvoice.com.tw/UM0501", "openedOpsPage": true}, "timestamp": 1777889935451}
{"sessionId": "79f104", "runId": "pre-fix", "hypothesisId": "H2", "location": "Epos自動化測試工具3.0.py:delete_invoice:query_result", "message": "Delete page query result", "data": {"invoiceNumber": "BN81085208", "rowCount": 1}, "timestamp": 1777889936139}
{"sessionId": "79f104", "runId": "pre-fix", "hypothesisId": "H4", "location": "Epos自動化測試工具3.0.py:check_and_process_invoice:start", "message": "Start process invoice", "data": {"companyId": "93759555", "invoiceNumber": "BP97271380", "currentUrl": "https://epos.einvoice.com.tw/UM0501"}, "timestamp": 1777889936857}
{"sessionId": "79f104", "runId": "pre-fix", "hypothesisId": "H1", "location": "Epos自動化測試工具3.0.py:query_invoice_rows:start", "message": "Start invoice query", "data": {"companyId": "93759555", "invoiceNumber": "BP97271380", "currentUrl": "https://epos.einvoice.com.tw/UM0501"}, "timestamp": 1777889936872}
{"sessionId": "79f104", "runId": "pre-fix", "hypothesisId": "H1", "location": "Epos自動化測試工具3.0.py:open_business_query_page", "message": "Opened business query page", "data": {"currentUrl": "https://epos.einvoice.com.tw/AS0102", "openedBizPage": true}, "timestamp": 1777889937759}
{"sessionId": "79f104", "runId": "pre-fix", "hypothesisId": "H3", "location": "Epos自動化測試工具3.0.py:query_invoice_rows:rows", "message": "Fetched invoice rows", "data": {"companyId": "93759555", "invoiceNumber": "BP97271380", "rowCount": 2, "rows": [[1, "開立", "大平台回覆成功"], [2, "開立", "小平台解析失敗"]]}, "timestamp": 1777889939412}
{"sessionId": "79f104", "runId": "pre-fix", "hypothesisId": "H3", "location": "Epos自動化測試工具3.0.py:check_and_process_invoice:decision", "message": "Decision for multi rows", "data": {"invoiceNumber": "BP97271380", "totalRows": 2, "failRows": 1, "reasons": ["大平台回覆成功", "小平台解析失敗"]}, "timestamp": 1777889939420}
{"sessionId": "79f104", "runId": "pre-fix", "hypothesisId": "H2", "location": "Epos自動化測試工具3.0.py:delete_invoice:start", "message": "Start delete invoice", "data": {"companyId": "93759555", "invoiceNumber": "BP97271380", "currentUrl": "https://epos.einvoice.com.tw/AS0102"}, "timestamp": 1777889939428}
{"sessionId": "79f104", "runId": "post-fix", "hypothesisId": "H2", "location": "Epos自動化測試工具3.0.py:open_ops_page:ready", "message": "Ops page ready", "data": {"currentUrl": "https://epos.einvoice.com.tw/UM0501", "openedOpsPage": true}, "timestamp": 1777889940147}
{"sessionId": "79f104", "runId": "pre-fix", "hypothesisId": "H2", "location": "Epos自動化測試工具3.0.py:delete_invoice:query_result", "message": "Delete page query result", "data": {"invoiceNumber": "BP97271380", "rowCount": 1}, "timestamp": 1777889940803}
{"sessionId": "79f104", "runId": "pre-fix", "hypothesisId": "H4", "location": "Epos自動化測試工具3.0.py:check_and_process_invoice:start", "message": "Start process invoice", "data": {"companyId": "42008784", "invoiceNumber": "BN22055859", "currentUrl": "https://epos.einvoice.com.tw/UM0501"}, "timestamp": 1777889942073}
{"sessionId": "79f104", "runId": "pre-fix", "hypothesisId": "H1", "location": "Epos自動化測試工具3.0.py:query_invoice_rows:start", "message": "Start invoice query", "data": {"companyId": "42008784", "invoiceNumber": "BN22055859", "currentUrl": "https://epos.einvoice.com.tw/UM0501"}, "timestamp": 1777889942109}
{"sessionId": "79f104", "runId": "pre-fix", "hypothesisId": "H1", "location": "Epos自動化測試工具3.0.py:open_business_query_page", "message": "Opened business query page", "data": {"currentUrl": "https://epos.einvoice.com.tw/AS0102", "openedBizPage": true}, "timestamp": 1777889942980}
{"sessionId": "79f104", "runId": "pre-fix", "hypothesisId": "H3", "location": "Epos自動化測試工具3.0.py:query_invoice_rows:rows", "message": "Fetched invoice rows", "data": {"companyId": "42008784", "invoiceNumber": "BN22055859", "rowCount": 2, "rows": [[1, "開立", "小平台解析失敗"], [2, "開立", "大平台回覆成功"]]}, "timestamp": 1777889944711}
{"sessionId": "79f104", "runId": "pre-fix", "hypothesisId": "H3", "location": "Epos自動化測試工具3.0.py:check_and_process_invoice:decision", "message": "Decision for multi rows", "data": {"invoiceNumber": "BN22055859", "totalRows": 2, "failRows": 1, "reasons": ["小平台解析失敗", "大平台回覆成功"]}, "timestamp": 1777889944725}
{"sessionId": "79f104", "runId": "pre-fix", "hypothesisId": "H2", "location": "Epos自動化測試工具3.0.py:delete_invoice:start", "message": "Start delete invoice", "data": {"companyId": "42008784", "invoiceNumber": "BN22055859", "currentUrl": "https://epos.einvoice.com.tw/AS0102"}, "timestamp": 1777889944747}
{"sessionId": "79f104", "runId": "post-fix", "hypothesisId": "H2", "location": "Epos自動化測試工具3.0.py:open_ops_page:ready", "message": "Ops page ready", "data": {"currentUrl": "https://epos.einvoice.com.tw/UM0501", "openedOpsPage": true}, "timestamp": 1777889945503}
{"sessionId": "79f104", "runId": "pre-fix", "hypothesisId": "H2", "location": "Epos自動化測試工具3.0.py:delete_invoice:query_result", "message": "Delete page query result", "data": {"invoiceNumber": "BN22055859", "rowCount": 1}, "timestamp": 1777889946185}
{"sessionId": "79f104", "runId": "pre-fix", "hypothesisId": "H4", "location": "Epos自動化測試工具3.0.py:check_and_process_invoice:start", "message": "Start process invoice", "data": {"companyId": "72397536", "invoiceNumber": "BM24658687", "currentUrl": "https://epos.einvoice.com.tw/UM0501"}, "timestamp": 1777889947505}
{"sessionId": "79f104", "runId": "pre-fix", "hypothesisId": "H1", "location": "Epos自動化測試工具3.0.py:query_invoice_rows:start", "message": "Start invoice query", "data": {"companyId": "72397536", "invoiceNumber": "BM24658687", "currentUrl": "https://epos.einvoice.com.tw/UM0501"}, "timestamp": 1777889947525}
{"sessionId": "79f104", "runId": "pre-fix", "hypothesisId": "H1", "location": "Epos自動化測試工具3.0.py:open_business_query_page", "message": "Opened business query page", "data": {"currentUrl": "https://epos.einvoice.com.tw/AS0102", "openedBizPage": true}, "timestamp": 1777889948436}
{"sessionId": "79f104", "runId": "pre-fix", "hypothesisId": "H3", "location": "Epos自動化測試工具3.0.py:query_invoice_rows:rows", "message": "Fetched invoice rows", "data": {"companyId": "72397536", "invoiceNumber": "BM24658687", "rowCount": 2, "rows": [[1, "開立", "小平台解析失敗"], [2, "開立", "大平台回覆成功"]]}, "timestamp": 1777889950257}
{"sessionId": "79f104", "runId": "pre-fix", "hypothesisId": "H3", "location": "Epos自動化測試工具3.0.py:check_and_process_invoice:decision", "message": "Decision for multi rows", "data": {"invoiceNumber": "BM24658687", "totalRows": 2, "failRows": 1, "reasons": ["小平台解析失敗", "大平台回覆成功"]}, "timestamp": 1777889950264}
{"sessionId": "79f104", "runId": "pre-fix", "hypothesisId": "H2", "location": "Epos自動化測試工具3.0.py:delete_invoice:start", "message": "Start delete invoice", "data": {"companyId": "72397536", "invoiceNumber": "BM24658687", "currentUrl": "https://epos.einvoice.com.tw/AS0102"}, "timestamp": 1777889950278}
{"sessionId": "79f104", "runId": "post-fix", "hypothesisId": "H2", "location": "Epos自動化測試工具3.0.py:open_ops_page:ready", "message": "Ops page ready", "data": {"currentUrl": "https://epos.einvoice.com.tw/UM0501", "openedOpsPage": true}, "timestamp": 1777889951105}
{"sessionId": "79f104", "runId": "pre-fix", "hypothesisId": "H2", "location": "Epos自動化測試工具3.0.py:delete_invoice:query_result", "message": "Delete page query result", "data": {"invoiceNumber": "BM24658687", "rowCount": 1}, "timestamp": 1777889951767}
{"sessionId": "79f104", "runId": "post-fix", "hypothesisId": "H5", "location": "Epos自動化測試工具3.0.py:write_invoice_data:success", "message": "Excel write success", "data": {"path": "D:\\D\\wilsonhuang\\Worktime\\python\\epos自動化測試工具3.0\\data\\EposError.xlsx", "rows": 7}, "timestamp": 1777889953150}
{"sessionId": "79f104", "runId": "pre-fix", "hypothesisId": "H4", "location": "Epos自動化測試工具3.0.py:check_and_process_invoice:start", "message": "Start process invoice", "data": {"companyId": "88550486", "invoiceNumber": "BP03177318", "currentUrl": "https://epos.einvoice.com.tw/UM0501"}, "timestamp": 1777889953157}
{"sessionId": "79f104", "runId": "pre-fix", "hypothesisId": "H1", "location": "Epos自動化測試工具3.0.py:query_invoice_rows:start", "message": "Start invoice query", "data": {"companyId": "88550486", "invoiceNumber": "BP03177318", "currentUrl": "https://epos.einvoice.com.tw/UM0501"}, "timestamp": 1777889953164}
{"sessionId": "79f104", "runId": "pre-fix", "hypothesisId": "H1", "location": "Epos自動化測試工具3.0.py:open_business_query_page", "message": "Opened business query page", "data": {"currentUrl": "https://epos.einvoice.com.tw/AS0102", "openedBizPage": true}, "timestamp": 1777889954065}
{"sessionId": "79f104", "runId": "pre-fix", "hypothesisId": "H3", "location": "Epos自動化測試工具3.0.py:query_invoice_rows:rows", "message": "Fetched invoice rows", "data": {"companyId": "88550486", "invoiceNumber": "BP03177318", "rowCount": 2, "rows": [[1, "開立", "小平台解析失敗"], [2, "開立", "大平台回覆成功"]]}, "timestamp": 1777889955873}
{"sessionId": "79f104", "runId": "pre-fix", "hypothesisId": "H3", "location": "Epos自動化測試工具3.0.py:check_and_process_invoice:decision", "message": "Decision for multi rows", "data": {"invoiceNumber": "BP03177318", "totalRows": 2, "failRows": 1, "reasons": ["小平台解析失敗", "大平台回覆成功"]}, "timestamp": 1777889955881}
{"sessionId": "79f104", "runId": "pre-fix", "hypothesisId": "H2", "location": "Epos自動化測試工具3.0.py:delete_invoice:start", "message": "Start delete invoice", "data": {"companyId": "88550486", "invoiceNumber": "BP03177318", "currentUrl": "https://epos.einvoice.com.tw/AS0102"}, "timestamp": 1777889955889}
{"sessionId": "79f104", "runId": "post-fix", "hypothesisId": "H2", "location": "Epos自動化測試工具3.0.py:open_ops_page:ready", "message": "Ops page ready", "data": {"currentUrl": "https://epos.einvoice.com.tw/UM0501", "openedOpsPage": true}, "timestamp": 1777889956554}
{"sessionId": "79f104", "runId": "pre-fix", "hypothesisId": "H2", "location": "Epos自動化測試工具3.0.py:delete_invoice:query_result", "message": "Delete page query result", "data": {"invoiceNumber": "BP03177318", "rowCount": 1}, "timestamp": 1777889957205}
{"sessionId": "79f104", "runId": "pre-fix", "hypothesisId": "H4", "location": "Epos自動化測試工具3.0.py:check_and_process_invoice:start", "message": "Start process invoice", "data": {"companyId": "60697273", "invoiceNumber": "BR14047740", "currentUrl": "https://epos.einvoice.com.tw/UM0501"}, "timestamp": 1777889958447}
{"sessionId": "79f104", "runId": "pre-fix", "hypothesisId": "H1", "location": "Epos自動化測試工具3.0.py:query_invoice_rows:start", "message": "Start invoice query", "data": {"companyId": "60697273", "invoiceNumber": "BR14047740", "currentUrl": "https://epos.einvoice.com.tw/UM0501"}, "timestamp": 1777889958465}
{"sessionId": "79f104", "runId": "pre-fix", "hypothesisId": "H1", "location": "Epos自動化測試工具3.0.py:open_business_query_page", "message": "Opened business query page", "data": {"currentUrl": "https://epos.einvoice.com.tw/AS0102", "openedBizPage": true}, "timestamp": 1777889959419}
{"sessionId": "79f104", "runId": "pre-fix", "hypothesisId": "H3", "location": "Epos自動化測試工具3.0.py:query_invoice_rows:rows", "message": "Fetched invoice rows", "data": {"companyId": "60697273", "invoiceNumber": "BR14047740", "rowCount": 2, "rows": [[1, "開立", "小平台解析失敗"], [2, "開立", "大平台回覆成功"]]}, "timestamp": 1777889961160}
{"sessionId": "79f104", "runId": "pre-fix", "hypothesisId": "H3", "location": "Epos自動化測試工具3.0.py:check_and_process_invoice:decision", "message": "Decision for multi rows", "data": {"invoiceNumber": "BR14047740", "totalRows": 2, "failRows": 1, "reasons": ["小平台解析失敗", "大平台回覆成功"]}, "timestamp": 1777889961171}
{"sessionId": "79f104", "runId": "pre-fix", "hypothesisId": "H2", "location": "Epos自動化測試工具3.0.py:delete_invoice:start", "message": "Start delete invoice", "data": {"companyId": "60697273", "invoiceNumber": "BR14047740", "currentUrl": "https://epos.einvoice.com.tw/AS0102"}, "timestamp": 1777889961190}
{"sessionId": "79f104", "runId": "post-fix", "hypothesisId": "H2", "location": "Epos自動化測試工具3.0.py:open_ops_page:ready", "message": "Ops page ready", "data": {"currentUrl": "https://epos.einvoice.com.tw/UM0501", "openedOpsPage": true}, "timestamp": 1777889961998}
{"sessionId": "79f104", "runId": "pre-fix", "hypothesisId": "H2", "location": "Epos自動化測試工具3.0.py:delete_invoice:query_result", "message": "Delete page query result", "data": {"invoiceNumber": "BR14047740", "rowCount": 1}, "timestamp": 1777889962697}
{"sessionId": "79f104", "runId": "pre-fix", "hypothesisId": "H4", "location": "Epos自動化測試工具3.0.py:check_and_process_invoice:start", "message": "Start process invoice", "data": {"companyId": "00550818", "invoiceNumber": "BS19854870", "currentUrl": "https://epos.einvoice.com.tw/UM0501"}, "timestamp": 1777889963998}
{"sessionId": "79f104", "runId": "pre-fix", "hypothesisId": "H1", "location": "Epos自動化測試工具3.0.py:query_invoice_rows:start", "message": "Start invoice query", "data": {"companyId": "00550818", "invoiceNumber": "BS19854870", "currentUrl": "https://epos.einvoice.com.tw/UM0501"}, "timestamp": 1777889964008}
{"sessionId": "79f104", "runId": "pre-fix", "hypothesisId": "H1", "location": "Epos自動化測試工具3.0.py:open_business_query_page", "message": "Opened business query page", "data": {"currentUrl": "https://epos.einvoice.com.tw/AS0102", "openedBizPage": true}, "timestamp": 1777889964888}
{"sessionId": "79f104", "runId": "pre-fix", "hypothesisId": "H3", "location": "Epos自動化測試工具3.0.py:query_invoice_rows:rows", "message": "Fetched invoice rows", "data": {"companyId": "00550818", "invoiceNumber": "BS19854870", "rowCount": 2, "rows": [[1, "開立", "大平台回覆成功"], [2, "開立", "小平台解析失敗"]]}, "timestamp": 1777889966726}
{"sessionId": "79f104", "runId": "pre-fix", "hypothesisId": "H3", "location": "Epos自動化測試工具3.0.py:check_and_process_invoice:decision", "message": "Decision for multi rows", "data": {"invoiceNumber": "BS19854870", "totalRows": 2, "failRows": 1, "reasons": ["大平台回覆成功", "小平台解析失敗"]}, "timestamp": 1777889966744}
{"sessionId": "79f104", "runId": "pre-fix", "hypothesisId": "H2", "location": "Epos自動化測試工具3.0.py:delete_invoice:start", "message": "Start delete invoice", "data": {"companyId": "00550818", "invoiceNumber": "BS19854870", "currentUrl": "https://epos.einvoice.com.tw/AS0102"}, "timestamp": 1777889966760}
{"sessionId": "79f104", "runId": "post-fix", "hypothesisId": "H2", "location": "Epos自動化測試工具3.0.py:open_ops_page:ready", "message": "Ops page ready", "data": {"currentUrl": "https://epos.einvoice.com.tw/UM0501", "openedOpsPage": true}, "timestamp": 1777889967432}
{"sessionId": "79f104", "runId": "pre-fix", "hypothesisId": "H2", "location": "Epos自動化測試工具3.0.py:delete_invoice:query_result", "message": "Delete page query result", "data": {"invoiceNumber": "BS19854870", "rowCount": 1}, "timestamp": 1777889968101}
{"sessionId": "79f104", "runId": "pre-fix", "hypothesisId": "H4", "location": "Epos自動化測試工具3.0.py:check_and_process_invoice:start", "message": "Start process invoice", "data": {"companyId": "00620820", "invoiceNumber": "BS24590108", "currentUrl": "https://epos.einvoice.com.tw/UM0501"}, "timestamp": 1777889968962}
{"sessionId": "79f104", "runId": "pre-fix", "hypothesisId": "H1", "location": "Epos自動化測試工具3.0.py:query_invoice_rows:start", "message": "Start invoice query", "data": {"companyId": "00620820", "invoiceNumber": "BS24590108", "currentUrl": "https://epos.einvoice.com.tw/UM0501"}, "timestamp": 1777889968992}
{"sessionId": "79f104", "runId": "pre-fix", "hypothesisId": "H1", "location": "Epos自動化測試工具3.0.py:open_business_query_page", "message": "Opened business query page", "data": {"currentUrl": "https://epos.einvoice.com.tw/AS0102", "openedBizPage": true}, "timestamp": 1777889969889}
{"sessionId": "79f104", "runId": "pre-fix", "hypothesisId": "H3", "location": "Epos自動化測試工具3.0.py:query_invoice_rows:rows", "message": "Fetched invoice rows", "data": {"companyId": "00620820", "invoiceNumber": "BS24590108", "rowCount": 2, "rows": [[1, "開立", "大平台回覆成功"], [2, "開立", "小平台解析失敗"]]}, "timestamp": 1777889971504}
{"sessionId": "79f104", "runId": "pre-fix", "hypothesisId": "H3", "location": "Epos自動化測試工具3.0.py:check_and_process_invoice:decision", "message": "Decision for multi rows", "data": {"invoiceNumber": "BS24590108", "totalRows": 2, "failRows": 1, "reasons": ["大平台回覆成功", "小平台解析失敗"]}, "timestamp": 1777889971511}
{"sessionId": "79f104", "runId": "pre-fix", "hypothesisId": "H2", "location": "Epos自動化測試工具3.0.py:delete_invoice:start", "message": "Start delete invoice", "data": {"companyId": "00620820", "invoiceNumber": "BS24590108", "currentUrl": "https://epos.einvoice.com.tw/AS0102"}, "timestamp": 1777889971526}
{"sessionId": "79f104", "runId": "post-fix", "hypothesisId": "H2", "location": "Epos自動化測試工具3.0.py:open_ops_page:ready", "message": "Ops page ready", "data": {"currentUrl": "https://epos.einvoice.com.tw/UM0501", "openedOpsPage": true}, "timestamp": 1777889972217}
{"sessionId": "79f104", "runId": "pre-fix", "hypothesisId": "H2", "location": "Epos自動化測試工具3.0.py:delete_invoice:query_result", "message": "Delete page query result", "data": {"invoiceNumber": "BS24590108", "rowCount": 1}, "timestamp": 1777889972892}
{"sessionId": "79f104", "runId": "pre-fix", "hypothesisId": "H4", "location": "Epos自動化測試工具3.0.py:check_and_process_invoice:start", "message": "Start process invoice", "data": {"companyId": "81695584", "invoiceNumber": "BP99618335", "currentUrl": "https://epos.einvoice.com.tw/UM0501"}, "timestamp": 1777889973624}
{"sessionId": "79f104", "runId": "pre-fix", "hypothesisId": "H1", "location": "Epos自動化測試工具3.0.py:query_invoice_rows:start", "message": "Start invoice query", "data": {"companyId": "81695584", "invoiceNumber": "BP99618335", "currentUrl": "https://epos.einvoice.com.tw/UM0501"}, "timestamp": 1777889973632}
{"sessionId": "79f104", "runId": "pre-fix", "hypothesisId": "H1", "location": "Epos自動化測試工具3.0.py:open_business_query_page", "message": "Opened business query page", "data": {"currentUrl": "https://epos.einvoice.com.tw/AS0102", "openedBizPage": true}, "timestamp": 1777889974559}
{"sessionId": "79f104", "runId": "pre-fix", "hypothesisId": "H3", "location": "Epos自動化測試工具3.0.py:query_invoice_rows:rows", "message": "Fetched invoice rows", "data": {"companyId": "81695584", "invoiceNumber": "BP99618335", "rowCount": 2, "rows": [[1, "開立", "小平台解析失敗"], [2, "開立", "大平台回覆成功"]]}, "timestamp": 1777889976277}
{"sessionId": "79f104", "runId": "pre-fix", "hypothesisId": "H3", "location": "Epos自動化測試工具3.0.py:check_and_process_invoice:decision", "message": "Decision for multi rows", "data": {"invoiceNumber": "BP99618335", "totalRows": 2, "failRows": 1, "reasons": ["小平台解析失敗", "大平台回覆成功"]}, "timestamp": 1777889976283}
{"sessionId": "79f104", "runId": "pre-fix", "hypothesisId": "H2", "location": "Epos自動化測試工具3.0.py:delete_invoice:start", "message": "Start delete invoice", "data": {"companyId": "81695584", "invoiceNumber": "BP99618335", "currentUrl": "https://epos.einvoice.com.tw/AS0102"}, "timestamp": 1777889976291}
{"sessionId": "79f104", "runId": "post-fix", "hypothesisId": "H2", "location": "Epos自動化測試工具3.0.py:open_ops_page:ready", "message": "Ops page ready", "data": {"currentUrl": "https://epos.einvoice.com.tw/UM0501", "openedOpsPage": true}, "timestamp": 1777889976984}
{"sessionId": "79f104", "runId": "pre-fix", "hypothesisId": "H2", "location": "Epos自動化測試工具3.0.py:delete_invoice:query_result", "message": "Delete page query result", "data": {"invoiceNumber": "BP99618335", "rowCount": 1}, "timestamp": 1777889977624}
{"sessionId": "79f104", "runId": "post-fix", "hypothesisId": "H5", "location": "Epos自動化測試工具3.0.py:write_invoice_data:success", "message": "Excel write success", "data": {"path": "D:\\D\\wilsonhuang\\Worktime\\python\\epos自動化測試工具3.0\\data\\EposError.xlsx", "rows": 2}, "timestamp": 1777889978395}
{"sessionId": "79f104", "runId": "pre-fix", "hypothesisId": "H4", "location": "Epos自動化測試工具3.0.py:check_and_process_invoice:start", "message": "Start process invoice", "data": {"companyId": "81726952", "invoiceNumber": "BM00878280", "currentUrl": "https://epos.einvoice.com.tw/UM0501"}, "timestamp": 1777889978405}
{"sessionId": "79f104", "runId": "pre-fix", "hypothesisId": "H1", "location": "Epos自動化測試工具3.0.py:query_invoice_rows:start", "message": "Start invoice query", "data": {"companyId": "81726952", "invoiceNumber": "BM00878280", "currentUrl": "https://epos.einvoice.com.tw/UM0501"}, "timestamp": 1777889978413}
{"sessionId": "79f104", "runId": "pre-fix", "hypothesisId": "H1", "location": "Epos自動化測試工具3.0.py:open_business_query_page", "message": "Opened business query page", "data": {"currentUrl": "https://epos.einvoice.com.tw/AS0102", "openedBizPage": true}, "timestamp": 1777889979186}
{"sessionId": "79f104", "runId": "pre-fix", "hypothesisId": "H3", "location": "Epos自動化測試工具3.0.py:query_invoice_rows:rows", "message": "Fetched invoice rows", "data": {"companyId": "81726952", "invoiceNumber": "BM00878280", "rowCount": 2, "rows": [[1, "開立", "大平台回覆成功"], [2, "開立", "小平台解析失敗"]]}, "timestamp": 1777889980858}
{"sessionId": "79f104", "runId": "pre-fix", "hypothesisId": "H3", "location": "Epos自動化測試工具3.0.py:check_and_process_invoice:decision", "message": "Decision for multi rows", "data": {"invoiceNumber": "BM00878280", "totalRows": 2, "failRows": 1, "reasons": ["大平台回覆成功", "小平台解析失敗"]}, "timestamp": 1777889980864}
{"sessionId": "79f104", "runId": "pre-fix", "hypothesisId": "H2", "location": "Epos自動化測試工具3.0.py:delete_invoice:start", "message": "Start delete invoice", "data": {"companyId": "81726952", "invoiceNumber": "BM00878280", "currentUrl": "https://epos.einvoice.com.tw/AS0102"}, "timestamp": 1777889980872}
{"sessionId": "79f104", "runId": "post-fix", "hypothesisId": "H2", "location": "Epos自動化測試工具3.0.py:open_ops_page:ready", "message": "Ops page ready", "data": {"currentUrl": "https://epos.einvoice.com.tw/UM0501", "openedOpsPage": true}, "timestamp": 1777889981582}
{"sessionId": "79f104", "runId": "pre-fix", "hypothesisId": "H2", "location": "Epos自動化測試工具3.0.py:delete_invoice:query_result", "message": "Delete page query result", "data": {"invoiceNumber": "BM00878280", "rowCount": 1}, "timestamp": 1777889982247}
{"sessionId": "79f104", "runId": "pre-fix", "hypothesisId": "H4", "location": "Epos自動化測試工具3.0.py:check_and_process_invoice:start", "message": "Start process invoice", "data": {"companyId": "90047759", "invoiceNumber": "BN11203000", "currentUrl": "https://epos.einvoice.com.tw/UM0501"}, "timestamp": 1777889982943}
{"sessionId": "79f104", "runId": "pre-fix", "hypothesisId": "H1", "location": "Epos自動化測試工具3.0.py:query_invoice_rows:start", "message": "Start invoice query", "data": {"companyId": "90047759", "invoiceNumber": "BN11203000", "currentUrl": "https://epos.einvoice.com.tw/UM0501"}, "timestamp": 1777889982952}
{"sessionId": "79f104", "runId": "pre-fix", "hypothesisId": "H1", "location": "Epos自動化測試工具3.0.py:open_business_query_page", "message": "Opened business query page", "data": {"currentUrl": "https://epos.einvoice.com.tw/AS0102", "openedBizPage": true}, "timestamp": 1777889983887}
{"sessionId": "79f104", "runId": "pre-fix", "hypothesisId": "H3", "location": "Epos自動化測試工具3.0.py:query_invoice_rows:rows", "message": "Fetched invoice rows", "data": {"companyId": "90047759", "invoiceNumber": "BN11203000", "rowCount": 2, "rows": [[1, "開立", "大平台回覆成功"], [2, "開立", "小平台解析失敗"]]}, "timestamp": 1777889985568}
{"sessionId": "79f104", "runId": "pre-fix", "hypothesisId": "H3", "location": "Epos自動化測試工具3.0.py:check_and_process_invoice:decision", "message": "Decision for multi rows", "data": {"invoiceNumber": "BN11203000", "totalRows": 2, "failRows": 1, "reasons": ["大平台回覆成功", "小平台解析失敗"]}, "timestamp": 1777889985575}
{"sessionId": "79f104", "runId": "pre-fix", "hypothesisId": "H2", "location": "Epos自動化測試工具3.0.py:delete_invoice:start", "message": "Start delete invoice", "data": {"companyId": "90047759", "invoiceNumber": "BN11203000", "currentUrl": "https://epos.einvoice.com.tw/AS0102"}, "timestamp": 1777889985583}
{"sessionId": "79f104", "runId": "post-fix", "hypothesisId": "H2", "location": "Epos自動化測試工具3.0.py:open_ops_page:ready", "message": "Ops page ready", "data": {"currentUrl": "https://epos.einvoice.com.tw/UM0501", "openedOpsPage": true}, "timestamp": 1777889986308}
{"sessionId": "79f104", "runId": "pre-fix", "hypothesisId": "H2", "location": "Epos自動化測試工具3.0.py:delete_invoice:query_result", "message": "Delete page query result", "data": {"invoiceNumber": "BN11203000", "rowCount": 1}, "timestamp": 1777889987093}
{"sessionId": "79f104", "runId": "post-fix", "hypothesisId": "H5", "location": "Epos自動化測試工具3.0.py:write_invoice_data:success", "message": "Excel write success", "data": {"path": "D:\\D\\wilsonhuang\\Worktime\\python\\epos自動化測試工具3.0\\data\\EposError.xlsx", "rows": 0}, "timestamp": 1777889987910}
{"sessionId": "79f104", "runId": "pre-fix", "hypothesisId": "H4", "location": "Epos自動化測試工具3.0.py:check_and_process_invoice:start", "message": "Start process invoice", "data": {"companyId": "54598292", "invoiceNumber": "BD38818854", "currentUrl": "https://epos.einvoice.com.tw/Welcome"}, "timestamp": 1778038950127}
{"sessionId": "79f104", "runId": "pre-fix", "hypothesisId": "H1", "location": "Epos自動化測試工具3.0.py:query_invoice_rows:start", "message": "Start invoice query", "data": {"companyId": "54598292", "invoiceNumber": "BD38818854", "currentUrl": "https://epos.einvoice.com.tw/Welcome"}, "timestamp": 1778038950158}
{"sessionId": "79f104", "runId": "pre-fix", "hypothesisId": "H1", "location": "Epos自動化測試工具3.0.py:open_business_query_page", "message": "Opened business query page", "data": {"currentUrl": "https://epos.einvoice.com.tw/AS0102", "openedBizPage": true}, "timestamp": 1778038950480}
{"sessionId": "79f104", "runId": "pre-fix", "hypothesisId": "H3", "location": "Epos自動化測試工具3.0.py:query_invoice_rows:rows", "message": "Fetched invoice rows", "data": {"companyId": "54598292", "invoiceNumber": "BD38818854", "rowCount": 2, "rows": [[1, "開立", "大平台回覆成功"], [2, "開立", "小平台解析失敗"]]}, "timestamp": 1778038952228}
{"sessionId": "79f104", "runId": "pre-fix", "hypothesisId": "H3", "location": "Epos自動化測試工具3.0.py:check_and_process_invoice:decision", "message": "Decision for multi rows", "data": {"invoiceNumber": "BD38818854", "totalRows": 2, "failRows": 1, "reasons": ["大平台回覆成功", "小平台解析失敗"]}, "timestamp": 1778038952235}
{"sessionId": "79f104", "runId": "pre-fix", "hypothesisId": "H2", "location": "Epos自動化測試工具3.0.py:delete_invoice:start", "message": "Start delete invoice", "data": {"companyId": "54598292", "invoiceNumber": "BD38818854", "currentUrl": "https://epos.einvoice.com.tw/AS0102"}, "timestamp": 1778038952243}
{"sessionId": "79f104", "runId": "post-fix", "hypothesisId": "H2", "location": "Epos自動化測試工具3.0.py:open_ops_page:ready", "message": "Ops page ready", "data": {"currentUrl": "https://epos.einvoice.com.tw/UM0501", "openedOpsPage": true}, "timestamp": 1778038952946}
{"sessionId": "79f104", "runId": "pre-fix", "hypothesisId": "H2", "location": "Epos自動化測試工具3.0.py:delete_invoice:query_result", "message": "Delete page query result", "data": {"invoiceNumber": "BD38818854", "rowCount": 1}, "timestamp": 1778038953653}
{"sessionId": "79f104", "runId": "pre-fix", "hypothesisId": "H4", "location": "Epos自動化測試工具3.0.py:check_and_process_invoice:start", "message": "Start process invoice", "data": {"companyId": "60927325", "invoiceNumber": "BR91349612", "currentUrl": "https://epos.einvoice.com.tw/UM0501"}, "timestamp": 1778038954390}
{"sessionId": "79f104", "runId": "pre-fix", "hypothesisId": "H1", "location": "Epos自動化測試工具3.0.py:query_invoice_rows:start", "message": "Start invoice query", "data": {"companyId": "60927325", "invoiceNumber": "BR91349612", "currentUrl": "https://epos.einvoice.com.tw/UM0501"}, "timestamp": 1778038954401}
{"sessionId": "79f104", "runId": "pre-fix", "hypothesisId": "H1", "location": "Epos自動化測試工具3.0.py:open_business_query_page", "message": "Opened business query page", "data": {"currentUrl": "https://epos.einvoice.com.tw/AS0102", "openedBizPage": true}, "timestamp": 1778038955360}
{"sessionId": "79f104", "runId": "pre-fix", "hypothesisId": "H3", "location": "Epos自動化測試工具3.0.py:query_invoice_rows:rows", "message": "Fetched invoice rows", "data": {"companyId": "60927325", "invoiceNumber": "BR91349612", "rowCount": 2, "rows": [[1, "開立", "小平台解析失敗"], [2, "開立", "大平台回覆成功"]]}, "timestamp": 1778038957080}
{"sessionId": "79f104", "runId": "pre-fix", "hypothesisId": "H3", "location": "Epos自動化測試工具3.0.py:check_and_process_invoice:decision", "message": "Decision for multi rows", "data": {"invoiceNumber": "BR91349612", "totalRows": 2, "failRows": 1, "reasons": ["小平台解析失敗", "大平台回覆成功"]}, "timestamp": 1778038957086}
{"sessionId": "79f104", "runId": "pre-fix", "hypothesisId": "H2", "location": "Epos自動化測試工具3.0.py:delete_invoice:start", "message": "Start delete invoice", "data": {"companyId": "60927325", "invoiceNumber": "BR91349612", "currentUrl": "https://epos.einvoice.com.tw/AS0102"}, "timestamp": 1778038957098}
{"sessionId": "79f104", "runId": "post-fix", "hypothesisId": "H2", "location": "Epos自動化測試工具3.0.py:open_ops_page:ready", "message": "Ops page ready", "data": {"currentUrl": "https://epos.einvoice.com.tw/UM0501", "openedOpsPage": true}, "timestamp": 1778038957774}
{"sessionId": "79f104", "runId": "pre-fix", "hypothesisId": "H2", "location": "Epos自動化測試工具3.0.py:delete_invoice:query_result", "message": "Delete page query result", "data": {"invoiceNumber": "BR91349612", "rowCount": 1}, "timestamp": 1778038958469}
{"sessionId": "79f104", "runId": "pre-fix", "hypothesisId": "H4", "location": "Epos自動化測試工具3.0.py:check_and_process_invoice:start", "message": "Start process invoice", "data": {"companyId": "83843132", "invoiceNumber": "BJ80460953", "currentUrl": "https://epos.einvoice.com.tw/UM0501"}, "timestamp": 1778038959231}
{"sessionId": "79f104", "runId": "pre-fix", "hypothesisId": "H1", "location": "Epos自動化測試工具3.0.py:query_invoice_rows:start", "message": "Start invoice query", "data": {"companyId": "83843132", "invoiceNumber": "BJ80460953", "currentUrl": "https://epos.einvoice.com.tw/UM0501"}, "timestamp": 1778038959243}
{"sessionId": "79f104", "runId": "pre-fix", "hypothesisId": "H1", "location": "Epos自動化測試工具3.0.py:open_business_query_page", "message": "Opened business query page", "data": {"currentUrl": "https://epos.einvoice.com.tw/AS0102", "openedBizPage": true}, "timestamp": 1778038960158}
{"sessionId": "79f104", "runId": "pre-fix", "hypothesisId": "H3", "location": "Epos自動化測試工具3.0.py:query_invoice_rows:rows", "message": "Fetched invoice rows", "data": {"companyId": "83843132", "invoiceNumber": "BJ80460953", "rowCount": 2, "rows": [[1, "開立", "小平台解析失敗"], [2, "開立", "大平台回覆成功"]]}, "timestamp": 1778038961919}
{"sessionId": "79f104", "runId": "pre-fix", "hypothesisId": "H3", "location": "Epos自動化測試工具3.0.py:check_and_process_invoice:decision", "message": "Decision for multi rows", "data": {"invoiceNumber": "BJ80460953", "totalRows": 2, "failRows": 1, "reasons": ["小平台解析失敗", "大平台回覆成功"]}, "timestamp": 1778038961925}
{"sessionId": "79f104", "runId": "pre-fix", "hypothesisId": "H2", "location": "Epos自動化測試工具3.0.py:delete_invoice:start", "message": "Start delete invoice", "data": {"companyId": "83843132", "invoiceNumber": "BJ80460953", "currentUrl": "https://epos.einvoice.com.tw/AS0102"}, "timestamp": 1778038961935}
{"sessionId": "79f104", "runId": "post-fix", "hypothesisId": "H2", "location": "Epos自動化測試工具3.0.py:open_ops_page:ready", "message": "Ops page ready", "data": {"currentUrl": "https://epos.einvoice.com.tw/UM0501", "openedOpsPage": true}, "timestamp": 1778038962595}
{"sessionId": "79f104", "runId": "pre-fix", "hypothesisId": "H2", "location": "Epos自動化測試工具3.0.py:delete_invoice:query_result", "message": "Delete page query result", "data": {"invoiceNumber": "BJ80460953", "rowCount": 1}, "timestamp": 1778038963309}
{"sessionId": "79f104", "runId": "pre-fix", "hypothesisId": "H4", "location": "Epos自動化測試工具3.0.py:check_and_process_invoice:start", "message": "Start process invoice", "data": {"companyId": "83843132", "invoiceNumber": "BJ80460950", "currentUrl": "https://epos.einvoice.com.tw/UM0501"}, "timestamp": 1778038964522}
{"sessionId": "79f104", "runId": "pre-fix", "hypothesisId": "H1", "location": "Epos自動化測試工具3.0.py:query_invoice_rows:start", "message": "Start invoice query", "data": {"companyId": "83843132", "invoiceNumber": "BJ80460950", "currentUrl": "https://epos.einvoice.com.tw/UM0501"}, "timestamp": 1778038964532}
{"sessionId": "79f104", "runId": "pre-fix", "hypothesisId": "H1", "location": "Epos自動化測試工具3.0.py:open_business_query_page", "message": "Opened business query page", "data": {"currentUrl": "https://epos.einvoice.com.tw/AS0102", "openedBizPage": true}, "timestamp": 1778038965425}
{"sessionId": "79f104", "runId": "pre-fix", "hypothesisId": "H3", "location": "Epos自動化測試工具3.0.py:query_invoice_rows:rows", "message": "Fetched invoice rows", "data": {"companyId": "83843132", "invoiceNumber": "BJ80460950", "rowCount": 2, "rows": [[1, "開立", "大平台回覆成功"], [2, "開立", "小平台解析失敗"]]}, "timestamp": 1778038967090}
{"sessionId": "79f104", "runId": "pre-fix", "hypothesisId": "H3", "location": "Epos自動化測試工具3.0.py:check_and_process_invoice:decision", "message": "Decision for multi rows", "data": {"invoiceNumber": "BJ80460950", "totalRows": 2, "failRows": 1, "reasons": ["大平台回覆成功", "小平台解析失敗"]}, "timestamp": 1778038967098}
{"sessionId": "79f104", "runId": "pre-fix", "hypothesisId": "H2", "location": "Epos自動化測試工具3.0.py:delete_invoice:start", "message": "Start delete invoice", "data": {"companyId": "83843132", "invoiceNumber": "BJ80460950", "currentUrl": "https://epos.einvoice.com.tw/AS0102"}, "timestamp": 1778038967108}
{"sessionId": "79f104", "runId": "post-fix", "hypothesisId": "H2", "location": "Epos自動化測試工具3.0.py:open_ops_page:ready", "message": "Ops page ready", "data": {"currentUrl": "https://epos.einvoice.com.tw/UM0501", "openedOpsPage": true}, "timestamp": 1778038967803}
{"sessionId": "79f104", "runId": "pre-fix", "hypothesisId": "H2", "location": "Epos自動化測試工具3.0.py:delete_invoice:query_result", "message": "Delete page query result", "data": {"invoiceNumber": "BJ80460950", "rowCount": 1}, "timestamp": 1778038968499}
{"sessionId": "79f104", "runId": "pre-fix", "hypothesisId": "H4", "location": "Epos自動化測試工具3.0.py:check_and_process_invoice:start", "message": "Start process invoice", "data": {"companyId": "83843132", "invoiceNumber": "BJ80460941", "currentUrl": "https://epos.einvoice.com.tw/UM0501"}, "timestamp": 1778038969721}
{"sessionId": "79f104", "runId": "pre-fix", "hypothesisId": "H1", "location": "Epos自動化測試工具3.0.py:query_invoice_rows:start", "message": "Start invoice query", "data": {"companyId": "83843132", "invoiceNumber": "BJ80460941", "currentUrl": "https://epos.einvoice.com.tw/UM0501"}, "timestamp": 1778038969729}
{"sessionId": "79f104", "runId": "pre-fix", "hypothesisId": "H1", "location": "Epos自動化測試工具3.0.py:open_business_query_page", "message": "Opened business query page", "data": {"currentUrl": "https://epos.einvoice.com.tw/AS0102", "openedBizPage": true}, "timestamp": 1778038970635}
{"sessionId": "79f104", "runId": "pre-fix", "hypothesisId": "H3", "location": "Epos自動化測試工具3.0.py:query_invoice_rows:rows", "message": "Fetched invoice rows", "data": {"companyId": "83843132", "invoiceNumber": "BJ80460941", "rowCount": 2, "rows": [[1, "開立", "小平台解析失敗"], [2, "開立", "大平台回覆成功"]]}, "timestamp": 1778038972304}
{"sessionId": "79f104", "runId": "pre-fix", "hypothesisId": "H3", "location": "Epos自動化測試工具3.0.py:check_and_process_invoice:decision", "message": "Decision for multi rows", "data": {"invoiceNumber": "BJ80460941", "totalRows": 2, "failRows": 1, "reasons": ["小平台解析失敗", "大平台回覆成功"]}, "timestamp": 1778038972310}
{"sessionId": "79f104", "runId": "pre-fix", "hypothesisId": "H2", "location": "Epos自動化測試工具3.0.py:delete_invoice:start", "message": "Start delete invoice", "data": {"companyId": "83843132", "invoiceNumber": "BJ80460941", "currentUrl": "https://epos.einvoice.com.tw/AS0102"}, "timestamp": 1778038972317}
{"sessionId": "79f104", "runId": "post-fix", "hypothesisId": "H2", "location": "Epos自動化測試工具3.0.py:open_ops_page:ready", "message": "Ops page ready", "data": {"currentUrl": "https://epos.einvoice.com.tw/UM0501", "openedOpsPage": true}, "timestamp": 1778038972966}
{"sessionId": "79f104", "runId": "pre-fix", "hypothesisId": "H2", "location": "Epos自動化測試工具3.0.py:delete_invoice:query_result", "message": "Delete page query result", "data": {"invoiceNumber": "BJ80460941", "rowCount": 1}, "timestamp": 1778038973623}
{"sessionId": "79f104", "runId": "post-fix", "hypothesisId": "H5", "location": "Epos自動化測試工具3.0.py:write_invoice_data:success", "message": "Excel write success", "data": {"path": "D:\\D\\wilsonhuang\\Worktime\\python\\epos自動化測試工具3.0\\data\\EposError.xlsx", "rows": 49}, "timestamp": 1778038978503}
{"sessionId": "79f104", "runId": "pre-fix", "hypothesisId": "H4", "location": "Epos自動化測試工具3.0.py:check_and_process_invoice:start", "message": "Start process invoice", "data": {"companyId": "83843132", "invoiceNumber": "BJ80460945", "currentUrl": "https://epos.einvoice.com.tw/UM0501"}, "timestamp": 1778038978511}
{"sessionId": "79f104", "runId": "pre-fix", "hypothesisId": "H1", "location": "Epos自動化測試工具3.0.py:query_invoice_rows:start", "message": "Start invoice query", "data": {"companyId": "83843132", "invoiceNumber": "BJ80460945", "currentUrl": "https://epos.einvoice.com.tw/UM0501"}, "timestamp": 1778038978518}
{"sessionId": "79f104", "runId": "pre-fix", "hypothesisId": "H1", "location": "Epos自動化測試工具3.0.py:open_business_query_page", "message": "Opened business query page", "data": {"currentUrl": "https://epos.einvoice.com.tw/AS0102", "openedBizPage": true}, "timestamp": 1778038979213}
{"sessionId": "79f104", "runId": "pre-fix", "hypothesisId": "H3", "location": "Epos自動化測試工具3.0.py:query_invoice_rows:rows", "message": "Fetched invoice rows", "data": {"companyId": "83843132", "invoiceNumber": "BJ80460945", "rowCount": 2, "rows": [[1, "開立", "大平台回覆成功"], [2, "開立", "小平台解析失敗"]]}, "timestamp": 1778038980977}
{"sessionId": "79f104", "runId": "pre-fix", "hypothesisId": "H3", "location": "Epos自動化測試工具3.0.py:check_and_process_invoice:decision", "message": "Decision for multi rows", "data": {"invoiceNumber": "BJ80460945", "totalRows": 2, "failRows": 1, "reasons": ["大平台回覆成功", "小平台解析失敗"]}, "timestamp": 1778038980986}
{"sessionId": "79f104", "runId": "pre-fix", "hypothesisId": "H2", "location": "Epos自動化測試工具3.0.py:delete_invoice:start", "message": "Start delete invoice", "data": {"companyId": "83843132", "invoiceNumber": "BJ80460945", "currentUrl": "https://epos.einvoice.com.tw/AS0102"}, "timestamp": 1778038980997}
{"sessionId": "79f104", "runId": "post-fix", "hypothesisId": "H2", "location": "Epos自動化測試工具3.0.py:open_ops_page:ready", "message": "Ops page ready", "data": {"currentUrl": "https://epos.einvoice.com.tw/UM0501", "openedOpsPage": true}, "timestamp": 1778038981708}
{"sessionId": "79f104", "runId": "pre-fix", "hypothesisId": "H2", "location": "Epos自動化測試工具3.0.py:delete_invoice:query_result", "message": "Delete page query result", "data": {"invoiceNumber": "BJ80460945", "rowCount": 1}, "timestamp": 1778038982385}
{"sessionId": "79f104", "runId": "pre-fix", "hypothesisId": "H4", "location": "Epos自動化測試工具3.0.py:check_and_process_invoice:start", "message": "Start process invoice", "data": {"companyId": "83843132", "invoiceNumber": "BJ80460933", "currentUrl": "https://epos.einvoice.com.tw/UM0501"}, "timestamp": 1778038983107}
{"sessionId": "79f104", "runId": "pre-fix", "hypothesisId": "H1", "location": "Epos自動化測試工具3.0.py:query_invoice_rows:start", "message": "Start invoice query", "data": {"companyId": "83843132", "invoiceNumber": "BJ80460933", "currentUrl": "https://epos.einvoice.com.tw/UM0501"}, "timestamp": 1778038983120}
{"sessionId": "79f104", "runId": "pre-fix", "hypothesisId": "H1", "location": "Epos自動化測試工具3.0.py:open_business_query_page", "message": "Opened business query page", "data": {"currentUrl": "https://epos.einvoice.com.tw/AS0102", "openedBizPage": true}, "timestamp": 1778038984018}
{"sessionId": "79f104", "runId": "pre-fix", "hypothesisId": "H3", "location": "Epos自動化測試工具3.0.py:query_invoice_rows:rows", "message": "Fetched invoice rows", "data": {"companyId": "83843132", "invoiceNumber": "BJ80460933", "rowCount": 2, "rows": [[1, "開立", "大平台回覆成功"], [2, "開立", "小平台解析失敗"]]}, "timestamp": 1778038985784}
{"sessionId": "79f104", "runId": "pre-fix", "hypothesisId": "H3", "location": "Epos自動化測試工具3.0.py:check_and_process_invoice:decision", "message": "Decision for multi rows", "data": {"invoiceNumber": "BJ80460933", "totalRows": 2, "failRows": 1, "reasons": ["大平台回覆成功", "小平台解析失敗"]}, "timestamp": 1778038985790}
{"sessionId": "79f104", "runId": "pre-fix", "hypothesisId": "H2", "location": "Epos自動化測試工具3.0.py:delete_invoice:start", "message": "Start delete invoice", "data": {"companyId": "83843132", "invoiceNumber": "BJ80460933", "currentUrl": "https://epos.einvoice.com.tw/AS0102"}, "timestamp": 1778038985798}
{"sessionId": "79f104", "runId": "post-fix", "hypothesisId": "H2", "location": "Epos自動化測試工具3.0.py:open_ops_page:ready", "message": "Ops page ready", "data": {"currentUrl": "https://epos.einvoice.com.tw/UM0501", "openedOpsPage": true}, "timestamp": 1778038986461}
{"sessionId": "79f104", "runId": "pre-fix", "hypothesisId": "H2", "location": "Epos自動化測試工具3.0.py:delete_invoice:query_result", "message": "Delete page query result", "data": {"invoiceNumber": "BJ80460933", "rowCount": 1}, "timestamp": 1778038987133}
{"sessionId": "79f104", "runId": "pre-fix", "hypothesisId": "H4", "location": "Epos自動化測試工具3.0.py:check_and_process_invoice:start", "message": "Start process invoice", "data": {"companyId": "83843132", "invoiceNumber": "BJ80460934", "currentUrl": "https://epos.einvoice.com.tw/UM0501"}, "timestamp": 1778038989370}
{"sessionId": "79f104", "runId": "pre-fix", "hypothesisId": "H1", "location": "Epos自動化測試工具3.0.py:query_invoice_rows:start", "message": "Start invoice query", "data": {"companyId": "83843132", "invoiceNumber": "BJ80460934", "currentUrl": "https://epos.einvoice.com.tw/UM0501"}, "timestamp": 1778038989378}
{"sessionId": "79f104", "runId": "pre-fix", "hypothesisId": "H1", "location": "Epos自動化測試工具3.0.py:open_business_query_page", "message": "Opened business query page", "data": {"currentUrl": "https://epos.einvoice.com.tw/AS0102", "openedBizPage": true}, "timestamp": 1778038990289}
{"sessionId": "79f104", "runId": "pre-fix", "hypothesisId": "H3", "location": "Epos自動化測試工具3.0.py:query_invoice_rows:rows", "message": "Fetched invoice rows", "data": {"companyId": "83843132", "invoiceNumber": "BJ80460934", "rowCount": 2, "rows": [[1, "開立", "大平台回覆成功"], [2, "開立", "小平台解析失敗"]]}, "timestamp": 1778038991974}
{"sessionId": "79f104", "runId": "pre-fix", "hypothesisId": "H3", "location": "Epos自動化測試工具3.0.py:check_and_process_invoice:decision", "message": "Decision for multi rows", "data": {"invoiceNumber": "BJ80460934", "totalRows": 2, "failRows": 1, "reasons": ["大平台回覆成功", "小平台解析失敗"]}, "timestamp": 1778038991982}
{"sessionId": "79f104", "runId": "pre-fix", "hypothesisId": "H2", "location": "Epos自動化測試工具3.0.py:delete_invoice:start", "message": "Start delete invoice", "data": {"companyId": "83843132", "invoiceNumber": "BJ80460934", "currentUrl": "https://epos.einvoice.com.tw/AS0102"}, "timestamp": 1778038991988}
{"sessionId": "79f104", "runId": "post-fix", "hypothesisId": "H2", "location": "Epos自動化測試工具3.0.py:open_ops_page:ready", "message": "Ops page ready", "data": {"currentUrl": "https://epos.einvoice.com.tw/UM0501", "openedOpsPage": true}, "timestamp": 1778038992690}
{"sessionId": "79f104", "runId": "pre-fix", "hypothesisId": "H2", "location": "Epos自動化測試工具3.0.py:delete_invoice:query_result", "message": "Delete page query result", "data": {"invoiceNumber": "BJ80460934", "rowCount": 1}, "timestamp": 1778038993366}
{"sessionId": "79f104", "runId": "pre-fix", "hypothesisId": "H4", "location": "Epos自動化測試工具3.0.py:check_and_process_invoice:start", "message": "Start process invoice", "data": {"companyId": "83843132", "invoiceNumber": "BJ80460937", "currentUrl": "https://epos.einvoice.com.tw/UM0501"}, "timestamp": 1778038994132}
{"sessionId": "79f104", "runId": "pre-fix", "hypothesisId": "H1", "location": "Epos自動化測試工具3.0.py:query_invoice_rows:start", "message": "Start invoice query", "data": {"companyId": "83843132", "invoiceNumber": "BJ80460937", "currentUrl": "https://epos.einvoice.com.tw/UM0501"}, "timestamp": 1778038994151}
{"sessionId": "79f104", "runId": "pre-fix", "hypothesisId": "H1", "location": "Epos自動化測試工具3.0.py:open_business_query_page", "message": "Opened business query page", "data": {"currentUrl": "https://epos.einvoice.com.tw/AS0102", "openedBizPage": true}, "timestamp": 1778038995002}
{"sessionId": "79f104", "runId": "pre-fix", "hypothesisId": "H3", "location": "Epos自動化測試工具3.0.py:query_invoice_rows:rows", "message": "Fetched invoice rows", "data": {"companyId": "83843132", "invoiceNumber": "BJ80460937", "rowCount": 2, "rows": [[1, "開立", "小平台解析失敗"], [2, "開立", "大平台回覆成功"]]}, "timestamp": 1778038996748}
{"sessionId": "79f104", "runId": "pre-fix", "hypothesisId": "H3", "location": "Epos自動化測試工具3.0.py:check_and_process_invoice:decision", "message": "Decision for multi rows", "data": {"invoiceNumber": "BJ80460937", "totalRows": 2, "failRows": 1, "reasons": ["小平台解析失敗", "大平台回覆成功"]}, "timestamp": 1778038996757}
{"sessionId": "79f104", "runId": "pre-fix", "hypothesisId": "H2", "location": "Epos自動化測試工具3.0.py:delete_invoice:start", "message": "Start delete invoice", "data": {"companyId": "83843132", "invoiceNumber": "BJ80460937", "currentUrl": "https://epos.einvoice.com.tw/AS0102"}, "timestamp": 1778038996764}
{"sessionId": "79f104", "runId": "post-fix", "hypothesisId": "H2", "location": "Epos自動化測試工具3.0.py:open_ops_page:ready", "message": "Ops page ready", "data": {"currentUrl": "https://epos.einvoice.com.tw/UM0501", "openedOpsPage": true}, "timestamp": 1778038997444}
{"sessionId": "79f104", "runId": "pre-fix", "hypothesisId": "H2", "location": "Epos自動化測試工具3.0.py:delete_invoice:query_result", "message": "Delete page query result", "data": {"invoiceNumber": "BJ80460937", "rowCount": 1}, "timestamp": 1778038998114}
{"sessionId": "79f104", "runId": "pre-fix", "hypothesisId": "H4", "location": "Epos自動化測試工具3.0.py:check_and_process_invoice:start", "message": "Start process invoice", "data": {"companyId": "83843132", "invoiceNumber": "BJ80460928", "currentUrl": "https://epos.einvoice.com.tw/UM0501"}, "timestamp": 1778038998844}
{"sessionId": "79f104", "runId": "pre-fix", "hypothesisId": "H1", "location": "Epos自動化測試工具3.0.py:query_invoice_rows:start", "message": "Start invoice query", "data": {"companyId": "83843132", "invoiceNumber": "BJ80460928", "currentUrl": "https://epos.einvoice.com.tw/UM0501"}, "timestamp": 1778038998858}
{"sessionId": "79f104", "runId": "pre-fix", "hypothesisId": "H1", "location": "Epos自動化測試工具3.0.py:open_business_query_page", "message": "Opened business query page", "data": {"currentUrl": "https://epos.einvoice.com.tw/AS0102", "openedBizPage": true}, "timestamp": 1778038999771}
{"sessionId": "79f104", "runId": "pre-fix", "hypothesisId": "H3", "location": "Epos自動化測試工具3.0.py:query_invoice_rows:rows", "message": "Fetched invoice rows", "data": {"companyId": "83843132", "invoiceNumber": "BJ80460928", "rowCount": 2, "rows": [[1, "開立", "大平台回覆成功"], [2, "開立", "小平台解析失敗"]]}, "timestamp": 1778039001454}
{"sessionId": "79f104", "runId": "pre-fix", "hypothesisId": "H3", "location": "Epos自動化測試工具3.0.py:check_and_process_invoice:decision", "message": "Decision for multi rows", "data": {"invoiceNumber": "BJ80460928", "totalRows": 2, "failRows": 1, "reasons": ["大平台回覆成功", "小平台解析失敗"]}, "timestamp": 1778039001462}
{"sessionId": "79f104", "runId": "pre-fix", "hypothesisId": "H2", "location": "Epos自動化測試工具3.0.py:delete_invoice:start", "message": "Start delete invoice", "data": {"companyId": "83843132", "invoiceNumber": "BJ80460928", "currentUrl": "https://epos.einvoice.com.tw/AS0102"}, "timestamp": 1778039001469}
{"sessionId": "79f104", "runId": "post-fix", "hypothesisId": "H2", "location": "Epos自動化測試工具3.0.py:open_ops_page:ready", "message": "Ops page ready", "data": {"currentUrl": "https://epos.einvoice.com.tw/UM0501", "openedOpsPage": true}, "timestamp": 1778039002127}
{"sessionId": "79f104", "runId": "pre-fix", "hypothesisId": "H2", "location": "Epos自動化測試工具3.0.py:delete_invoice:query_result", "message": "Delete page query result", "data": {"invoiceNumber": "BJ80460928", "rowCount": 1}, "timestamp": 1778039002817}
{"sessionId": "79f104", "runId": "post-fix", "hypothesisId": "H5", "location": "Epos自動化測試工具3.0.py:write_invoice_data:success", "message": "Excel write success", "data": {"path": "D:\\D\\wilsonhuang\\Worktime\\python\\epos自動化測試工具3.0\\data\\EposError.xlsx", "rows": 44}, "timestamp": 1778039003637}
{"sessionId": "79f104", "runId": "pre-fix", "hypothesisId": "H4", "location": "Epos自動化測試工具3.0.py:check_and_process_invoice:start", "message": "Start process invoice", "data": {"companyId": "83843132", "invoiceNumber": "BJ80460923", "currentUrl": "https://epos.einvoice.com.tw/UM0501"}, "timestamp": 1778039003646}
{"sessionId": "79f104", "runId": "pre-fix", "hypothesisId": "H1", "location": "Epos自動化測試工具3.0.py:query_invoice_rows:start", "message": "Start invoice query", "data": {"companyId": "83843132", "invoiceNumber": "BJ80460923", "currentUrl": "https://epos.einvoice.com.tw/UM0501"}, "timestamp": 1778039003654}
{"sessionId": "79f104", "runId": "pre-fix", "hypothesisId": "H1", "location": "Epos自動化測試工具3.0.py:open_business_query_page", "message": "Opened business query page", "data": {"currentUrl": "https://epos.einvoice.com.tw/AS0102", "openedBizPage": true}, "timestamp": 1778039004432}
{"sessionId": "79f104", "runId": "pre-fix", "hypothesisId": "H3", "location": "Epos自動化測試工具3.0.py:query_invoice_rows:rows", "message": "Fetched invoice rows", "data": {"companyId": "83843132", "invoiceNumber": "BJ80460923", "rowCount": 2, "rows": [[1, "開立", "小平台解析失敗"], [2, "開立", "大平台回覆成功"]]}, "timestamp": 1778039006108}
{"sessionId": "79f104", "runId": "pre-fix", "hypothesisId": "H3", "location": "Epos自動化測試工具3.0.py:check_and_process_invoice:decision", "message": "Decision for multi rows", "data": {"invoiceNumber": "BJ80460923", "totalRows": 2, "failRows": 1, "reasons": ["小平台解析失敗", "大平台回覆成功"]}, "timestamp": 1778039006118}
{"sessionId": "79f104", "runId": "pre-fix", "hypothesisId": "H2", "location": "Epos自動化測試工具3.0.py:delete_invoice:start", "message": "Start delete invoice", "data": {"companyId": "83843132", "invoiceNumber": "BJ80460923", "currentUrl": "https://epos.einvoice.com.tw/AS0102"}, "timestamp": 1778039006125}
{"sessionId": "79f104", "runId": "post-fix", "hypothesisId": "H2", "location": "Epos自動化測試工具3.0.py:open_ops_page:ready", "message": "Ops page ready", "data": {"currentUrl": "https://epos.einvoice.com.tw/UM0501", "openedOpsPage": true}, "timestamp": 1778039006839}
{"sessionId": "79f104", "runId": "pre-fix", "hypothesisId": "H2", "location": "Epos自動化測試工具3.0.py:delete_invoice:query_result", "message": "Delete page query result", "data": {"invoiceNumber": "BJ80460923", "rowCount": 1}, "timestamp": 1778039007533}
{"sessionId": "79f104", "runId": "pre-fix", "hypothesisId": "H4", "location": "Epos自動化測試工具3.0.py:check_and_process_invoice:start", "message": "Start process invoice", "data": {"companyId": "83843132", "invoiceNumber": "BJ80460920", "currentUrl": "https://epos.einvoice.com.tw/UM0501"}, "timestamp": 1778039008240}
{"sessionId": "79f104", "runId": "pre-fix", "hypothesisId": "H1", "location": "Epos自動化測試工具3.0.py:query_invoice_rows:start", "message": "Start invoice query", "data": {"companyId": "83843132", "invoiceNumber": "BJ80460920", "currentUrl": "https://epos.einvoice.com.tw/UM0501"}, "timestamp": 1778039008256}
{"sessionId": "79f104", "runId": "pre-fix", "hypothesisId": "H1", "location": "Epos自動化測試工具3.0.py:open_business_query_page", "message": "Opened business query page", "data": {"currentUrl": "https://epos.einvoice.com.tw/AS0102", "openedBizPage": true}, "timestamp": 1778039009182}
{"sessionId": "79f104", "runId": "pre-fix", "hypothesisId": "H3", "location": "Epos自動化測試工具3.0.py:query_invoice_rows:rows", "message": "Fetched invoice rows", "data": {"companyId": "83843132", "invoiceNumber": "BJ80460920", "rowCount": 2, "rows": [[1, "開立", "小平台解析失敗"], [2, "開立", "大平台回覆成功"]]}, "timestamp": 1778039010877}
{"sessionId": "79f104", "runId": "pre-fix", "hypothesisId": "H3", "location": "Epos自動化測試工具3.0.py:check_and_process_invoice:decision", "message": "Decision for multi rows", "data": {"invoiceNumber": "BJ80460920", "totalRows": 2, "failRows": 1, "reasons": ["小平台解析失敗", "大平台回覆成功"]}, "timestamp": 1778039010882}
{"sessionId": "79f104", "runId": "pre-fix", "hypothesisId": "H2", "location": "Epos自動化測試工具3.0.py:delete_invoice:start", "message": "Start delete invoice", "data": {"companyId": "83843132", "invoiceNumber": "BJ80460920", "currentUrl": "https://epos.einvoice.com.tw/AS0102"}, "timestamp": 1778039010890}
{"sessionId": "79f104", "runId": "post-fix", "hypothesisId": "H2", "location": "Epos自動化測試工具3.0.py:open_ops_page:ready", "message": "Ops page ready", "data": {"currentUrl": "https://epos.einvoice.com.tw/UM0501", "openedOpsPage": true}, "timestamp": 1778039011534}
{"sessionId": "79f104", "runId": "pre-fix", "hypothesisId": "H2", "location": "Epos自動化測試工具3.0.py:delete_invoice:query_result", "message": "Delete page query result", "data": {"invoiceNumber": "BJ80460920", "rowCount": 1}, "timestamp": 1778039012199}
{"sessionId": "79f104", "runId": "pre-fix", "hypothesisId": "H4", "location": "Epos自動化測試工具3.0.py:check_and_process_invoice:start", "message": "Start process invoice", "data": {"companyId": "83843132", "invoiceNumber": "BJ80460926", "currentUrl": "https://epos.einvoice.com.tw/UM0501"}, "timestamp": 1778039012930}
{"sessionId": "79f104", "runId": "pre-fix", "hypothesisId": "H1", "location": "Epos自動化測試工具3.0.py:query_invoice_rows:start", "message": "Start invoice query", "data": {"companyId": "83843132", "invoiceNumber": "BJ80460926", "currentUrl": "https://epos.einvoice.com.tw/UM0501"}, "timestamp": 1778039012943}
{"sessionId": "79f104", "runId": "pre-fix", "hypothesisId": "H1", "location": "Epos自動化測試工具3.0.py:open_business_query_page", "message": "Opened business query page", "data": {"currentUrl": "https://epos.einvoice.com.tw/AS0102", "openedBizPage": true}, "timestamp": 1778039013806}
{"sessionId": "79f104", "runId": "pre-fix", "hypothesisId": "H3", "location": "Epos自動化測試工具3.0.py:query_invoice_rows:rows", "message": "Fetched invoice rows", "data": {"companyId": "83843132", "invoiceNumber": "BJ80460926", "rowCount": 2, "rows": [[1, "開立", "小平台解析失敗"], [2, "開立", "大平台回覆成功"]]}, "timestamp": 1778039015508}
{"sessionId": "79f104", "runId": "pre-fix", "hypothesisId": "H3", "location": "Epos自動化測試工具3.0.py:check_and_process_invoice:decision", "message": "Decision for multi rows", "data": {"invoiceNumber": "BJ80460926", "totalRows": 2, "failRows": 1, "reasons": ["小平台解析失敗", "大平台回覆成功"]}, "timestamp": 1778039015517}
{"sessionId": "79f104", "runId": "pre-fix", "hypothesisId": "H2", "location": "Epos自動化測試工具3.0.py:delete_invoice:start", "message": "Start delete invoice", "data": {"companyId": "83843132", "invoiceNumber": "BJ80460926", "currentUrl": "https://epos.einvoice.com.tw/AS0102"}, "timestamp": 1778039015528}
{"sessionId": "79f104", "runId": "post-fix", "hypothesisId": "H2", "location": "Epos自動化測試工具3.0.py:open_ops_page:ready", "message": "Ops page ready", "data": {"currentUrl": "https://epos.einvoice.com.tw/UM0501", "openedOpsPage": true}, "timestamp": 1778039016214}
{"sessionId": "79f104", "runId": "pre-fix", "hypothesisId": "H2", "location": "Epos自動化測試工具3.0.py:delete_invoice:query_result", "message": "Delete page query result", "data": {"invoiceNumber": "BJ80460926", "rowCount": 1}, "timestamp": 1778039016891}
{"sessionId": "79f104", "runId": "pre-fix", "hypothesisId": "H4", "location": "Epos自動化測試工具3.0.py:check_and_process_invoice:start", "message": "Start process invoice", "data": {"companyId": "83843132", "invoiceNumber": "BJ80460912", "currentUrl": "https://epos.einvoice.com.tw/UM0501"}, "timestamp": 1778039017638}
{"sessionId": "79f104", "runId": "pre-fix", "hypothesisId": "H1", "location": "Epos自動化測試工具3.0.py:query_invoice_rows:start", "message": "Start invoice query", "data": {"companyId": "83843132", "invoiceNumber": "BJ80460912", "currentUrl": "https://epos.einvoice.com.tw/UM0501"}, "timestamp": 1778039017649}
{"sessionId": "79f104", "runId": "pre-fix", "hypothesisId": "H1", "location": "Epos自動化測試工具3.0.py:open_business_query_page", "message": "Opened business query page", "data": {"currentUrl": "https://epos.einvoice.com.tw/AS0102", "openedBizPage": true}, "timestamp": 1778039018510}
{"sessionId": "79f104", "runId": "pre-fix", "hypothesisId": "H3", "location": "Epos自動化測試工具3.0.py:query_invoice_rows:rows", "message": "Fetched invoice rows", "data": {"companyId": "83843132", "invoiceNumber": "BJ80460912", "rowCount": 2, "rows": [[1, "開立", "大平台回覆成功"], [2, "開立", "小平台解析失敗"]]}, "timestamp": 1778039020240}
{"sessionId": "79f104", "runId": "pre-fix", "hypothesisId": "H3", "location": "Epos自動化測試工具3.0.py:check_and_process_invoice:decision", "message": "Decision for multi rows", "data": {"invoiceNumber": "BJ80460912", "totalRows": 2, "failRows": 1, "reasons": ["大平台回覆成功", "小平台解析失敗"]}, "timestamp": 1778039020246}
{"sessionId": "79f104", "runId": "pre-fix", "hypothesisId": "H2", "location": "Epos自動化測試工具3.0.py:delete_invoice:start", "message": "Start delete invoice", "data": {"companyId": "83843132", "invoiceNumber": "BJ80460912", "currentUrl": "https://epos.einvoice.com.tw/AS0102"}, "timestamp": 1778039020254}
{"sessionId": "79f104", "runId": "post-fix", "hypothesisId": "H2", "location": "Epos自動化測試工具3.0.py:open_ops_page:ready", "message": "Ops page ready", "data": {"currentUrl": "https://epos.einvoice.com.tw/UM0501", "openedOpsPage": true}, "timestamp": 1778039020915}
{"sessionId": "79f104", "runId": "pre-fix", "hypothesisId": "H2", "location": "Epos自動化測試工具3.0.py:delete_invoice:query_result", "message": "Delete page query result", "data": {"invoiceNumber": "BJ80460912", "rowCount": 1}, "timestamp": 1778039021640}
{"sessionId": "79f104", "runId": "pre-fix", "hypothesisId": "H4", "location": "Epos自動化測試工具3.0.py:check_and_process_invoice:start", "message": "Start process invoice", "data": {"companyId": "83843132", "invoiceNumber": "BJ80460911", "currentUrl": "https://epos.einvoice.com.tw/UM0501"}, "timestamp": 1778039022363}
{"sessionId": "79f104", "runId": "pre-fix", "hypothesisId": "H1", "location": "Epos自動化測試工具3.0.py:query_invoice_rows:start", "message": "Start invoice query", "data": {"companyId": "83843132", "invoiceNumber": "BJ80460911", "currentUrl": "https://epos.einvoice.com.tw/UM0501"}, "timestamp": 1778039022374}
{"sessionId": "79f104", "runId": "pre-fix", "hypothesisId": "H1", "location": "Epos自動化測試工具3.0.py:open_business_query_page", "message": "Opened business query page", "data": {"currentUrl": "https://epos.einvoice.com.tw/AS0102", "openedBizPage": true}, "timestamp": 1778039023252}
{"sessionId": "79f104", "runId": "pre-fix", "hypothesisId": "H3", "location": "Epos自動化測試工具3.0.py:query_invoice_rows:rows", "message": "Fetched invoice rows", "data": {"companyId": "83843132", "invoiceNumber": "BJ80460911", "rowCount": 2, "rows": [[1, "開立", "小平台解析失敗"], [2, "開立", "大平台回覆成功"]]}, "timestamp": 1778039024948}
{"sessionId": "79f104", "runId": "pre-fix", "hypothesisId": "H3", "location": "Epos自動化測試工具3.0.py:check_and_process_invoice:decision", "message": "Decision for multi rows", "data": {"invoiceNumber": "BJ80460911", "totalRows": 2, "failRows": 1, "reasons": ["小平台解析失敗", "大平台回覆成功"]}, "timestamp": 1778039024954}
{"sessionId": "79f104", "runId": "pre-fix", "hypothesisId": "H2", "location": "Epos自動化測試工具3.0.py:delete_invoice:start", "message": "Start delete invoice", "data": {"companyId": "83843132", "invoiceNumber": "BJ80460911", "currentUrl": "https://epos.einvoice.com.tw/AS0102"}, "timestamp": 1778039024962}
{"sessionId": "79f104", "runId": "post-fix", "hypothesisId": "H2", "location": "Epos自動化測試工具3.0.py:open_ops_page:ready", "message": "Ops page ready", "data": {"currentUrl": "https://epos.einvoice.com.tw/UM0501", "openedOpsPage": true}, "timestamp": 1778039025644}
{"sessionId": "79f104", "runId": "pre-fix", "hypothesisId": "H2", "location": "Epos自動化測試工具3.0.py:delete_invoice:query_result", "message": "Delete page query result", "data": {"invoiceNumber": "BJ80460911", "rowCount": 1}, "timestamp": 1778039026334}
{"sessionId": "79f104", "runId": "post-fix", "hypothesisId": "H5", "location": "Epos自動化測試工具3.0.py:write_invoice_data:success", "message": "Excel write success", "data": {"path": "D:\\D\\wilsonhuang\\Worktime\\python\\epos自動化測試工具3.0\\data\\EposError.xlsx", "rows": 39}, "timestamp": 1778039027116}
{"sessionId": "79f104", "runId": "pre-fix", "hypothesisId": "H4", "location": "Epos自動化測試工具3.0.py:check_and_process_invoice:start", "message": "Start process invoice", "data": {"companyId": "83843132", "invoiceNumber": "BJ80460915", "currentUrl": "https://epos.einvoice.com.tw/UM0501"}, "timestamp": 1778039027124}
{"sessionId": "79f104", "runId": "pre-fix", "hypothesisId": "H1", "location": "Epos自動化測試工具3.0.py:query_invoice_rows:start", "message": "Start invoice query", "data": {"companyId": "83843132", "invoiceNumber": "BJ80460915", "currentUrl": "https://epos.einvoice.com.tw/UM0501"}, "timestamp": 1778039027133}
{"sessionId": "79f104", "runId": "pre-fix", "hypothesisId": "H1", "location": "Epos自動化測試工具3.0.py:open_business_query_page", "message": "Opened business query page", "data": {"currentUrl": "https://epos.einvoice.com.tw/AS0102", "openedBizPage": true}, "timestamp": 1778039028017}
{"sessionId": "79f104", "runId": "pre-fix", "hypothesisId": "H3", "location": "Epos自動化測試工具3.0.py:query_invoice_rows:rows", "message": "Fetched invoice rows", "data": {"companyId": "83843132", "invoiceNumber": "BJ80460915", "rowCount": 2, "rows": [[1, "開立", "小平台解析失敗"], [2, "開立", "大平台回覆成功"]]}, "timestamp": 1778039029746}
{"sessionId": "79f104", "runId": "pre-fix", "hypothesisId": "H3", "location": "Epos自動化測試工具3.0.py:check_and_process_invoice:decision", "message": "Decision for multi rows", "data": {"invoiceNumber": "BJ80460915", "totalRows": 2, "failRows": 1, "reasons": ["小平台解析失敗", "大平台回覆成功"]}, "timestamp": 1778039029753}
{"sessionId": "79f104", "runId": "pre-fix", "hypothesisId": "H2", "location": "Epos自動化測試工具3.0.py:delete_invoice:start", "message": "Start delete invoice", "data": {"companyId": "83843132", "invoiceNumber": "BJ80460915", "currentUrl": "https://epos.einvoice.com.tw/AS0102"}, "timestamp": 1778039029761}
{"sessionId": "79f104", "runId": "post-fix", "hypothesisId": "H2", "location": "Epos自動化測試工具3.0.py:open_ops_page:ready", "message": "Ops page ready", "data": {"currentUrl": "https://epos.einvoice.com.tw/UM0501", "openedOpsPage": true}, "timestamp": 1778039030419}
{"sessionId": "79f104", "runId": "pre-fix", "hypothesisId": "H2", "location": "Epos自動化測試工具3.0.py:delete_invoice:query_result", "message": "Delete page query result", "data": {"invoiceNumber": "BJ80460915", "rowCount": 1}, "timestamp": 1778039031082}
{"sessionId": "79f104", "runId": "pre-fix", "hypothesisId": "H4", "location": "Epos自動化測試工具3.0.py:check_and_process_invoice:start", "message": "Start process invoice", "data": {"companyId": "83843132", "invoiceNumber": "BJ80460918", "currentUrl": "https://epos.einvoice.com.tw/UM0501"}, "timestamp": 1778039031833}
{"sessionId": "79f104", "runId": "pre-fix", "hypothesisId": "H1", "location": "Epos自動化測試工具3.0.py:query_invoice_rows:start", "message": "Start invoice query", "data": {"companyId": "83843132", "invoiceNumber": "BJ80460918", "currentUrl": "https://epos.einvoice.com.tw/UM0501"}, "timestamp": 1778039031850}
{"sessionId": "79f104", "runId": "pre-fix", "hypothesisId": "H1", "location": "Epos自動化測試工具3.0.py:open_business_query_page", "message": "Opened business query page", "data": {"currentUrl": "https://epos.einvoice.com.tw/AS0102", "openedBizPage": true}, "timestamp": 1778039032735}
{"sessionId": "79f104", "runId": "pre-fix", "hypothesisId": "H3", "location": "Epos自動化測試工具3.0.py:query_invoice_rows:rows", "message": "Fetched invoice rows", "data": {"companyId": "83843132", "invoiceNumber": "BJ80460918", "rowCount": 2, "rows": [[1, "開立", "小平台解析失敗"], [2, "開立", "大平台回覆成功"]]}, "timestamp": 1778039034399}
{"sessionId": "79f104", "runId": "pre-fix", "hypothesisId": "H3", "location": "Epos自動化測試工具3.0.py:check_and_process_invoice:decision", "message": "Decision for multi rows", "data": {"invoiceNumber": "BJ80460918", "totalRows": 2, "failRows": 1, "reasons": ["小平台解析失敗", "大平台回覆成功"]}, "timestamp": 1778039034405}
{"sessionId": "79f104", "runId": "pre-fix", "hypothesisId": "H2", "location": "Epos自動化測試工具3.0.py:delete_invoice:start", "message": "Start delete invoice", "data": {"companyId": "83843132", "invoiceNumber": "BJ80460918", "currentUrl": "https://epos.einvoice.com.tw/AS0102"}, "timestamp": 1778039034413}
{"sessionId": "79f104", "runId": "post-fix", "hypothesisId": "H2", "location": "Epos自動化測試工具3.0.py:open_ops_page:ready", "message": "Ops page ready", "data": {"currentUrl": "https://epos.einvoice.com.tw/UM0501", "openedOpsPage": true}, "timestamp": 1778039035096}
{"sessionId": "79f104", "runId": "pre-fix", "hypothesisId": "H2", "location": "Epos自動化測試工具3.0.py:delete_invoice:query_result", "message": "Delete page query result", "data": {"invoiceNumber": "BJ80460918", "rowCount": 1}, "timestamp": 1778039035759}
{"sessionId": "79f104", "runId": "pre-fix", "hypothesisId": "H4", "location": "Epos自動化測試工具3.0.py:check_and_process_invoice:start", "message": "Start process invoice", "data": {"companyId": "83843132", "invoiceNumber": "BJ80460917", "currentUrl": "https://epos.einvoice.com.tw/UM0501"}, "timestamp": 1778039036476}
{"sessionId": "79f104", "runId": "pre-fix", "hypothesisId": "H1", "location": "Epos自動化測試工具3.0.py:query_invoice_rows:start", "message": "Start invoice query", "data": {"companyId": "83843132", "invoiceNumber": "BJ80460917", "currentUrl": "https://epos.einvoice.com.tw/UM0501"}, "timestamp": 1778039036495}
{"sessionId": "79f104", "runId": "pre-fix", "hypothesisId": "H1", "location": "Epos自動化測試工具3.0.py:open_business_query_page", "message": "Opened business query page", "data": {"currentUrl": "https://epos.einvoice.com.tw/AS0102", "openedBizPage": true}, "timestamp": 1778039037379}
{"sessionId": "79f104", "runId": "pre-fix", "hypothesisId": "H3", "location": "Epos自動化測試工具3.0.py:query_invoice_rows:rows", "message": "Fetched invoice rows", "data": {"companyId": "83843132", "invoiceNumber": "BJ80460917", "rowCount": 2, "rows": [[1, "開立", "大平台回覆成功"], [2, "開立", "小平台解析失敗"]]}, "timestamp": 1778039039089}
{"sessionId": "79f104", "runId": "pre-fix", "hypothesisId": "H3", "location": "Epos自動化測試工具3.0.py:check_and_process_invoice:decision", "message": "Decision for multi rows", "data": {"invoiceNumber": "BJ80460917", "totalRows": 2, "failRows": 1, "reasons": ["大平台回覆成功", "小平台解析失敗"]}, "timestamp": 1778039039098}
{"sessionId": "79f104", "runId": "pre-fix", "hypothesisId": "H2", "location": "Epos自動化測試工具3.0.py:delete_invoice:start", "message": "Start delete invoice", "data": {"companyId": "83843132", "invoiceNumber": "BJ80460917", "currentUrl": "https://epos.einvoice.com.tw/AS0102"}, "timestamp": 1778039039106}
{"sessionId": "79f104", "runId": "post-fix", "hypothesisId": "H2", "location": "Epos自動化測試工具3.0.py:open_ops_page:ready", "message": "Ops page ready", "data": {"currentUrl": "https://epos.einvoice.com.tw/UM0501", "openedOpsPage": true}, "timestamp": 1778039039790}
{"sessionId": "79f104", "runId": "pre-fix", "hypothesisId": "H2", "location": "Epos自動化測試工具3.0.py:delete_invoice:query_result", "message": "Delete page query result", "data": {"invoiceNumber": "BJ80460917", "rowCount": 1}, "timestamp": 1778039040449}
{"sessionId": "79f104", "runId": "pre-fix", "hypothesisId": "H4", "location": "Epos自動化測試工具3.0.py:check_and_process_invoice:start", "message": "Start process invoice", "data": {"companyId": "83843132", "invoiceNumber": "BJ80460907", "currentUrl": "https://epos.einvoice.com.tw/UM0501"}, "timestamp": 1778039041179}
{"sessionId": "79f104", "runId": "pre-fix", "hypothesisId": "H1", "location": "Epos自動化測試工具3.0.py:query_invoice_rows:start", "message": "Start invoice query", "data": {"companyId": "83843132", "invoiceNumber": "BJ80460907", "currentUrl": "https://epos.einvoice.com.tw/UM0501"}, "timestamp": 1778039041192}
{"sessionId": "79f104", "runId": "pre-fix", "hypothesisId": "H1", "location": "Epos自動化測試工具3.0.py:open_business_query_page", "message": "Opened business query page", "data": {"currentUrl": "https://epos.einvoice.com.tw/AS0102", "openedBizPage": true}, "timestamp": 1778039042040}
{"sessionId": "79f104", "runId": "pre-fix", "hypothesisId": "H3", "location": "Epos自動化測試工具3.0.py:query_invoice_rows:rows", "message": "Fetched invoice rows", "data": {"companyId": "83843132", "invoiceNumber": "BJ80460907", "rowCount": 2, "rows": [[1, "開立", "小平台解析失敗"], [2, "開立", "大平台回覆成功"]]}, "timestamp": 1778039043820}
{"sessionId": "79f104", "runId": "pre-fix", "hypothesisId": "H3", "location": "Epos自動化測試工具3.0.py:check_and_process_invoice:decision", "message": "Decision for multi rows", "data": {"invoiceNumber": "BJ80460907", "totalRows": 2, "failRows": 1, "reasons": ["小平台解析失敗", "大平台回覆成功"]}, "timestamp": 1778039043827}
{"sessionId": "79f104", "runId": "pre-fix", "hypothesisId": "H2", "location": "Epos自動化測試工具3.0.py:delete_invoice:start", "message": "Start delete invoice", "data": {"companyId": "83843132", "invoiceNumber": "BJ80460907", "currentUrl": "https://epos.einvoice.com.tw/AS0102"}, "timestamp": 1778039043835}
{"sessionId": "79f104", "runId": "post-fix", "hypothesisId": "H2", "location": "Epos自動化測試工具3.0.py:open_ops_page:ready", "message": "Ops page ready", "data": {"currentUrl": "https://epos.einvoice.com.tw/UM0501", "openedOpsPage": true}, "timestamp": 1778039044501}
{"sessionId": "79f104", "runId": "pre-fix", "hypothesisId": "H2", "location": "Epos自動化測試工具3.0.py:delete_invoice:query_result", "message": "Delete page query result", "data": {"invoiceNumber": "BJ80460907", "rowCount": 1}, "timestamp": 1778039045173}
{"sessionId": "79f104", "runId": "pre-fix", "hypothesisId": "H4", "location": "Epos自動化測試工具3.0.py:check_and_process_invoice:start", "message": "Start process invoice", "data": {"companyId": "83843132", "invoiceNumber": "BJ80460909", "currentUrl": "https://epos.einvoice.com.tw/UM0501"}, "timestamp": 1778039045879}
{"sessionId": "79f104", "runId": "pre-fix", "hypothesisId": "H1", "location": "Epos自動化測試工具3.0.py:query_invoice_rows:start", "message": "Start invoice query", "data": {"companyId": "83843132", "invoiceNumber": "BJ80460909", "currentUrl": "https://epos.einvoice.com.tw/UM0501"}, "timestamp": 1778039045889}
{"sessionId": "79f104", "runId": "pre-fix", "hypothesisId": "H1", "location": "Epos自動化測試工具3.0.py:open_business_query_page", "message": "Opened business query page", "data": {"currentUrl": "https://epos.einvoice.com.tw/AS0102", "openedBizPage": true}, "timestamp": 1778039046799}
{"sessionId": "79f104", "runId": "pre-fix", "hypothesisId": "H3", "location": "Epos自動化測試工具3.0.py:query_invoice_rows:rows", "message": "Fetched invoice rows", "data": {"companyId": "83843132", "invoiceNumber": "BJ80460909", "rowCount": 2, "rows": [[1, "開立", "小平台解析失敗"], [2, "開立", "大平台回覆成功"]]}, "timestamp": 1778039048446}
{"sessionId": "79f104", "runId": "pre-fix", "hypothesisId": "H3", "location": "Epos自動化測試工具3.0.py:check_and_process_invoice:decision", "message": "Decision for multi rows", "data": {"invoiceNumber": "BJ80460909", "totalRows": 2, "failRows": 1, "reasons": ["小平台解析失敗", "大平台回覆成功"]}, "timestamp": 1778039048452}
{"sessionId": "79f104", "runId": "pre-fix", "hypothesisId": "H2", "location": "Epos自動化測試工具3.0.py:delete_invoice:start", "message": "Start delete invoice", "data": {"companyId": "83843132", "invoiceNumber": "BJ80460909", "currentUrl": "https://epos.einvoice.com.tw/AS0102"}, "timestamp": 1778039048461}
{"sessionId": "79f104", "runId": "post-fix", "hypothesisId": "H2", "location": "Epos自動化測試工具3.0.py:open_ops_page:ready", "message": "Ops page ready", "data": {"currentUrl": "https://epos.einvoice.com.tw/UM0501", "openedOpsPage": true}, "timestamp": 1778039049149}
{"sessionId": "79f104", "runId": "pre-fix", "hypothesisId": "H2", "location": "Epos自動化測試工具3.0.py:delete_invoice:query_result", "message": "Delete page query result", "data": {"invoiceNumber": "BJ80460909", "rowCount": 1}, "timestamp": 1778039049833}
{"sessionId": "79f104", "runId": "post-fix", "hypothesisId": "H5", "location": "Epos自動化測試工具3.0.py:write_invoice_data:success", "message": "Excel write success", "data": {"path": "D:\\D\\wilsonhuang\\Worktime\\python\\epos自動化測試工具3.0\\data\\EposError.xlsx", "rows": 34}, "timestamp": 1778039050631}
{"sessionId": "79f104", "runId": "pre-fix", "hypothesisId": "H4", "location": "Epos自動化測試工具3.0.py:check_and_process_invoice:start", "message": "Start process invoice", "data": {"companyId": "83843132", "invoiceNumber": "BJ80460956", "currentUrl": "https://epos.einvoice.com.tw/UM0501"}, "timestamp": 1778039050641}
{"sessionId": "79f104", "runId": "pre-fix", "hypothesisId": "H1", "location": "Epos自動化測試工具3.0.py:query_invoice_rows:start", "message": "Start invoice query", "data": {"companyId": "83843132", "invoiceNumber": "BJ80460956", "currentUrl": "https://epos.einvoice.com.tw/UM0501"}, "timestamp": 1778039050650}
{"sessionId": "79f104", "runId": "pre-fix", "hypothesisId": "H1", "location": "Epos自動化測試工具3.0.py:open_business_query_page", "message": "Opened business query page", "data": {"currentUrl": "https://epos.einvoice.com.tw/AS0102", "openedBizPage": true}, "timestamp": 1778039051568}
{"sessionId": "79f104", "runId": "pre-fix", "hypothesisId": "H3", "location": "Epos自動化測試工具3.0.py:query_invoice_rows:rows", "message": "Fetched invoice rows", "data": {"companyId": "83843132", "invoiceNumber": "BJ80460956", "rowCount": 2, "rows": [[1, "開立", "大平台回覆成功"], [2, "開立", "小平台解析失敗"]]}, "timestamp": 1778039053306}
{"sessionId": "79f104", "runId": "pre-fix", "hypothesisId": "H3", "location": "Epos自動化測試工具3.0.py:check_and_process_invoice:decision", "message": "Decision for multi rows", "data": {"invoiceNumber": "BJ80460956", "totalRows": 2, "failRows": 1, "reasons": ["大平台回覆成功", "小平台解析失敗"]}, "timestamp": 1778039053314}
{"sessionId": "79f104", "runId": "pre-fix", "hypothesisId": "H2", "location": "Epos自動化測試工具3.0.py:delete_invoice:start", "message": "Start delete invoice", "data": {"companyId": "83843132", "invoiceNumber": "BJ80460956", "currentUrl": "https://epos.einvoice.com.tw/AS0102"}, "timestamp": 1778039053324}
{"sessionId": "79f104", "runId": "post-fix", "hypothesisId": "H2", "location": "Epos自動化測試工具3.0.py:open_ops_page:ready", "message": "Ops page ready", "data": {"currentUrl": "https://epos.einvoice.com.tw/UM0501", "openedOpsPage": true}, "timestamp": 1778039054029}
{"sessionId": "79f104", "runId": "pre-fix", "hypothesisId": "H2", "location": "Epos自動化測試工具3.0.py:delete_invoice:query_result", "message": "Delete page query result", "data": {"invoiceNumber": "BJ80460956", "rowCount": 1}, "timestamp": 1778039054746}
{"sessionId": "79f104", "runId": "pre-fix", "hypothesisId": "H4", "location": "Epos自動化測試工具3.0.py:check_and_process_invoice:start", "message": "Start process invoice", "data": {"companyId": "83843132", "invoiceNumber": "BJ80460904", "currentUrl": "https://epos.einvoice.com.tw/UM0501"}, "timestamp": 1778039055470}
{"sessionId": "79f104", "runId": "pre-fix", "hypothesisId": "H1", "location": "Epos自動化測試工具3.0.py:query_invoice_rows:start", "message": "Start invoice query", "data": {"companyId": "83843132", "invoiceNumber": "BJ80460904", "currentUrl": "https://epos.einvoice.com.tw/UM0501"}, "timestamp": 1778039055486}
{"sessionId": "79f104", "runId": "pre-fix", "hypothesisId": "H1", "location": "Epos自動化測試工具3.0.py:open_business_query_page", "message": "Opened business query page", "data": {"currentUrl": "https://epos.einvoice.com.tw/AS0102", "openedBizPage": true}, "timestamp": 1778039056342}
{"sessionId": "79f104", "runId": "pre-fix", "hypothesisId": "H3", "location": "Epos自動化測試工具3.0.py:query_invoice_rows:rows", "message": "Fetched invoice rows", "data": {"companyId": "83843132", "invoiceNumber": "BJ80460904", "rowCount": 2, "rows": [[1, "開立", "小平台解析失敗"], [2, "開立", "大平台回覆成功"]]}, "timestamp": 1778039057658}
{"sessionId": "79f104", "runId": "pre-fix", "hypothesisId": "H3", "location": "Epos自動化測試工具3.0.py:check_and_process_invoice:decision", "message": "Decision for multi rows", "data": {"invoiceNumber": "BJ80460904", "totalRows": 2, "failRows": 1, "reasons": ["小平台解析失敗", "大平台回覆成功"]}, "timestamp": 1778039057671}
{"sessionId": "79f104", "runId": "pre-fix", "hypothesisId": "H2", "location": "Epos自動化測試工具3.0.py:delete_invoice:start", "message": "Start delete invoice", "data": {"companyId": "83843132", "invoiceNumber": "BJ80460904", "currentUrl": "https://epos.einvoice.com.tw/AS0102"}, "timestamp": 1778039057711}
{"sessionId": "79f104", "runId": "post-fix", "hypothesisId": "H2", "location": "Epos自動化測試工具3.0.py:open_ops_page:ready", "message": "Ops page ready", "data": {"currentUrl": "https://epos.einvoice.com.tw/UM0501", "openedOpsPage": true}, "timestamp": 1778039058401}
{"sessionId": "79f104", "runId": "pre-fix", "hypothesisId": "H2", "location": "Epos自動化測試工具3.0.py:delete_invoice:query_result", "message": "Delete page query result", "data": {"invoiceNumber": "BJ80460904", "rowCount": 1}, "timestamp": 1778039059077}
{"sessionId": "79f104", "runId": "pre-fix", "hypothesisId": "H4", "location": "Epos自動化測試工具3.0.py:check_and_process_invoice:start", "message": "Start process invoice", "data": {"companyId": "83843132", "invoiceNumber": "BJ80460931", "currentUrl": "https://epos.einvoice.com.tw/UM0501"}, "timestamp": 1778039059798}
{"sessionId": "79f104", "runId": "pre-fix", "hypothesisId": "H1", "location": "Epos自動化測試工具3.0.py:query_invoice_rows:start", "message": "Start invoice query", "data": {"companyId": "83843132", "invoiceNumber": "BJ80460931", "currentUrl": "https://epos.einvoice.com.tw/UM0501"}, "timestamp": 1778039059811}
{"sessionId": "79f104", "runId": "pre-fix", "hypothesisId": "H1", "location": "Epos自動化測試工具3.0.py:open_business_query_page", "message": "Opened business query page", "data": {"currentUrl": "https://epos.einvoice.com.tw/AS0102", "openedBizPage": true}, "timestamp": 1778039060676}
{"sessionId": "79f104", "runId": "pre-fix", "hypothesisId": "H3", "location": "Epos自動化測試工具3.0.py:query_invoice_rows:rows", "message": "Fetched invoice rows", "data": {"companyId": "83843132", "invoiceNumber": "BJ80460931", "rowCount": 2, "rows": [[1, "開立", "小平台解析失敗"], [2, "開立", "大平台回覆成功"]]}, "timestamp": 1778039062399}
{"sessionId": "79f104", "runId": "pre-fix", "hypothesisId": "H3", "location": "Epos自動化測試工具3.0.py:check_and_process_invoice:decision", "message": "Decision for multi rows", "data": {"invoiceNumber": "BJ80460931", "totalRows": 2, "failRows": 1, "reasons": ["小平台解析失敗", "大平台回覆成功"]}, "timestamp": 1778039062405}
{"sessionId": "79f104", "runId": "pre-fix", "hypothesisId": "H2", "location": "Epos自動化測試工具3.0.py:delete_invoice:start", "message": "Start delete invoice", "data": {"companyId": "83843132", "invoiceNumber": "BJ80460931", "currentUrl": "https://epos.einvoice.com.tw/AS0102"}, "timestamp": 1778039062414}
{"sessionId": "79f104", "runId": "post-fix", "hypothesisId": "H2", "location": "Epos自動化測試工具3.0.py:open_ops_page:ready", "message": "Ops page ready", "data": {"currentUrl": "https://epos.einvoice.com.tw/UM0501", "openedOpsPage": true}, "timestamp": 1778039063099}
{"sessionId": "79f104", "runId": "pre-fix", "hypothesisId": "H2", "location": "Epos自動化測試工具3.0.py:delete_invoice:query_result", "message": "Delete page query result", "data": {"invoiceNumber": "BJ80460931", "rowCount": 1}, "timestamp": 1778039063776}
{"sessionId": "79f104", "runId": "pre-fix", "hypothesisId": "H4", "location": "Epos自動化測試工具3.0.py:check_and_process_invoice:start", "message": "Start process invoice", "data": {"companyId": "83843132", "invoiceNumber": "BJ80460932", "currentUrl": "https://epos.einvoice.com.tw/UM0501"}, "timestamp": 1778039064524}
{"sessionId": "79f104", "runId": "pre-fix", "hypothesisId": "H1", "location": "Epos自動化測試工具3.0.py:query_invoice_rows:start", "message": "Start invoice query", "data": {"companyId": "83843132", "invoiceNumber": "BJ80460932", "currentUrl": "https://epos.einvoice.com.tw/UM0501"}, "timestamp": 1778039064538}
{"sessionId": "79f104", "runId": "pre-fix", "hypothesisId": "H1", "location": "Epos自動化測試工具3.0.py:open_business_query_page", "message": "Opened business query page", "data": {"currentUrl": "https://epos.einvoice.com.tw/AS0102", "openedBizPage": true}, "timestamp": 1778039065422}
{"sessionId": "79f104", "runId": "pre-fix", "hypothesisId": "H3", "location": "Epos自動化測試工具3.0.py:query_invoice_rows:rows", "message": "Fetched invoice rows", "data": {"companyId": "83843132", "invoiceNumber": "BJ80460932", "rowCount": 2, "rows": [[1, "開立", "小平台解析失敗"], [2, "開立", "大平台回覆成功"]]}, "timestamp": 1778039067114}
{"sessionId": "79f104", "runId": "pre-fix", "hypothesisId": "H3", "location": "Epos自動化測試工具3.0.py:check_and_process_invoice:decision", "message": "Decision for multi rows", "data": {"invoiceNumber": "BJ80460932", "totalRows": 2, "failRows": 1, "reasons": ["小平台解析失敗", "大平台回覆成功"]}, "timestamp": 1778039067121}
{"sessionId": "79f104", "runId": "pre-fix", "hypothesisId": "H2", "location": "Epos自動化測試工具3.0.py:delete_invoice:start", "message": "Start delete invoice", "data": {"companyId": "83843132", "invoiceNumber": "BJ80460932", "currentUrl": "https://epos.einvoice.com.tw/AS0102"}, "timestamp": 1778039067132}
{"sessionId": "79f104", "runId": "post-fix", "hypothesisId": "H2", "location": "Epos自動化測試工具3.0.py:open_ops_page:ready", "message": "Ops page ready", "data": {"currentUrl": "https://epos.einvoice.com.tw/UM0501", "openedOpsPage": true}, "timestamp": 1778039067802}
{"sessionId": "79f104", "runId": "pre-fix", "hypothesisId": "H2", "location": "Epos自動化測試工具3.0.py:delete_invoice:query_result", "message": "Delete page query result", "data": {"invoiceNumber": "BJ80460932", "rowCount": 1}, "timestamp": 1778039068464}
{"sessionId": "79f104", "runId": "pre-fix", "hypothesisId": "H4", "location": "Epos自動化測試工具3.0.py:check_and_process_invoice:start", "message": "Start process invoice", "data": {"companyId": "83843132", "invoiceNumber": "BJ80460905", "currentUrl": "https://epos.einvoice.com.tw/UM0501"}, "timestamp": 1778039069204}
{"sessionId": "79f104", "runId": "pre-fix", "hypothesisId": "H1", "location": "Epos自動化測試工具3.0.py:query_invoice_rows:start", "message": "Start invoice query", "data": {"companyId": "83843132", "invoiceNumber": "BJ80460905", "currentUrl": "https://epos.einvoice.com.tw/UM0501"}, "timestamp": 1778039069218}
{"sessionId": "79f104", "runId": "pre-fix", "hypothesisId": "H1", "location": "Epos自動化測試工具3.0.py:open_business_query_page", "message": "Opened business query page", "data": {"currentUrl": "https://epos.einvoice.com.tw/AS0102", "openedBizPage": true}, "timestamp": 1778039070152}
{"sessionId": "79f104", "runId": "pre-fix", "hypothesisId": "H3", "location": "Epos自動化測試工具3.0.py:query_invoice_rows:rows", "message": "Fetched invoice rows", "data": {"companyId": "83843132", "invoiceNumber": "BJ80460905", "rowCount": 2, "rows": [[1, "開立", "小平台解析失敗"], [2, "開立", "大平台回覆成功"]]}, "timestamp": 1778039071856}
{"sessionId": "79f104", "runId": "pre-fix", "hypothesisId": "H3", "location": "Epos自動化測試工具3.0.py:check_and_process_invoice:decision", "message": "Decision for multi rows", "data": {"invoiceNumber": "BJ80460905", "totalRows": 2, "failRows": 1, "reasons": ["小平台解析失敗", "大平台回覆成功"]}, "timestamp": 1778039071864}
{"sessionId": "79f104", "runId": "pre-fix", "hypothesisId": "H2", "location": "Epos自動化測試工具3.0.py:delete_invoice:start", "message": "Start delete invoice", "data": {"companyId": "83843132", "invoiceNumber": "BJ80460905", "currentUrl": "https://epos.einvoice.com.tw/AS0102"}, "timestamp": 1778039071874}
{"sessionId": "79f104", "runId": "post-fix", "hypothesisId": "H2", "location": "Epos自動化測試工具3.0.py:open_ops_page:ready", "message": "Ops page ready", "data": {"currentUrl": "https://epos.einvoice.com.tw/UM0501", "openedOpsPage": true}, "timestamp": 1778039072572}
{"sessionId": "79f104", "runId": "pre-fix", "hypothesisId": "H2", "location": "Epos自動化測試工具3.0.py:delete_invoice:query_result", "message": "Delete page query result", "data": {"invoiceNumber": "BJ80460905", "rowCount": 1}, "timestamp": 1778039073332}
{"sessionId": "79f104", "runId": "post-fix", "hypothesisId": "H5", "location": "Epos自動化測試工具3.0.py:write_invoice_data:success", "message": "Excel write success", "data": {"path": "D:\\D\\wilsonhuang\\Worktime\\python\\epos自動化測試工具3.0\\data\\EposError.xlsx", "rows": 29}, "timestamp": 1778039074131}
{"sessionId": "79f104", "runId": "pre-fix", "hypothesisId": "H4", "location": "Epos自動化測試工具3.0.py:check_and_process_invoice:start", "message": "Start process invoice", "data": {"companyId": "83843132", "invoiceNumber": "BJ80460922", "currentUrl": "https://epos.einvoice.com.tw/UM0501"}, "timestamp": 1778039074141}
{"sessionId": "79f104", "runId": "pre-fix", "hypothesisId": "H1", "location": "Epos自動化測試工具3.0.py:query_invoice_rows:start", "message": "Start invoice query", "data": {"companyId": "83843132", "invoiceNumber": "BJ80460922", "currentUrl": "https://epos.einvoice.com.tw/UM0501"}, "timestamp": 1778039074151}
{"sessionId": "79f104", "runId": "pre-fix", "hypothesisId": "H1", "location": "Epos自動化測試工具3.0.py:open_business_query_page", "message": "Opened business query page", "data": {"currentUrl": "https://epos.einvoice.com.tw/AS0102", "openedBizPage": true}, "timestamp": 1778039074995}
{"sessionId": "79f104", "runId": "pre-fix", "hypothesisId": "H3", "location": "Epos自動化測試工具3.0.py:query_invoice_rows:rows", "message": "Fetched invoice rows", "data": {"companyId": "83843132", "invoiceNumber": "BJ80460922", "rowCount": 2, "rows": [[1, "開立", "大平台回覆成功"], [2, "開立", "小平台解析失敗"]]}, "timestamp": 1778039076767}
{"sessionId": "79f104", "runId": "pre-fix", "hypothesisId": "H3", "location": "Epos自動化測試工具3.0.py:check_and_process_invoice:decision", "message": "Decision for multi rows", "data": {"invoiceNumber": "BJ80460922", "totalRows": 2, "failRows": 1, "reasons": ["大平台回覆成功", "小平台解析失敗"]}, "timestamp": 1778039076773}
{"sessionId": "79f104", "runId": "pre-fix", "hypothesisId": "H2", "location": "Epos自動化測試工具3.0.py:delete_invoice:start", "message": "Start delete invoice", "data": {"companyId": "83843132", "invoiceNumber": "BJ80460922", "currentUrl": "https://epos.einvoice.com.tw/AS0102"}, "timestamp": 1778039076781}
{"sessionId": "79f104", "runId": "post-fix", "hypothesisId": "H2", "location": "Epos自動化測試工具3.0.py:open_ops_page:ready", "message": "Ops page ready", "data": {"currentUrl": "https://epos.einvoice.com.tw/UM0501", "openedOpsPage": true}, "timestamp": 1778039077469}
{"sessionId": "79f104", "runId": "pre-fix", "hypothesisId": "H2", "location": "Epos自動化測試工具3.0.py:delete_invoice:query_result", "message": "Delete page query result", "data": {"invoiceNumber": "BJ80460922", "rowCount": 1}, "timestamp": 1778039078140}
{"sessionId": "79f104", "runId": "pre-fix", "hypothesisId": "H4", "location": "Epos自動化測試工具3.0.py:check_and_process_invoice:start", "message": "Start process invoice", "data": {"companyId": "83843132", "invoiceNumber": "BJ80460948", "currentUrl": "https://epos.einvoice.com.tw/UM0501"}, "timestamp": 1778039078871}
{"sessionId": "79f104", "runId": "pre-fix", "hypothesisId": "H1", "location": "Epos自動化測試工具3.0.py:query_invoice_rows:start", "message": "Start invoice query", "data": {"companyId": "83843132", "invoiceNumber": "BJ80460948", "currentUrl": "https://epos.einvoice.com.tw/UM0501"}, "timestamp": 1778039078887}
{"sessionId": "79f104", "runId": "pre-fix", "hypothesisId": "H1", "location": "Epos自動化測試工具3.0.py:open_business_query_page", "message": "Opened business query page", "data": {"currentUrl": "https://epos.einvoice.com.tw/AS0102", "openedBizPage": true}, "timestamp": 1778039079797}
{"sessionId": "79f104", "runId": "pre-fix", "hypothesisId": "H3", "location": "Epos自動化測試工具3.0.py:query_invoice_rows:rows", "message": "Fetched invoice rows", "data": {"companyId": "83843132", "invoiceNumber": "BJ80460948", "rowCount": 2, "rows": [[1, "開立", "大平台回覆成功"], [2, "開立", "小平台解析失敗"]]}, "timestamp": 1778039081522}
{"sessionId": "79f104", "runId": "pre-fix", "hypothesisId": "H3", "location": "Epos自動化測試工具3.0.py:check_and_process_invoice:decision", "message": "Decision for multi rows", "data": {"invoiceNumber": "BJ80460948", "totalRows": 2, "failRows": 1, "reasons": ["大平台回覆成功", "小平台解析失敗"]}, "timestamp": 1778039081528}
{"sessionId": "79f104", "runId": "pre-fix", "hypothesisId": "H2", "location": "Epos自動化測試工具3.0.py:delete_invoice:start", "message": "Start delete invoice", "data": {"companyId": "83843132", "invoiceNumber": "BJ80460948", "currentUrl": "https://epos.einvoice.com.tw/AS0102"}, "timestamp": 1778039081538}
{"sessionId": "79f104", "runId": "post-fix", "hypothesisId": "H2", "location": "Epos自動化測試工具3.0.py:open_ops_page:ready", "message": "Ops page ready", "data": {"currentUrl": "https://epos.einvoice.com.tw/UM0501", "openedOpsPage": true}, "timestamp": 1778039082258}
{"sessionId": "79f104", "runId": "pre-fix", "hypothesisId": "H2", "location": "Epos自動化測試工具3.0.py:delete_invoice:query_result", "message": "Delete page query result", "data": {"invoiceNumber": "BJ80460948", "rowCount": 1}, "timestamp": 1778039082962}
{"sessionId": "79f104", "runId": "pre-fix", "hypothesisId": "H4", "location": "Epos自動化測試工具3.0.py:check_and_process_invoice:start", "message": "Start process invoice", "data": {"companyId": "83843132", "invoiceNumber": "BJ80460939", "currentUrl": "https://epos.einvoice.com.tw/UM0501"}, "timestamp": 1778039083692}
{"sessionId": "79f104", "runId": "pre-fix", "hypothesisId": "H1", "location": "Epos自動化測試工具3.0.py:query_invoice_rows:start", "message": "Start invoice query", "data": {"companyId": "83843132", "invoiceNumber": "BJ80460939", "currentUrl": "https://epos.einvoice.com.tw/UM0501"}, "timestamp": 1778039083708}
{"sessionId": "79f104", "runId": "pre-fix", "hypothesisId": "H1", "location": "Epos自動化測試工具3.0.py:open_business_query_page", "message": "Opened business query page", "data": {"currentUrl": "https://epos.einvoice.com.tw/AS0102", "openedBizPage": true}, "timestamp": 1778039084621}
{"sessionId": "79f104", "runId": "pre-fix", "hypothesisId": "H3", "location": "Epos自動化測試工具3.0.py:query_invoice_rows:rows", "message": "Fetched invoice rows", "data": {"companyId": "83843132", "invoiceNumber": "BJ80460939", "rowCount": 2, "rows": [[1, "開立", "大平台回覆成功"], [2, "開立", "小平台解析失敗"]]}, "timestamp": 1778039086375}
{"sessionId": "79f104", "runId": "pre-fix", "hypothesisId": "H3", "location": "Epos自動化測試工具3.0.py:check_and_process_invoice:decision", "message": "Decision for multi rows", "data": {"invoiceNumber": "BJ80460939", "totalRows": 2, "failRows": 1, "reasons": ["大平台回覆成功", "小平台解析失敗"]}, "timestamp": 1778039086382}
{"sessionId": "79f104", "runId": "pre-fix", "hypothesisId": "H2", "location": "Epos自動化測試工具3.0.py:delete_invoice:start", "message": "Start delete invoice", "data": {"companyId": "83843132", "invoiceNumber": "BJ80460939", "currentUrl": "https://epos.einvoice.com.tw/AS0102"}, "timestamp": 1778039086391}
{"sessionId": "79f104", "runId": "post-fix", "hypothesisId": "H2", "location": "Epos自動化測試工具3.0.py:open_ops_page:ready", "message": "Ops page ready", "data": {"currentUrl": "https://epos.einvoice.com.tw/UM0501", "openedOpsPage": true}, "timestamp": 1778039087093}
{"sessionId": "79f104", "runId": "pre-fix", "hypothesisId": "H2", "location": "Epos自動化測試工具3.0.py:delete_invoice:query_result", "message": "Delete page query result", "data": {"invoiceNumber": "BJ80460939", "rowCount": 1}, "timestamp": 1778039087822}
{"sessionId": "79f104", "runId": "pre-fix", "hypothesisId": "H4", "location": "Epos自動化測試工具3.0.py:check_and_process_invoice:start", "message": "Start process invoice", "data": {"companyId": "83843132", "invoiceNumber": "BJ80460924", "currentUrl": "https://epos.einvoice.com.tw/UM0501"}, "timestamp": 1778039088536}
{"sessionId": "79f104", "runId": "pre-fix", "hypothesisId": "H1", "location": "Epos自動化測試工具3.0.py:query_invoice_rows:start", "message": "Start invoice query", "data": {"companyId": "83843132", "invoiceNumber": "BJ80460924", "currentUrl": "https://epos.einvoice.com.tw/UM0501"}, "timestamp": 1778039088550}
{"sessionId": "79f104", "runId": "pre-fix", "hypothesisId": "H1", "location": "Epos自動化測試工具3.0.py:open_business_query_page", "message": "Opened business query page", "data": {"currentUrl": "https://epos.einvoice.com.tw/AS0102", "openedBizPage": true}, "timestamp": 1778039089574}
{"sessionId": "79f104", "runId": "pre-fix", "hypothesisId": "H3", "location": "Epos自動化測試工具3.0.py:query_invoice_rows:rows", "message": "Fetched invoice rows", "data": {"companyId": "83843132", "invoiceNumber": "BJ80460924", "rowCount": 2, "rows": [[1, "開立", "小平台解析失敗"], [2, "開立", "大平台回覆成功"]]}, "timestamp": 1778039091311}
{"sessionId": "79f104", "runId": "pre-fix", "hypothesisId": "H3", "location": "Epos自動化測試工具3.0.py:check_and_process_invoice:decision", "message": "Decision for multi rows", "data": {"invoiceNumber": "BJ80460924", "totalRows": 2, "failRows": 1, "reasons": ["小平台解析失敗", "大平台回覆成功"]}, "timestamp": 1778039091318}
{"sessionId": "79f104", "runId": "pre-fix", "hypothesisId": "H2", "location": "Epos自動化測試工具3.0.py:delete_invoice:start", "message": "Start delete invoice", "data": {"companyId": "83843132", "invoiceNumber": "BJ80460924", "currentUrl": "https://epos.einvoice.com.tw/AS0102"}, "timestamp": 1778039091327}
{"sessionId": "79f104", "runId": "post-fix", "hypothesisId": "H2", "location": "Epos自動化測試工具3.0.py:open_ops_page:ready", "message": "Ops page ready", "data": {"currentUrl": "https://epos.einvoice.com.tw/UM0501", "openedOpsPage": true}, "timestamp": 1778039091999}
{"sessionId": "79f104", "runId": "pre-fix", "hypothesisId": "H2", "location": "Epos自動化測試工具3.0.py:delete_invoice:query_result", "message": "Delete page query result", "data": {"invoiceNumber": "BJ80460924", "rowCount": 1}, "timestamp": 1778039092686}
{"sessionId": "79f104", "runId": "pre-fix", "hypothesisId": "H4", "location": "Epos自動化測試工具3.0.py:check_and_process_invoice:start", "message": "Start process invoice", "data": {"companyId": "83843132", "invoiceNumber": "BJ80460916", "currentUrl": "https://epos.einvoice.com.tw/UM0501"}, "timestamp": 1778039093429}
{"sessionId": "79f104", "runId": "pre-fix", "hypothesisId": "H1", "location": "Epos自動化測試工具3.0.py:query_invoice_rows:start", "message": "Start invoice query", "data": {"companyId": "83843132", "invoiceNumber": "BJ80460916", "currentUrl": "https://epos.einvoice.com.tw/UM0501"}, "timestamp": 1778039093443}
{"sessionId": "79f104", "runId": "pre-fix", "hypothesisId": "H1", "location": "Epos自動化測試工具3.0.py:open_business_query_page", "message": "Opened business query page", "data": {"currentUrl": "https://epos.einvoice.com.tw/AS0102", "openedBizPage": true}, "timestamp": 1778039094321}
{"sessionId": "79f104", "runId": "pre-fix", "hypothesisId": "H3", "location": "Epos自動化測試工具3.0.py:query_invoice_rows:rows", "message": "Fetched invoice rows", "data": {"companyId": "83843132", "invoiceNumber": "BJ80460916", "rowCount": 2, "rows": [[1, "開立", "大平台回覆成功"], [2, "開立", "小平台解析失敗"]]}, "timestamp": 1778039096017}
{"sessionId": "79f104", "runId": "pre-fix", "hypothesisId": "H3", "location": "Epos自動化測試工具3.0.py:check_and_process_invoice:decision", "message": "Decision for multi rows", "data": {"invoiceNumber": "BJ80460916", "totalRows": 2, "failRows": 1, "reasons": ["大平台回覆成功", "小平台解析失敗"]}, "timestamp": 1778039096025}
{"sessionId": "79f104", "runId": "pre-fix", "hypothesisId": "H2", "location": "Epos自動化測試工具3.0.py:delete_invoice:start", "message": "Start delete invoice", "data": {"companyId": "83843132", "invoiceNumber": "BJ80460916", "currentUrl": "https://epos.einvoice.com.tw/AS0102"}, "timestamp": 1778039096033}
{"sessionId": "79f104", "runId": "post-fix", "hypothesisId": "H2", "location": "Epos自動化測試工具3.0.py:open_ops_page:ready", "message": "Ops page ready", "data": {"currentUrl": "https://epos.einvoice.com.tw/UM0501", "openedOpsPage": true}, "timestamp": 1778039096698}
{"sessionId": "79f104", "runId": "pre-fix", "hypothesisId": "H2", "location": "Epos自動化測試工具3.0.py:delete_invoice:query_result", "message": "Delete page query result", "data": {"invoiceNumber": "BJ80460916", "rowCount": 1}, "timestamp": 1778039097370}
{"sessionId": "79f104", "runId": "post-fix", "hypothesisId": "H5", "location": "Epos自動化測試工具3.0.py:write_invoice_data:success", "message": "Excel write success", "data": {"path": "D:\\D\\wilsonhuang\\Worktime\\python\\epos自動化測試工具3.0\\data\\EposError.xlsx", "rows": 24}, "timestamp": 1778039098125}
{"sessionId": "79f104", "runId": "pre-fix", "hypothesisId": "H4", "location": "Epos自動化測試工具3.0.py:check_and_process_invoice:start", "message": "Start process invoice", "data": {"companyId": "83843132", "invoiceNumber": "BJ80460938", "currentUrl": "https://epos.einvoice.com.tw/UM0501"}, "timestamp": 1778039098135}
{"sessionId": "79f104", "runId": "pre-fix", "hypothesisId": "H1", "location": "Epos自動化測試工具3.0.py:query_invoice_rows:start", "message": "Start invoice query", "data": {"companyId": "83843132", "invoiceNumber": "BJ80460938", "currentUrl": "https://epos.einvoice.com.tw/UM0501"}, "timestamp": 1778039098145}
{"sessionId": "79f104", "runId": "pre-fix", "hypothesisId": "H1", "location": "Epos自動化測試工具3.0.py:open_business_query_page", "message": "Opened business query page", "data": {"currentUrl": "https://epos.einvoice.com.tw/AS0102", "openedBizPage": true}, "timestamp": 1778039098982}
{"sessionId": "79f104", "runId": "pre-fix", "hypothesisId": "H3", "location": "Epos自動化測試工具3.0.py:query_invoice_rows:rows", "message": "Fetched invoice rows", "data": {"companyId": "83843132", "invoiceNumber": "BJ80460938", "rowCount": 2, "rows": [[1, "開立", "大平台回覆成功"], [2, "開立", "小平台解析失敗"]]}, "timestamp": 1778039100624}
{"sessionId": "79f104", "runId": "pre-fix", "hypothesisId": "H3", "location": "Epos自動化測試工具3.0.py:check_and_process_invoice:decision", "message": "Decision for multi rows", "data": {"invoiceNumber": "BJ80460938", "totalRows": 2, "failRows": 1, "reasons": ["大平台回覆成功", "小平台解析失敗"]}, "timestamp": 1778039100630}
{"sessionId": "79f104", "runId": "pre-fix", "hypothesisId": "H2", "location": "Epos自動化測試工具3.0.py:delete_invoice:start", "message": "Start delete invoice", "data": {"companyId": "83843132", "invoiceNumber": "BJ80460938", "currentUrl": "https://epos.einvoice.com.tw/AS0102"}, "timestamp": 1778039100639}
{"sessionId": "79f104", "runId": "post-fix", "hypothesisId": "H2", "location": "Epos自動化測試工具3.0.py:open_ops_page:ready", "message": "Ops page ready", "data": {"currentUrl": "https://epos.einvoice.com.tw/UM0501", "openedOpsPage": true}, "timestamp": 1778039101298}
{"sessionId": "79f104", "runId": "pre-fix", "hypothesisId": "H2", "location": "Epos自動化測試工具3.0.py:delete_invoice:query_result", "message": "Delete page query result", "data": {"invoiceNumber": "BJ80460938", "rowCount": 1}, "timestamp": 1778039101985}
{"sessionId": "79f104", "runId": "pre-fix", "hypothesisId": "H4", "location": "Epos自動化測試工具3.0.py:check_and_process_invoice:start", "message": "Start process invoice", "data": {"companyId": "83843132", "invoiceNumber": "BJ80460952", "currentUrl": "https://epos.einvoice.com.tw/UM0501"}, "timestamp": 1778039102695}
{"sessionId": "79f104", "runId": "pre-fix", "hypothesisId": "H1", "location": "Epos自動化測試工具3.0.py:query_invoice_rows:start", "message": "Start invoice query", "data": {"companyId": "83843132", "invoiceNumber": "BJ80460952", "currentUrl": "https://epos.einvoice.com.tw/UM0501"}, "timestamp": 1778039102703}
{"sessionId": "79f104", "runId": "pre-fix", "hypothesisId": "H1", "location": "Epos自動化測試工具3.0.py:open_business_query_page", "message": "Opened business query page", "data": {"currentUrl": "https://epos.einvoice.com.tw/AS0102", "openedBizPage": true}, "timestamp": 1778039103624}
{"sessionId": "79f104", "runId": "pre-fix", "hypothesisId": "H3", "location": "Epos自動化測試工具3.0.py:query_invoice_rows:rows", "message": "Fetched invoice rows", "data": {"companyId": "83843132", "invoiceNumber": "BJ80460952", "rowCount": 2, "rows": [[1, "開立", "大平台回覆成功"], [2, "開立", "小平台解析失敗"]]}, "timestamp": 1778039105263}
{"sessionId": "79f104", "runId": "pre-fix", "hypothesisId": "H3", "location": "Epos自動化測試工具3.0.py:check_and_process_invoice:decision", "message": "Decision for multi rows", "data": {"invoiceNumber": "BJ80460952", "totalRows": 2, "failRows": 1, "reasons": ["大平台回覆成功", "小平台解析失敗"]}, "timestamp": 1778039105270}
{"sessionId": "79f104", "runId": "pre-fix", "hypothesisId": "H2", "location": "Epos自動化測試工具3.0.py:delete_invoice:start", "message": "Start delete invoice", "data": {"companyId": "83843132", "invoiceNumber": "BJ80460952", "currentUrl": "https://epos.einvoice.com.tw/AS0102"}, "timestamp": 1778039105278}
{"sessionId": "79f104", "runId": "post-fix", "hypothesisId": "H2", "location": "Epos自動化測試工具3.0.py:open_ops_page:ready", "message": "Ops page ready", "data": {"currentUrl": "https://epos.einvoice.com.tw/UM0501", "openedOpsPage": true}, "timestamp": 1778039105936}
{"sessionId": "79f104", "runId": "pre-fix", "hypothesisId": "H2", "location": "Epos自動化測試工具3.0.py:delete_invoice:query_result", "message": "Delete page query result", "data": {"invoiceNumber": "BJ80460952", "rowCount": 1}, "timestamp": 1778039106610}
{"sessionId": "79f104", "runId": "pre-fix", "hypothesisId": "H4", "location": "Epos自動化測試工具3.0.py:check_and_process_invoice:start", "message": "Start process invoice", "data": {"companyId": "83843132", "invoiceNumber": "BJ80460921", "currentUrl": "https://epos.einvoice.com.tw/UM0501"}, "timestamp": 1778039107359}
{"sessionId": "79f104", "runId": "pre-fix", "hypothesisId": "H1", "location": "Epos自動化測試工具3.0.py:query_invoice_rows:start", "message": "Start invoice query", "data": {"companyId": "83843132", "invoiceNumber": "BJ80460921", "currentUrl": "https://epos.einvoice.com.tw/UM0501"}, "timestamp": 1778039107368}
{"sessionId": "79f104", "runId": "pre-fix", "hypothesisId": "H1", "location": "Epos自動化測試工具3.0.py:open_business_query_page", "message": "Opened business query page", "data": {"currentUrl": "https://epos.einvoice.com.tw/AS0102", "openedBizPage": true}, "timestamp": 1778039108309}
{"sessionId": "79f104", "runId": "pre-fix", "hypothesisId": "H3", "location": "Epos自動化測試工具3.0.py:query_invoice_rows:rows", "message": "Fetched invoice rows", "data": {"companyId": "83843132", "invoiceNumber": "BJ80460921", "rowCount": 2, "rows": [[1, "開立", "大平台回覆成功"], [2, "開立", "小平台解析失敗"]]}, "timestamp": 1778039109977}
{"sessionId": "79f104", "runId": "pre-fix", "hypothesisId": "H3", "location": "Epos自動化測試工具3.0.py:check_and_process_invoice:decision", "message": "Decision for multi rows", "data": {"invoiceNumber": "BJ80460921", "totalRows": 2, "failRows": 1, "reasons": ["大平台回覆成功", "小平台解析失敗"]}, "timestamp": 1778039109986}
{"sessionId": "79f104", "runId": "pre-fix", "hypothesisId": "H2", "location": "Epos自動化測試工具3.0.py:delete_invoice:start", "message": "Start delete invoice", "data": {"companyId": "83843132", "invoiceNumber": "BJ80460921", "currentUrl": "https://epos.einvoice.com.tw/AS0102"}, "timestamp": 1778039109995}
{"sessionId": "79f104", "runId": "post-fix", "hypothesisId": "H2", "location": "Epos自動化測試工具3.0.py:open_ops_page:ready", "message": "Ops page ready", "data": {"currentUrl": "https://epos.einvoice.com.tw/UM0501", "openedOpsPage": true}, "timestamp": 1778039110682}
{"sessionId": "79f104", "runId": "pre-fix", "hypothesisId": "H2", "location": "Epos自動化測試工具3.0.py:delete_invoice:query_result", "message": "Delete page query result", "data": {"invoiceNumber": "BJ80460921", "rowCount": 1}, "timestamp": 1778039111330}
{"sessionId": "79f104", "runId": "pre-fix", "hypothesisId": "H4", "location": "Epos自動化測試工具3.0.py:check_and_process_invoice:start", "message": "Start process invoice", "data": {"companyId": "83843132", "invoiceNumber": "BJ80460929", "currentUrl": "https://epos.einvoice.com.tw/UM0501"}, "timestamp": 1778039112063}
{"sessionId": "79f104", "runId": "pre-fix", "hypothesisId": "H1", "location": "Epos自動化測試工具3.0.py:query_invoice_rows:start", "message": "Start invoice query", "data": {"companyId": "83843132", "invoiceNumber": "BJ80460929", "currentUrl": "https://epos.einvoice.com.tw/UM0501"}, "timestamp": 1778039112075}
{"sessionId": "79f104", "runId": "pre-fix", "hypothesisId": "H1", "location": "Epos自動化測試工具3.0.py:open_business_query_page", "message": "Opened business query page", "data": {"currentUrl": "https://epos.einvoice.com.tw/AS0102", "openedBizPage": true}, "timestamp": 1778039112919}
{"sessionId": "79f104", "runId": "pre-fix", "hypothesisId": "H3", "location": "Epos自動化測試工具3.0.py:query_invoice_rows:rows", "message": "Fetched invoice rows", "data": {"companyId": "83843132", "invoiceNumber": "BJ80460929", "rowCount": 2, "rows": [[1, "開立", "大平台回覆成功"], [2, "開立", "小平台解析失敗"]]}, "timestamp": 1778039114671}
{"sessionId": "79f104", "runId": "pre-fix", "hypothesisId": "H3", "location": "Epos自動化測試工具3.0.py:check_and_process_invoice:decision", "message": "Decision for multi rows", "data": {"invoiceNumber": "BJ80460929", "totalRows": 2, "failRows": 1, "reasons": ["大平台回覆成功", "小平台解析失敗"]}, "timestamp": 1778039114680}
{"sessionId": "79f104", "runId": "pre-fix", "hypothesisId": "H2", "location": "Epos自動化測試工具3.0.py:delete_invoice:start", "message": "Start delete invoice", "data": {"companyId": "83843132", "invoiceNumber": "BJ80460929", "currentUrl": "https://epos.einvoice.com.tw/AS0102"}, "timestamp": 1778039114691}
{"sessionId": "79f104", "runId": "post-fix", "hypothesisId": "H2", "location": "Epos自動化測試工具3.0.py:open_ops_page:ready", "message": "Ops page ready", "data": {"currentUrl": "https://epos.einvoice.com.tw/UM0501", "openedOpsPage": true}, "timestamp": 1778039115372}
{"sessionId": "79f104", "runId": "pre-fix", "hypothesisId": "H2", "location": "Epos自動化測試工具3.0.py:delete_invoice:query_result", "message": "Delete page query result", "data": {"invoiceNumber": "BJ80460929", "rowCount": 1}, "timestamp": 1778039116066}
{"sessionId": "79f104", "runId": "pre-fix", "hypothesisId": "H4", "location": "Epos自動化測試工具3.0.py:check_and_process_invoice:start", "message": "Start process invoice", "data": {"companyId": "83843132", "invoiceNumber": "BJ80460910", "currentUrl": "https://epos.einvoice.com.tw/UM0501"}, "timestamp": 1778039116810}
{"sessionId": "79f104", "runId": "pre-fix", "hypothesisId": "H1", "location": "Epos自動化測試工具3.0.py:query_invoice_rows:start", "message": "Start invoice query", "data": {"companyId": "83843132", "invoiceNumber": "BJ80460910", "currentUrl": "https://epos.einvoice.com.tw/UM0501"}, "timestamp": 1778039116825}
{"sessionId": "79f104", "runId": "pre-fix", "hypothesisId": "H1", "location": "Epos自動化測試工具3.0.py:open_business_query_page", "message": "Opened business query page", "data": {"currentUrl": "https://epos.einvoice.com.tw/AS0102", "openedBizPage": true}, "timestamp": 1778039117705}
{"sessionId": "79f104", "runId": "pre-fix", "hypothesisId": "H3", "location": "Epos自動化測試工具3.0.py:query_invoice_rows:rows", "message": "Fetched invoice rows", "data": {"companyId": "83843132", "invoiceNumber": "BJ80460910", "rowCount": 2, "rows": [[1, "開立", "大平台回覆成功"], [2, "開立", "小平台解析失敗"]]}, "timestamp": 1778039121921}
{"sessionId": "79f104", "runId": "pre-fix", "hypothesisId": "H3", "location": "Epos自動化測試工具3.0.py:check_and_process_invoice:decision", "message": "Decision for multi rows", "data": {"invoiceNumber": "BJ80460910", "totalRows": 2, "failRows": 1, "reasons": ["大平台回覆成功", "小平台解析失敗"]}, "timestamp": 1778039121927}
{"sessionId": "79f104", "runId": "pre-fix", "hypothesisId": "H2", "location": "Epos自動化測試工具3.0.py:delete_invoice:start", "message": "Start delete invoice", "data": {"companyId": "83843132", "invoiceNumber": "BJ80460910", "currentUrl": "https://epos.einvoice.com.tw/AS0102"}, "timestamp": 1778039121938}
{"sessionId": "79f104", "runId": "post-fix", "hypothesisId": "H2", "location": "Epos自動化測試工具3.0.py:open_ops_page:ready", "message": "Ops page ready", "data": {"currentUrl": "https://epos.einvoice.com.tw/UM0501", "openedOpsPage": true}, "timestamp": 1778039122630}
{"sessionId": "79f104", "runId": "pre-fix", "hypothesisId": "H2", "location": "Epos自動化測試工具3.0.py:delete_invoice:query_result", "message": "Delete page query result", "data": {"invoiceNumber": "BJ80460910", "rowCount": 1}, "timestamp": 1778039123297}
{"sessionId": "79f104", "runId": "post-fix", "hypothesisId": "H5", "location": "Epos自動化測試工具3.0.py:write_invoice_data:success", "message": "Excel write success", "data": {"path": "D:\\D\\wilsonhuang\\Worktime\\python\\epos自動化測試工具3.0\\data\\EposError.xlsx", "rows": 19}, "timestamp": 1778039124067}
{"sessionId": "79f104", "runId": "pre-fix", "hypothesisId": "H4", "location": "Epos自動化測試工具3.0.py:check_and_process_invoice:start", "message": "Start process invoice", "data": {"companyId": "83843132", "invoiceNumber": "BJ80460947", "currentUrl": "https://epos.einvoice.com.tw/UM0501"}, "timestamp": 1778039124078}
{"sessionId": "79f104", "runId": "pre-fix", "hypothesisId": "H1", "location": "Epos自動化測試工具3.0.py:query_invoice_rows:start", "message": "Start invoice query", "data": {"companyId": "83843132", "invoiceNumber": "BJ80460947", "currentUrl": "https://epos.einvoice.com.tw/UM0501"}, "timestamp": 1778039124086}
{"sessionId": "79f104", "runId": "pre-fix", "hypothesisId": "H1", "location": "Epos自動化測試工具3.0.py:open_business_query_page", "message": "Opened business query page", "data": {"currentUrl": "https://epos.einvoice.com.tw/AS0102", "openedBizPage": true}, "timestamp": 1778039124965}
{"sessionId": "79f104", "runId": "pre-fix", "hypothesisId": "H3", "location": "Epos自動化測試工具3.0.py:query_invoice_rows:rows", "message": "Fetched invoice rows", "data": {"companyId": "83843132", "invoiceNumber": "BJ80460947", "rowCount": 2, "rows": [[1, "開立", "大平台回覆成功"], [2, "開立", "小平台解析失敗"]]}, "timestamp": 1778039126677}
{"sessionId": "79f104", "runId": "pre-fix", "hypothesisId": "H3", "location": "Epos自動化測試工具3.0.py:check_and_process_invoice:decision", "message": "Decision for multi rows", "data": {"invoiceNumber": "BJ80460947", "totalRows": 2, "failRows": 1, "reasons": ["大平台回覆成功", "小平台解析失敗"]}, "timestamp": 1778039126683}
{"sessionId": "79f104", "runId": "pre-fix", "hypothesisId": "H2", "location": "Epos自動化測試工具3.0.py:delete_invoice:start", "message": "Start delete invoice", "data": {"companyId": "83843132", "invoiceNumber": "BJ80460947", "currentUrl": "https://epos.einvoice.com.tw/AS0102"}, "timestamp": 1778039126690}
{"sessionId": "79f104", "runId": "post-fix", "hypothesisId": "H2", "location": "Epos自動化測試工具3.0.py:open_ops_page:ready", "message": "Ops page ready", "data": {"currentUrl": "https://epos.einvoice.com.tw/UM0501", "openedOpsPage": true}, "timestamp": 1778039127432}
{"sessionId": "79f104", "runId": "pre-fix", "hypothesisId": "H2", "location": "Epos自動化測試工具3.0.py:delete_invoice:query_result", "message": "Delete page query result", "data": {"invoiceNumber": "BJ80460947", "rowCount": 1}, "timestamp": 1778039128113}
{"sessionId": "79f104", "runId": "pre-fix", "hypothesisId": "H4", "location": "Epos自動化測試工具3.0.py:check_and_process_invoice:start", "message": "Start process invoice", "data": {"companyId": "83843132", "invoiceNumber": "BJ80460919", "currentUrl": "https://epos.einvoice.com.tw/UM0501"}, "timestamp": 1778039128893}
{"sessionId": "79f104", "runId": "pre-fix", "hypothesisId": "H1", "location": "Epos自動化測試工具3.0.py:query_invoice_rows:start", "message": "Start invoice query", "data": {"companyId": "83843132", "invoiceNumber": "BJ80460919", "currentUrl": "https://epos.einvoice.com.tw/UM0501"}, "timestamp": 1778039128907}
{"sessionId": "79f104", "runId": "pre-fix", "hypothesisId": "H1", "location": "Epos自動化測試工具3.0.py:open_business_query_page", "message": "Opened business query page", "data": {"currentUrl": "https://epos.einvoice.com.tw/AS0102", "openedBizPage": true}, "timestamp": 1778039129792}
{"sessionId": "79f104", "runId": "pre-fix", "hypothesisId": "H3", "location": "Epos自動化測試工具3.0.py:query_invoice_rows:rows", "message": "Fetched invoice rows", "data": {"companyId": "83843132", "invoiceNumber": "BJ80460919", "rowCount": 2, "rows": [[1, "開立", "小平台解析失敗"], [2, "開立", "大平台回覆成功"]]}, "timestamp": 1778039131428}
{"sessionId": "79f104", "runId": "pre-fix", "hypothesisId": "H3", "location": "Epos自動化測試工具3.0.py:check_and_process_invoice:decision", "message": "Decision for multi rows", "data": {"invoiceNumber": "BJ80460919", "totalRows": 2, "failRows": 1, "reasons": ["小平台解析失敗", "大平台回覆成功"]}, "timestamp": 1778039131434}
{"sessionId": "79f104", "runId": "pre-fix", "hypothesisId": "H2", "location": "Epos自動化測試工具3.0.py:delete_invoice:start", "message": "Start delete invoice", "data": {"companyId": "83843132", "invoiceNumber": "BJ80460919", "currentUrl": "https://epos.einvoice.com.tw/AS0102"}, "timestamp": 1778039131442}
{"sessionId": "79f104", "runId": "post-fix", "hypothesisId": "H2", "location": "Epos自動化測試工具3.0.py:open_ops_page:ready", "message": "Ops page ready", "data": {"currentUrl": "https://epos.einvoice.com.tw/UM0501", "openedOpsPage": true}, "timestamp": 1778039132126}
{"sessionId": "79f104", "runId": "pre-fix", "hypothesisId": "H2", "location": "Epos自動化測試工具3.0.py:delete_invoice:query_result", "message": "Delete page query result", "data": {"invoiceNumber": "BJ80460919", "rowCount": 1}, "timestamp": 1778039132784}
{"sessionId": "79f104", "runId": "pre-fix", "hypothesisId": "H4", "location": "Epos自動化測試工具3.0.py:check_and_process_invoice:start", "message": "Start process invoice", "data": {"companyId": "83843132", "invoiceNumber": "BJ80460946", "currentUrl": "https://epos.einvoice.com.tw/UM0501"}, "timestamp": 1778039133566}
{"sessionId": "79f104", "runId": "pre-fix", "hypothesisId": "H1", "location": "Epos自動化測試工具3.0.py:query_invoice_rows:start", "message": "Start invoice query", "data": {"companyId": "83843132", "invoiceNumber": "BJ80460946", "currentUrl": "https://epos.einvoice.com.tw/UM0501"}, "timestamp": 1778039133576}
{"sessionId": "79f104", "runId": "pre-fix", "hypothesisId": "H1", "location": "Epos自動化測試工具3.0.py:open_business_query_page", "message": "Opened business query page", "data": {"currentUrl": "https://epos.einvoice.com.tw/AS0102", "openedBizPage": true}, "timestamp": 1778039134490}
{"sessionId": "79f104", "runId": "pre-fix", "hypothesisId": "H3", "location": "Epos自動化測試工具3.0.py:query_invoice_rows:rows", "message": "Fetched invoice rows", "data": {"companyId": "83843132", "invoiceNumber": "BJ80460946", "rowCount": 2, "rows": [[1, "開立", "大平台回覆成功"], [2, "開立", "小平台解析失敗"]]}, "timestamp": 1778039136172}
{"sessionId": "79f104", "runId": "pre-fix", "hypothesisId": "H3", "location": "Epos自動化測試工具3.0.py:check_and_process_invoice:decision", "message": "Decision for multi rows", "data": {"invoiceNumber": "BJ80460946", "totalRows": 2, "failRows": 1, "reasons": ["大平台回覆成功", "小平台解析失敗"]}, "timestamp": 1778039136179}
{"sessionId": "79f104", "runId": "pre-fix", "hypothesisId": "H2", "location": "Epos自動化測試工具3.0.py:delete_invoice:start", "message": "Start delete invoice", "data": {"companyId": "83843132", "invoiceNumber": "BJ80460946", "currentUrl": "https://epos.einvoice.com.tw/AS0102"}, "timestamp": 1778039136188}
{"sessionId": "79f104", "runId": "post-fix", "hypothesisId": "H2", "location": "Epos自動化測試工具3.0.py:open_ops_page:ready", "message": "Ops page ready", "data": {"currentUrl": "https://epos.einvoice.com.tw/UM0501", "openedOpsPage": true}, "timestamp": 1778039136877}
{"sessionId": "79f104", "runId": "pre-fix", "hypothesisId": "H2", "location": "Epos自動化測試工具3.0.py:delete_invoice:query_result", "message": "Delete page query result", "data": {"invoiceNumber": "BJ80460946", "rowCount": 1}, "timestamp": 1778039137538}
{"sessionId": "79f104", "runId": "pre-fix", "hypothesisId": "H4", "location": "Epos自動化測試工具3.0.py:check_and_process_invoice:start", "message": "Start process invoice", "data": {"companyId": "83843132", "invoiceNumber": "BJ80460951", "currentUrl": "https://epos.einvoice.com.tw/UM0501"}, "timestamp": 1778039138253}
{"sessionId": "79f104", "runId": "pre-fix", "hypothesisId": "H1", "location": "Epos自動化測試工具3.0.py:query_invoice_rows:start", "message": "Start invoice query", "data": {"companyId": "83843132", "invoiceNumber": "BJ80460951", "currentUrl": "https://epos.einvoice.com.tw/UM0501"}, "timestamp": 1778039138264}
{"sessionId": "79f104", "runId": "pre-fix", "hypothesisId": "H1", "location": "Epos自動化測試工具3.0.py:open_business_query_page", "message": "Opened business query page", "data": {"currentUrl": "https://epos.einvoice.com.tw/AS0102", "openedBizPage": true}, "timestamp": 1778039139187}
{"sessionId": "79f104", "runId": "pre-fix", "hypothesisId": "H3", "location": "Epos自動化測試工具3.0.py:query_invoice_rows:rows", "message": "Fetched invoice rows", "data": {"companyId": "83843132", "invoiceNumber": "BJ80460951", "rowCount": 2, "rows": [[1, "開立", "小平台解析失敗"], [2, "開立", "大平台回覆成功"]]}, "timestamp": 1778039140878}
{"sessionId": "79f104", "runId": "pre-fix", "hypothesisId": "H3", "location": "Epos自動化測試工具3.0.py:check_and_process_invoice:decision", "message": "Decision for multi rows", "data": {"invoiceNumber": "BJ80460951", "totalRows": 2, "failRows": 1, "reasons": ["小平台解析失敗", "大平台回覆成功"]}, "timestamp": 1778039140884}
{"sessionId": "79f104", "runId": "pre-fix", "hypothesisId": "H2", "location": "Epos自動化測試工具3.0.py:delete_invoice:start", "message": "Start delete invoice", "data": {"companyId": "83843132", "invoiceNumber": "BJ80460951", "currentUrl": "https://epos.einvoice.com.tw/AS0102"}, "timestamp": 1778039140894}
{"sessionId": "79f104", "runId": "post-fix", "hypothesisId": "H2", "location": "Epos自動化測試工具3.0.py:open_ops_page:ready", "message": "Ops page ready", "data": {"currentUrl": "https://epos.einvoice.com.tw/UM0501", "openedOpsPage": true}, "timestamp": 1778039141606}
{"sessionId": "79f104", "runId": "pre-fix", "hypothesisId": "H2", "location": "Epos自動化測試工具3.0.py:delete_invoice:query_result", "message": "Delete page query result", "data": {"invoiceNumber": "BJ80460951", "rowCount": 1}, "timestamp": 1778039142296}
{"sessionId": "79f104", "runId": "pre-fix", "hypothesisId": "H4", "location": "Epos自動化測試工具3.0.py:check_and_process_invoice:start", "message": "Start process invoice", "data": {"companyId": "83843132", "invoiceNumber": "BJ80460914", "currentUrl": "https://epos.einvoice.com.tw/UM0501"}, "timestamp": 1778039143022}
{"sessionId": "79f104", "runId": "pre-fix", "hypothesisId": "H1", "location": "Epos自動化測試工具3.0.py:query_invoice_rows:start", "message": "Start invoice query", "data": {"companyId": "83843132", "invoiceNumber": "BJ80460914", "currentUrl": "https://epos.einvoice.com.tw/UM0501"}, "timestamp": 1778039143033}
{"sessionId": "79f104", "runId": "pre-fix", "hypothesisId": "H1", "location": "Epos自動化測試工具3.0.py:open_business_query_page", "message": "Opened business query page", "data": {"currentUrl": "https://epos.einvoice.com.tw/AS0102", "openedBizPage": true}, "timestamp": 1778039143972}
{"sessionId": "79f104", "runId": "pre-fix", "hypothesisId": "H3", "location": "Epos自動化測試工具3.0.py:query_invoice_rows:rows", "message": "Fetched invoice rows", "data": {"companyId": "83843132", "invoiceNumber": "BJ80460914", "rowCount": 2, "rows": [[1, "開立", "大平台回覆成功"], [2, "開立", "小平台解析失敗"]]}, "timestamp": 1778039145655}
{"sessionId": "79f104", "runId": "pre-fix", "hypothesisId": "H3", "location": "Epos自動化測試工具3.0.py:check_and_process_invoice:decision", "message": "Decision for multi rows", "data": {"invoiceNumber": "BJ80460914", "totalRows": 2, "failRows": 1, "reasons": ["大平台回覆成功", "小平台解析失敗"]}, "timestamp": 1778039145662}
{"sessionId": "79f104", "runId": "pre-fix", "hypothesisId": "H2", "location": "Epos自動化測試工具3.0.py:delete_invoice:start", "message": "Start delete invoice", "data": {"companyId": "83843132", "invoiceNumber": "BJ80460914", "currentUrl": "https://epos.einvoice.com.tw/AS0102"}, "timestamp": 1778039145672}
{"sessionId": "79f104", "runId": "post-fix", "hypothesisId": "H2", "location": "Epos自動化測試工具3.0.py:open_ops_page:ready", "message": "Ops page ready", "data": {"currentUrl": "https://epos.einvoice.com.tw/UM0501", "openedOpsPage": true}, "timestamp": 1778039146342}
{"sessionId": "79f104", "runId": "pre-fix", "hypothesisId": "H2", "location": "Epos自動化測試工具3.0.py:delete_invoice:query_result", "message": "Delete page query result", "data": {"invoiceNumber": "BJ80460914", "rowCount": 1}, "timestamp": 1778039147006}
{"sessionId": "79f104", "runId": "post-fix", "hypothesisId": "H5", "location": "Epos自動化測試工具3.0.py:write_invoice_data:success", "message": "Excel write success", "data": {"path": "D:\\D\\wilsonhuang\\Worktime\\python\\epos自動化測試工具3.0\\data\\EposError.xlsx", "rows": 14}, "timestamp": 1778039147927}
{"sessionId": "79f104", "runId": "pre-fix", "hypothesisId": "H4", "location": "Epos自動化測試工具3.0.py:check_and_process_invoice:start", "message": "Start process invoice", "data": {"companyId": "83843132", "invoiceNumber": "BJ80460949", "currentUrl": "https://epos.einvoice.com.tw/UM0501"}, "timestamp": 1778039147936}
{"sessionId": "79f104", "runId": "pre-fix", "hypothesisId": "H1", "location": "Epos自動化測試工具3.0.py:query_invoice_rows:start", "message": "Start invoice query", "data": {"companyId": "83843132", "invoiceNumber": "BJ80460949", "currentUrl": "https://epos.einvoice.com.tw/UM0501"}, "timestamp": 1778039147944}
{"sessionId": "79f104", "runId": "pre-fix", "hypothesisId": "H1", "location": "Epos自動化測試工具3.0.py:open_business_query_page", "message": "Opened business query page", "data": {"currentUrl": "https://epos.einvoice.com.tw/AS0102", "openedBizPage": true}, "timestamp": 1778039148862}
{"sessionId": "79f104", "runId": "pre-fix", "hypothesisId": "H3", "location": "Epos自動化測試工具3.0.py:query_invoice_rows:rows", "message": "Fetched invoice rows", "data": {"companyId": "83843132", "invoiceNumber": "BJ80460949", "rowCount": 2, "rows": [[1, "開立", "大平台回覆成功"], [2, "開立", "小平台解析失敗"]]}, "timestamp": 1778039150633}
{"sessionId": "79f104", "runId": "pre-fix", "hypothesisId": "H3", "location": "Epos自動化測試工具3.0.py:check_and_process_invoice:decision", "message": "Decision for multi rows", "data": {"invoiceNumber": "BJ80460949", "totalRows": 2, "failRows": 1, "reasons": ["大平台回覆成功", "小平台解析失敗"]}, "timestamp": 1778039150639}
{"sessionId": "79f104", "runId": "pre-fix", "hypothesisId": "H2", "location": "Epos自動化測試工具3.0.py:delete_invoice:start", "message": "Start delete invoice", "data": {"companyId": "83843132", "invoiceNumber": "BJ80460949", "currentUrl": "https://epos.einvoice.com.tw/AS0102"}, "timestamp": 1778039150646}
{"sessionId": "79f104", "runId": "post-fix", "hypothesisId": "H2", "location": "Epos自動化測試工具3.0.py:open_ops_page:ready", "message": "Ops page ready", "data": {"currentUrl": "https://epos.einvoice.com.tw/UM0501", "openedOpsPage": true}, "timestamp": 1778039151307}
{"sessionId": "79f104", "runId": "pre-fix", "hypothesisId": "H2", "location": "Epos自動化測試工具3.0.py:delete_invoice:query_result", "message": "Delete page query result", "data": {"invoiceNumber": "BJ80460949", "rowCount": 1}, "timestamp": 1778039151967}
{"sessionId": "79f104", "runId": "pre-fix", "hypothesisId": "H4", "location": "Epos自動化測試工具3.0.py:check_and_process_invoice:start", "message": "Start process invoice", "data": {"companyId": "83843132", "invoiceNumber": "BJ80460903", "currentUrl": "https://epos.einvoice.com.tw/UM0501"}, "timestamp": 1778039152703}
{"sessionId": "79f104", "runId": "pre-fix", "hypothesisId": "H1", "location": "Epos自動化測試工具3.0.py:query_invoice_rows:start", "message": "Start invoice query", "data": {"companyId": "83843132", "invoiceNumber": "BJ80460903", "currentUrl": "https://epos.einvoice.com.tw/UM0501"}, "timestamp": 1778039152716}
{"sessionId": "79f104", "runId": "pre-fix", "hypothesisId": "H1", "location": "Epos自動化測試工具3.0.py:open_business_query_page", "message": "Opened business query page", "data": {"currentUrl": "https://epos.einvoice.com.tw/AS0102", "openedBizPage": true}, "timestamp": 1778039153603}
{"sessionId": "79f104", "runId": "pre-fix", "hypothesisId": "H3", "location": "Epos自動化測試工具3.0.py:query_invoice_rows:rows", "message": "Fetched invoice rows", "data": {"companyId": "83843132", "invoiceNumber": "BJ80460903", "rowCount": 2, "rows": [[1, "開立", "大平台回覆成功"], [2, "開立", "小平台解析失敗"]]}, "timestamp": 1778039155238}
{"sessionId": "79f104", "runId": "pre-fix", "hypothesisId": "H3", "location": "Epos自動化測試工具3.0.py:check_and_process_invoice:decision", "message": "Decision for multi rows", "data": {"invoiceNumber": "BJ80460903", "totalRows": 2, "failRows": 1, "reasons": ["大平台回覆成功", "小平台解析失敗"]}, "timestamp": 1778039155245}
{"sessionId": "79f104", "runId": "pre-fix", "hypothesisId": "H2", "location": "Epos自動化測試工具3.0.py:delete_invoice:start", "message": "Start delete invoice", "data": {"companyId": "83843132", "invoiceNumber": "BJ80460903", "currentUrl": "https://epos.einvoice.com.tw/AS0102"}, "timestamp": 1778039155256}
{"sessionId": "79f104", "runId": "post-fix", "hypothesisId": "H2", "location": "Epos自動化測試工具3.0.py:open_ops_page:ready", "message": "Ops page ready", "data": {"currentUrl": "https://epos.einvoice.com.tw/UM0501", "openedOpsPage": true}, "timestamp": 1778039155937}
{"sessionId": "79f104", "runId": "pre-fix", "hypothesisId": "H2", "location": "Epos自動化測試工具3.0.py:delete_invoice:query_result", "message": "Delete page query result", "data": {"invoiceNumber": "BJ80460903", "rowCount": 1}, "timestamp": 1778039156688}
{"sessionId": "79f104", "runId": "pre-fix", "hypothesisId": "H4", "location": "Epos自動化測試工具3.0.py:check_and_process_invoice:start", "message": "Start process invoice", "data": {"companyId": "83843132", "invoiceNumber": "BJ80460927", "currentUrl": "https://epos.einvoice.com.tw/UM0501"}, "timestamp": 1778039157427}
{"sessionId": "79f104", "runId": "pre-fix", "hypothesisId": "H1", "location": "Epos自動化測試工具3.0.py:query_invoice_rows:start", "message": "Start invoice query", "data": {"companyId": "83843132", "invoiceNumber": "BJ80460927", "currentUrl": "https://epos.einvoice.com.tw/UM0501"}, "timestamp": 1778039157441}
{"sessionId": "79f104", "runId": "pre-fix", "hypothesisId": "H1", "location": "Epos自動化測試工具3.0.py:open_business_query_page", "message": "Opened business query page", "data": {"currentUrl": "https://epos.einvoice.com.tw/AS0102", "openedBizPage": true}, "timestamp": 1778039158338}
{"sessionId": "79f104", "runId": "pre-fix", "hypothesisId": "H3", "location": "Epos自動化測試工具3.0.py:query_invoice_rows:rows", "message": "Fetched invoice rows", "data": {"companyId": "83843132", "invoiceNumber": "BJ80460927", "rowCount": 2, "rows": [[1, "開立", "小平台解析失敗"], [2, "開立", "大平台回覆成功"]]}, "timestamp": 1778039159997}
{"sessionId": "79f104", "runId": "pre-fix", "hypothesisId": "H3", "location": "Epos自動化測試工具3.0.py:check_and_process_invoice:decision", "message": "Decision for multi rows", "data": {"invoiceNumber": "BJ80460927", "totalRows": 2, "failRows": 1, "reasons": ["小平台解析失敗", "大平台回覆成功"]}, "timestamp": 1778039160005}
{"sessionId": "79f104", "runId": "pre-fix", "hypothesisId": "H2", "location": "Epos自動化測試工具3.0.py:delete_invoice:start", "message": "Start delete invoice", "data": {"companyId": "83843132", "invoiceNumber": "BJ80460927", "currentUrl": "https://epos.einvoice.com.tw/AS0102"}, "timestamp": 1778039160020}
{"sessionId": "79f104", "runId": "post-fix", "hypothesisId": "H2", "location": "Epos自動化測試工具3.0.py:open_ops_page:ready", "message": "Ops page ready", "data": {"currentUrl": "https://epos.einvoice.com.tw/UM0501", "openedOpsPage": true}, "timestamp": 1778039160692}
{"sessionId": "79f104", "runId": "pre-fix", "hypothesisId": "H2", "location": "Epos自動化測試工具3.0.py:delete_invoice:query_result", "message": "Delete page query result", "data": {"invoiceNumber": "BJ80460927", "rowCount": 1}, "timestamp": 1778039161354}
{"sessionId": "79f104", "runId": "pre-fix", "hypothesisId": "H4", "location": "Epos自動化測試工具3.0.py:check_and_process_invoice:start", "message": "Start process invoice", "data": {"companyId": "83843132", "invoiceNumber": "BJ80460908", "currentUrl": "https://epos.einvoice.com.tw/UM0501"}, "timestamp": 1778039162070}
{"sessionId": "79f104", "runId": "pre-fix", "hypothesisId": "H1", "location": "Epos自動化測試工具3.0.py:query_invoice_rows:start", "message": "Start invoice query", "data": {"companyId": "83843132", "invoiceNumber": "BJ80460908", "currentUrl": "https://epos.einvoice.com.tw/UM0501"}, "timestamp": 1778039162083}
{"sessionId": "79f104", "runId": "pre-fix", "hypothesisId": "H1", "location": "Epos自動化測試工具3.0.py:open_business_query_page", "message": "Opened business query page", "data": {"currentUrl": "https://epos.einvoice.com.tw/AS0102", "openedBizPage": true}, "timestamp": 1778039162963}
{"sessionId": "79f104", "runId": "pre-fix", "hypothesisId": "H3", "location": "Epos自動化測試工具3.0.py:query_invoice_rows:rows", "message": "Fetched invoice rows", "data": {"companyId": "83843132", "invoiceNumber": "BJ80460908", "rowCount": 2, "rows": [[1, "開立", "大平台回覆成功"], [2, "開立", "小平台解析失敗"]]}, "timestamp": 1778039164663}
{"sessionId": "79f104", "runId": "pre-fix", "hypothesisId": "H3", "location": "Epos自動化測試工具3.0.py:check_and_process_invoice:decision", "message": "Decision for multi rows", "data": {"invoiceNumber": "BJ80460908", "totalRows": 2, "failRows": 1, "reasons": ["大平台回覆成功", "小平台解析失敗"]}, "timestamp": 1778039164670}
{"sessionId": "79f104", "runId": "pre-fix", "hypothesisId": "H2", "location": "Epos自動化測試工具3.0.py:delete_invoice:start", "message": "Start delete invoice", "data": {"companyId": "83843132", "invoiceNumber": "BJ80460908", "currentUrl": "https://epos.einvoice.com.tw/AS0102"}, "timestamp": 1778039164677}
{"sessionId": "79f104", "runId": "post-fix", "hypothesisId": "H2", "location": "Epos自動化測試工具3.0.py:open_ops_page:ready", "message": "Ops page ready", "data": {"currentUrl": "https://epos.einvoice.com.tw/UM0501", "openedOpsPage": true}, "timestamp": 1778039165336}
{"sessionId": "79f104", "runId": "pre-fix", "hypothesisId": "H2", "location": "Epos自動化測試工具3.0.py:delete_invoice:query_result", "message": "Delete page query result", "data": {"invoiceNumber": "BJ80460908", "rowCount": 1}, "timestamp": 1778039166001}
{"sessionId": "79f104", "runId": "pre-fix", "hypothesisId": "H4", "location": "Epos自動化測試工具3.0.py:check_and_process_invoice:start", "message": "Start process invoice", "data": {"companyId": "83843132", "invoiceNumber": "BJ80460925", "currentUrl": "https://epos.einvoice.com.tw/UM0501"}, "timestamp": 1778039166716}
{"sessionId": "79f104", "runId": "pre-fix", "hypothesisId": "H1", "location": "Epos自動化測試工具3.0.py:query_invoice_rows:start", "message": "Start invoice query", "data": {"companyId": "83843132", "invoiceNumber": "BJ80460925", "currentUrl": "https://epos.einvoice.com.tw/UM0501"}, "timestamp": 1778039166727}
{"sessionId": "79f104", "runId": "pre-fix", "hypothesisId": "H1", "location": "Epos自動化測試工具3.0.py:open_business_query_page", "message": "Opened business query page", "data": {"currentUrl": "https://epos.einvoice.com.tw/AS0102", "openedBizPage": true}, "timestamp": 1778039167612}
{"sessionId": "79f104", "runId": "pre-fix", "hypothesisId": "H3", "location": "Epos自動化測試工具3.0.py:query_invoice_rows:rows", "message": "Fetched invoice rows", "data": {"companyId": "83843132", "invoiceNumber": "BJ80460925", "rowCount": 2, "rows": [[1, "開立", "小平台解析失敗"], [2, "開立", "大平台回覆成功"]]}, "timestamp": 1778039169238}
{"sessionId": "79f104", "runId": "pre-fix", "hypothesisId": "H3", "location": "Epos自動化測試工具3.0.py:check_and_process_invoice:decision", "message": "Decision for multi rows", "data": {"invoiceNumber": "BJ80460925", "totalRows": 2, "failRows": 1, "reasons": ["小平台解析失敗", "大平台回覆成功"]}, "timestamp": 1778039169245}
{"sessionId": "79f104", "runId": "pre-fix", "hypothesisId": "H2", "location": "Epos自動化測試工具3.0.py:delete_invoice:start", "message": "Start delete invoice", "data": {"companyId": "83843132", "invoiceNumber": "BJ80460925", "currentUrl": "https://epos.einvoice.com.tw/AS0102"}, "timestamp": 1778039169256}
{"sessionId": "79f104", "runId": "post-fix", "hypothesisId": "H2", "location": "Epos自動化測試工具3.0.py:open_ops_page:ready", "message": "Ops page ready", "data": {"currentUrl": "https://epos.einvoice.com.tw/UM0501", "openedOpsPage": true}, "timestamp": 1778039169923}
{"sessionId": "79f104", "runId": "pre-fix", "hypothesisId": "H2", "location": "Epos自動化測試工具3.0.py:delete_invoice:query_result", "message": "Delete page query result", "data": {"invoiceNumber": "BJ80460925", "rowCount": 1}, "timestamp": 1778039170615}
{"sessionId": "79f104", "runId": "post-fix", "hypothesisId": "H5", "location": "Epos自動化測試工具3.0.py:write_invoice_data:success", "message": "Excel write success", "data": {"path": "D:\\D\\wilsonhuang\\Worktime\\python\\epos自動化測試工具3.0\\data\\EposError.xlsx", "rows": 9}, "timestamp": 1778039171368}
{"sessionId": "79f104", "runId": "pre-fix", "hypothesisId": "H4", "location": "Epos自動化測試工具3.0.py:check_and_process_invoice:start", "message": "Start process invoice", "data": {"companyId": "83843132", "invoiceNumber": "BJ80460940", "currentUrl": "https://epos.einvoice.com.tw/UM0501"}, "timestamp": 1778039171377}
{"sessionId": "79f104", "runId": "pre-fix", "hypothesisId": "H1", "location": "Epos自動化測試工具3.0.py:query_invoice_rows:start", "message": "Start invoice query", "data": {"companyId": "83843132", "invoiceNumber": "BJ80460940", "currentUrl": "https://epos.einvoice.com.tw/UM0501"}, "timestamp": 1778039171386}
{"sessionId": "79f104", "runId": "pre-fix", "hypothesisId": "H1", "location": "Epos自動化測試工具3.0.py:open_business_query_page", "message": "Opened business query page", "data": {"currentUrl": "https://epos.einvoice.com.tw/AS0102", "openedBizPage": true}, "timestamp": 1778039172199}
{"sessionId": "79f104", "runId": "pre-fix", "hypothesisId": "H3", "location": "Epos自動化測試工具3.0.py:query_invoice_rows:rows", "message": "Fetched invoice rows", "data": {"companyId": "83843132", "invoiceNumber": "BJ80460940", "rowCount": 2, "rows": [[1, "開立", "大平台回覆成功"], [2, "開立", "小平台解析失敗"]]}, "timestamp": 1778039173853}
{"sessionId": "79f104", "runId": "pre-fix", "hypothesisId": "H3", "location": "Epos自動化測試工具3.0.py:check_and_process_invoice:decision", "message": "Decision for multi rows", "data": {"invoiceNumber": "BJ80460940", "totalRows": 2, "failRows": 1, "reasons": ["大平台回覆成功", "小平台解析失敗"]}, "timestamp": 1778039173861}
{"sessionId": "79f104", "runId": "pre-fix", "hypothesisId": "H2", "location": "Epos自動化測試工具3.0.py:delete_invoice:start", "message": "Start delete invoice", "data": {"companyId": "83843132", "invoiceNumber": "BJ80460940", "currentUrl": "https://epos.einvoice.com.tw/AS0102"}, "timestamp": 1778039173873}
{"sessionId": "79f104", "runId": "post-fix", "hypothesisId": "H2", "location": "Epos自動化測試工具3.0.py:open_ops_page:ready", "message": "Ops page ready", "data": {"currentUrl": "https://epos.einvoice.com.tw/UM0501", "openedOpsPage": true}, "timestamp": 1778039174553}
{"sessionId": "79f104", "runId": "pre-fix", "hypothesisId": "H2", "location": "Epos自動化測試工具3.0.py:delete_invoice:query_result", "message": "Delete page query result", "data": {"invoiceNumber": "BJ80460940", "rowCount": 1}, "timestamp": 1778039175235}
{"sessionId": "79f104", "runId": "pre-fix", "hypothesisId": "H4", "location": "Epos自動化測試工具3.0.py:check_and_process_invoice:start", "message": "Start process invoice", "data": {"companyId": "83843132", "invoiceNumber": "BJ80460936", "currentUrl": "https://epos.einvoice.com.tw/UM0501"}, "timestamp": 1778039175952}
{"sessionId": "79f104", "runId": "pre-fix", "hypothesisId": "H1", "location": "Epos自動化測試工具3.0.py:query_invoice_rows:start", "message": "Start invoice query", "data": {"companyId": "83843132", "invoiceNumber": "BJ80460936", "currentUrl": "https://epos.einvoice.com.tw/UM0501"}, "timestamp": 1778039175961}
{"sessionId": "79f104", "runId": "pre-fix", "hypothesisId": "H1", "location": "Epos自動化測試工具3.0.py:open_business_query_page", "message": "Opened business query page", "data": {"currentUrl": "https://epos.einvoice.com.tw/AS0102", "openedBizPage": true}, "timestamp": 1778039176826}
{"sessionId": "79f104", "runId": "pre-fix", "hypothesisId": "H3", "location": "Epos自動化測試工具3.0.py:query_invoice_rows:rows", "message": "Fetched invoice rows", "data": {"companyId": "83843132", "invoiceNumber": "BJ80460936", "rowCount": 2, "rows": [[1, "開立", "大平台回覆成功"], [2, "開立", "小平台解析失敗"]]}, "timestamp": 1778039178475}
{"sessionId": "79f104", "runId": "pre-fix", "hypothesisId": "H3", "location": "Epos自動化測試工具3.0.py:check_and_process_invoice:decision", "message": "Decision for multi rows", "data": {"invoiceNumber": "BJ80460936", "totalRows": 2, "failRows": 1, "reasons": ["大平台回覆成功", "小平台解析失敗"]}, "timestamp": 1778039178481}
{"sessionId": "79f104", "runId": "pre-fix", "hypothesisId": "H2", "location": "Epos自動化測試工具3.0.py:delete_invoice:start", "message": "Start delete invoice", "data": {"companyId": "83843132", "invoiceNumber": "BJ80460936", "currentUrl": "https://epos.einvoice.com.tw/AS0102"}, "timestamp": 1778039178490}
{"sessionId": "79f104", "runId": "post-fix", "hypothesisId": "H2", "location": "Epos自動化測試工具3.0.py:open_ops_page:ready", "message": "Ops page ready", "data": {"currentUrl": "https://epos.einvoice.com.tw/UM0501", "openedOpsPage": true}, "timestamp": 1778039179149}
{"sessionId": "79f104", "runId": "pre-fix", "hypothesisId": "H2", "location": "Epos自動化測試工具3.0.py:delete_invoice:query_result", "message": "Delete page query result", "data": {"invoiceNumber": "BJ80460936", "rowCount": 1}, "timestamp": 1778039179819}
{"sessionId": "79f104", "runId": "pre-fix", "hypothesisId": "H4", "location": "Epos自動化測試工具3.0.py:check_and_process_invoice:start", "message": "Start process invoice", "data": {"companyId": "83843132", "invoiceNumber": "BJ80460935", "currentUrl": "https://epos.einvoice.com.tw/UM0501"}, "timestamp": 1778039180556}
{"sessionId": "79f104", "runId": "pre-fix", "hypothesisId": "H1", "location": "Epos自動化測試工具3.0.py:query_invoice_rows:start", "message": "Start invoice query", "data": {"companyId": "83843132", "invoiceNumber": "BJ80460935", "currentUrl": "https://epos.einvoice.com.tw/UM0501"}, "timestamp": 1778039180569}
{"sessionId": "79f104", "runId": "pre-fix", "hypothesisId": "H1", "location": "Epos自動化測試工具3.0.py:open_business_query_page", "message": "Opened business query page", "data": {"currentUrl": "https://epos.einvoice.com.tw/AS0102", "openedBizPage": true}, "timestamp": 1778039181535}
{"sessionId": "79f104", "runId": "pre-fix", "hypothesisId": "H3", "location": "Epos自動化測試工具3.0.py:query_invoice_rows:rows", "message": "Fetched invoice rows", "data": {"companyId": "83843132", "invoiceNumber": "BJ80460935", "rowCount": 2, "rows": [[1, "開立", "小平台解析失敗"], [2, "開立", "大平台回覆成功"]]}, "timestamp": 1778039183250}
{"sessionId": "79f104", "runId": "pre-fix", "hypothesisId": "H3", "location": "Epos自動化測試工具3.0.py:check_and_process_invoice:decision", "message": "Decision for multi rows", "data": {"invoiceNumber": "BJ80460935", "totalRows": 2, "failRows": 1, "reasons": ["小平台解析失敗", "大平台回覆成功"]}, "timestamp": 1778039183257}
{"sessionId": "79f104", "runId": "pre-fix", "hypothesisId": "H2", "location": "Epos自動化測試工具3.0.py:delete_invoice:start", "message": "Start delete invoice", "data": {"companyId": "83843132", "invoiceNumber": "BJ80460935", "currentUrl": "https://epos.einvoice.com.tw/AS0102"}, "timestamp": 1778039183266}
{"sessionId": "79f104", "runId": "post-fix", "hypothesisId": "H2", "location": "Epos自動化測試工具3.0.py:open_ops_page:ready", "message": "Ops page ready", "data": {"currentUrl": "https://epos.einvoice.com.tw/UM0501", "openedOpsPage": true}, "timestamp": 1778039183962}
{"sessionId": "79f104", "runId": "pre-fix", "hypothesisId": "H2", "location": "Epos自動化測試工具3.0.py:delete_invoice:query_result", "message": "Delete page query result", "data": {"invoiceNumber": "BJ80460935", "rowCount": 1}, "timestamp": 1778039184642}
{"sessionId": "79f104", "runId": "pre-fix", "hypothesisId": "H4", "location": "Epos自動化測試工具3.0.py:check_and_process_invoice:start", "message": "Start process invoice", "data": {"companyId": "83843132", "invoiceNumber": "BJ80460906", "currentUrl": "https://epos.einvoice.com.tw/UM0501"}, "timestamp": 1778039185395}
{"sessionId": "79f104", "runId": "pre-fix", "hypothesisId": "H1", "location": "Epos自動化測試工具3.0.py:query_invoice_rows:start", "message": "Start invoice query", "data": {"companyId": "83843132", "invoiceNumber": "BJ80460906", "currentUrl": "https://epos.einvoice.com.tw/UM0501"}, "timestamp": 1778039185415}
{"sessionId": "79f104", "runId": "pre-fix", "hypothesisId": "H1", "location": "Epos自動化測試工具3.0.py:open_business_query_page", "message": "Opened business query page", "data": {"currentUrl": "https://epos.einvoice.com.tw/AS0102", "openedBizPage": true}, "timestamp": 1778039186308}
{"sessionId": "79f104", "runId": "pre-fix", "hypothesisId": "H3", "location": "Epos自動化測試工具3.0.py:query_invoice_rows:rows", "message": "Fetched invoice rows", "data": {"companyId": "83843132", "invoiceNumber": "BJ80460906", "rowCount": 2, "rows": [[1, "開立", "大平台回覆成功"], [2, "開立", "小平台解析失敗"]]}, "timestamp": 1778039188040}
{"sessionId": "79f104", "runId": "pre-fix", "hypothesisId": "H3", "location": "Epos自動化測試工具3.0.py:check_and_process_invoice:decision", "message": "Decision for multi rows", "data": {"invoiceNumber": "BJ80460906", "totalRows": 2, "failRows": 1, "reasons": ["大平台回覆成功", "小平台解析失敗"]}, "timestamp": 1778039188046}
{"sessionId": "79f104", "runId": "pre-fix", "hypothesisId": "H2", "location": "Epos自動化測試工具3.0.py:delete_invoice:start", "message": "Start delete invoice", "data": {"companyId": "83843132", "invoiceNumber": "BJ80460906", "currentUrl": "https://epos.einvoice.com.tw/AS0102"}, "timestamp": 1778039188058}
{"sessionId": "79f104", "runId": "post-fix", "hypothesisId": "H2", "location": "Epos自動化測試工具3.0.py:open_ops_page:ready", "message": "Ops page ready", "data": {"currentUrl": "https://epos.einvoice.com.tw/UM0501", "openedOpsPage": true}, "timestamp": 1778039188750}
{"sessionId": "79f104", "runId": "pre-fix", "hypothesisId": "H2", "location": "Epos自動化測試工具3.0.py:delete_invoice:query_result", "message": "Delete page query result", "data": {"invoiceNumber": "BJ80460906", "rowCount": 1}, "timestamp": 1778039189416}
{"sessionId": "79f104", "runId": "pre-fix", "hypothesisId": "H4", "location": "Epos自動化測試工具3.0.py:check_and_process_invoice:start", "message": "Start process invoice", "data": {"companyId": "83843132", "invoiceNumber": "BJ80460943", "currentUrl": "https://epos.einvoice.com.tw/UM0501"}, "timestamp": 1778039190143}
{"sessionId": "79f104", "runId": "pre-fix", "hypothesisId": "H1", "location": "Epos自動化測試工具3.0.py:query_invoice_rows:start", "message": "Start invoice query", "data": {"companyId": "83843132", "invoiceNumber": "BJ80460943", "currentUrl": "https://epos.einvoice.com.tw/UM0501"}, "timestamp": 1778039190154}
{"sessionId": "79f104", "runId": "pre-fix", "hypothesisId": "H1", "location": "Epos自動化測試工具3.0.py:open_business_query_page", "message": "Opened business query page", "data": {"currentUrl": "https://epos.einvoice.com.tw/AS0102", "openedBizPage": true}, "timestamp": 1778039191080}
{"sessionId": "79f104", "runId": "pre-fix", "hypothesisId": "H3", "location": "Epos自動化測試工具3.0.py:query_invoice_rows:rows", "message": "Fetched invoice rows", "data": {"companyId": "83843132", "invoiceNumber": "BJ80460943", "rowCount": 2, "rows": [[1, "開立", "大平台回覆成功"], [2, "開立", "小平台解析失敗"]]}, "timestamp": 1778039192829}
{"sessionId": "79f104", "runId": "pre-fix", "hypothesisId": "H3", "location": "Epos自動化測試工具3.0.py:check_and_process_invoice:decision", "message": "Decision for multi rows", "data": {"invoiceNumber": "BJ80460943", "totalRows": 2, "failRows": 1, "reasons": ["大平台回覆成功", "小平台解析失敗"]}, "timestamp": 1778039192839}
{"sessionId": "79f104", "runId": "pre-fix", "hypothesisId": "H2", "location": "Epos自動化測試工具3.0.py:delete_invoice:start", "message": "Start delete invoice", "data": {"companyId": "83843132", "invoiceNumber": "BJ80460943", "currentUrl": "https://epos.einvoice.com.tw/AS0102"}, "timestamp": 1778039192846}
{"sessionId": "79f104", "runId": "post-fix", "hypothesisId": "H2", "location": "Epos自動化測試工具3.0.py:open_ops_page:ready", "message": "Ops page ready", "data": {"currentUrl": "https://epos.einvoice.com.tw/UM0501", "openedOpsPage": true}, "timestamp": 1778039193677}
{"sessionId": "79f104", "runId": "pre-fix", "hypothesisId": "H2", "location": "Epos自動化測試工具3.0.py:delete_invoice:query_result", "message": "Delete page query result", "data": {"invoiceNumber": "BJ80460943", "rowCount": 1}, "timestamp": 1778039194374}
{"sessionId": "79f104", "runId": "post-fix", "hypothesisId": "H5", "location": "Epos自動化測試工具3.0.py:write_invoice_data:success", "message": "Excel write success", "data": {"path": "D:\\D\\wilsonhuang\\Worktime\\python\\epos自動化測試工具3.0\\data\\EposError.xlsx", "rows": 4}, "timestamp": 1778039195155}
{"sessionId": "79f104", "runId": "pre-fix", "hypothesisId": "H4", "location": "Epos自動化測試工具3.0.py:check_and_process_invoice:start", "message": "Start process invoice", "data": {"companyId": "83843132", "invoiceNumber": "BJ80460913", "currentUrl": "https://epos.einvoice.com.tw/UM0501"}, "timestamp": 1778039195168}
{"sessionId": "79f104", "runId": "pre-fix", "hypothesisId": "H1", "location": "Epos自動化測試工具3.0.py:query_invoice_rows:start", "message": "Start invoice query", "data": {"companyId": "83843132", "invoiceNumber": "BJ80460913", "currentUrl": "https://epos.einvoice.com.tw/UM0501"}, "timestamp": 1778039195182}
{"sessionId": "79f104", "runId": "pre-fix", "hypothesisId": "H1", "location": "Epos自動化測試工具3.0.py:open_business_query_page", "message": "Opened business query page", "data": {"currentUrl": "https://epos.einvoice.com.tw/AS0102", "openedBizPage": true}, "timestamp": 1778039196074}
{"sessionId": "79f104", "runId": "pre-fix", "hypothesisId": "H3", "location": "Epos自動化測試工具3.0.py:query_invoice_rows:rows", "message": "Fetched invoice rows", "data": {"companyId": "83843132", "invoiceNumber": "BJ80460913", "rowCount": 2, "rows": [[1, "開立", "小平台解析失敗"], [2, "開立", "大平台回覆成功"]]}, "timestamp": 1778039197771}
{"sessionId": "79f104", "runId": "pre-fix", "hypothesisId": "H3", "location": "Epos自動化測試工具3.0.py:check_and_process_invoice:decision", "message": "Decision for multi rows", "data": {"invoiceNumber": "BJ80460913", "totalRows": 2, "failRows": 1, "reasons": ["小平台解析失敗", "大平台回覆成功"]}, "timestamp": 1778039197778}
{"sessionId": "79f104", "runId": "pre-fix", "hypothesisId": "H2", "location": "Epos自動化測試工具3.0.py:delete_invoice:start", "message": "Start delete invoice", "data": {"companyId": "83843132", "invoiceNumber": "BJ80460913", "currentUrl": "https://epos.einvoice.com.tw/AS0102"}, "timestamp": 1778039197786}
{"sessionId": "79f104", "runId": "post-fix", "hypothesisId": "H2", "location": "Epos自動化測試工具3.0.py:open_ops_page:ready", "message": "Ops page ready", "data": {"currentUrl": "https://epos.einvoice.com.tw/UM0501", "openedOpsPage": true}, "timestamp": 1778039198480}
{"sessionId": "79f104", "runId": "pre-fix", "hypothesisId": "H2", "location": "Epos自動化測試工具3.0.py:delete_invoice:query_result", "message": "Delete page query result", "data": {"invoiceNumber": "BJ80460913", "rowCount": 1}, "timestamp": 1778039199162}
{"sessionId": "79f104", "runId": "pre-fix", "hypothesisId": "H4", "location": "Epos自動化測試工具3.0.py:check_and_process_invoice:start", "message": "Start process invoice", "data": {"companyId": "83843132", "invoiceNumber": "BJ80460930", "currentUrl": "https://epos.einvoice.com.tw/UM0501"}, "timestamp": 1778039199977}
{"sessionId": "79f104", "runId": "pre-fix", "hypothesisId": "H1", "location": "Epos自動化測試工具3.0.py:query_invoice_rows:start", "message": "Start invoice query", "data": {"companyId": "83843132", "invoiceNumber": "BJ80460930", "currentUrl": "https://epos.einvoice.com.tw/UM0501"}, "timestamp": 1778039199993}
{"sessionId": "79f104", "runId": "pre-fix", "hypothesisId": "H1", "location": "Epos自動化測試工具3.0.py:open_business_query_page", "message": "Opened business query page", "data": {"currentUrl": "https://epos.einvoice.com.tw/AS0102", "openedBizPage": true}, "timestamp": 1778039200946}
{"sessionId": "79f104", "runId": "pre-fix", "hypothesisId": "H3", "location": "Epos自動化測試工具3.0.py:query_invoice_rows:rows", "message": "Fetched invoice rows", "data": {"companyId": "83843132", "invoiceNumber": "BJ80460930", "rowCount": 2, "rows": [[1, "開立", "大平台回覆成功"], [2, "開立", "小平台解析失敗"]]}, "timestamp": 1778039202623}
{"sessionId": "79f104", "runId": "pre-fix", "hypothesisId": "H3", "location": "Epos自動化測試工具3.0.py:check_and_process_invoice:decision", "message": "Decision for multi rows", "data": {"invoiceNumber": "BJ80460930", "totalRows": 2, "failRows": 1, "reasons": ["大平台回覆成功", "小平台解析失敗"]}, "timestamp": 1778039202630}
{"sessionId": "79f104", "runId": "pre-fix", "hypothesisId": "H2", "location": "Epos自動化測試工具3.0.py:delete_invoice:start", "message": "Start delete invoice", "data": {"companyId": "83843132", "invoiceNumber": "BJ80460930", "currentUrl": "https://epos.einvoice.com.tw/AS0102"}, "timestamp": 1778039202638}
{"sessionId": "79f104", "runId": "post-fix", "hypothesisId": "H2", "location": "Epos自動化測試工具3.0.py:open_ops_page:ready", "message": "Ops page ready", "data": {"currentUrl": "https://epos.einvoice.com.tw/UM0501", "openedOpsPage": true}, "timestamp": 1778039203319}
{"sessionId": "79f104", "runId": "pre-fix", "hypothesisId": "H2", "location": "Epos自動化測試工具3.0.py:delete_invoice:query_result", "message": "Delete page query result", "data": {"invoiceNumber": "BJ80460930", "rowCount": 1}, "timestamp": 1778039204024}
{"sessionId": "79f104", "runId": "pre-fix", "hypothesisId": "H4", "location": "Epos自動化測試工具3.0.py:check_and_process_invoice:start", "message": "Start process invoice", "data": {"companyId": "52431894", "invoiceNumber": "BJ93366493", "currentUrl": "https://epos.einvoice.com.tw/UM0501"}, "timestamp": 1778039204736}
{"sessionId": "79f104", "runId": "pre-fix", "hypothesisId": "H1", "location": "Epos自動化測試工具3.0.py:query_invoice_rows:start", "message": "Start invoice query", "data": {"companyId": "52431894", "invoiceNumber": "BJ93366493", "currentUrl": "https://epos.einvoice.com.tw/UM0501"}, "timestamp": 1778039204746}
{"sessionId": "79f104", "runId": "pre-fix", "hypothesisId": "H1", "location": "Epos自動化測試工具3.0.py:open_business_query_page", "message": "Opened business query page", "data": {"currentUrl": "https://epos.einvoice.com.tw/AS0102", "openedBizPage": true}, "timestamp": 1778039205730}
{"sessionId": "79f104", "runId": "pre-fix", "hypothesisId": "H3", "location": "Epos自動化測試工具3.0.py:query_invoice_rows:rows", "message": "Fetched invoice rows", "data": {"companyId": "52431894", "invoiceNumber": "BJ93366493", "rowCount": 2, "rows": [[1, "開立", "大平台回覆成功"], [2, "開立", "小平台解析失敗"]]}, "timestamp": 1778039207528}
{"sessionId": "79f104", "runId": "pre-fix", "hypothesisId": "H3", "location": "Epos自動化測試工具3.0.py:check_and_process_invoice:decision", "message": "Decision for multi rows", "data": {"invoiceNumber": "BJ93366493", "totalRows": 2, "failRows": 1, "reasons": ["大平台回覆成功", "小平台解析失敗"]}, "timestamp": 1778039207538}
{"sessionId": "79f104", "runId": "pre-fix", "hypothesisId": "H2", "location": "Epos自動化測試工具3.0.py:delete_invoice:start", "message": "Start delete invoice", "data": {"companyId": "52431894", "invoiceNumber": "BJ93366493", "currentUrl": "https://epos.einvoice.com.tw/AS0102"}, "timestamp": 1778039207549}
{"sessionId": "79f104", "runId": "post-fix", "hypothesisId": "H2", "location": "Epos自動化測試工具3.0.py:open_ops_page:ready", "message": "Ops page ready", "data": {"currentUrl": "https://epos.einvoice.com.tw/UM0501", "openedOpsPage": true}, "timestamp": 1778039208267}
{"sessionId": "79f104", "runId": "pre-fix", "hypothesisId": "H2", "location": "Epos自動化測試工具3.0.py:delete_invoice:query_result", "message": "Delete page query result", "data": {"invoiceNumber": "BJ93366493", "rowCount": 1}, "timestamp": 1778039208952}
{"sessionId": "79f104", "runId": "pre-fix", "hypothesisId": "H4", "location": "Epos自動化測試工具3.0.py:check_and_process_invoice:start", "message": "Start process invoice", "data": {"companyId": "25108990", "invoiceNumber": "BN91351642", "currentUrl": "https://epos.einvoice.com.tw/UM0501"}, "timestamp": 1778039209692}
{"sessionId": "79f104", "runId": "pre-fix", "hypothesisId": "H1", "location": "Epos自動化測試工具3.0.py:query_invoice_rows:start", "message": "Start invoice query", "data": {"companyId": "25108990", "invoiceNumber": "BN91351642", "currentUrl": "https://epos.einvoice.com.tw/UM0501"}, "timestamp": 1778039209702}
{"sessionId": "79f104", "runId": "pre-fix", "hypothesisId": "H1", "location": "Epos自動化測試工具3.0.py:open_business_query_page", "message": "Opened business query page", "data": {"currentUrl": "https://epos.einvoice.com.tw/AS0102", "openedBizPage": true}, "timestamp": 1778039210616}
{"sessionId": "79f104", "runId": "pre-fix", "hypothesisId": "H3", "location": "Epos自動化測試工具3.0.py:query_invoice_rows:rows", "message": "Fetched invoice rows", "data": {"companyId": "25108990", "invoiceNumber": "BN91351642", "rowCount": 2, "rows": [[1, "開立", "大平台回覆成功"], [2, "開立", "小平台解析失敗"]]}, "timestamp": 1778039212338}
{"sessionId": "79f104", "runId": "pre-fix", "hypothesisId": "H3", "location": "Epos自動化測試工具3.0.py:check_and_process_invoice:decision", "message": "Decision for multi rows", "data": {"invoiceNumber": "BN91351642", "totalRows": 2, "failRows": 1, "reasons": ["大平台回覆成功", "小平台解析失敗"]}, "timestamp": 1778039212348}
{"sessionId": "79f104", "runId": "pre-fix", "hypothesisId": "H2", "location": "Epos自動化測試工具3.0.py:delete_invoice:start", "message": "Start delete invoice", "data": {"companyId": "25108990", "invoiceNumber": "BN91351642", "currentUrl": "https://epos.einvoice.com.tw/AS0102"}, "timestamp": 1778039212359}
{"sessionId": "79f104", "runId": "post-fix", "hypothesisId": "H2", "location": "Epos自動化測試工具3.0.py:open_ops_page:ready", "message": "Ops page ready", "data": {"currentUrl": "https://epos.einvoice.com.tw/UM0501", "openedOpsPage": true}, "timestamp": 1778039213106}
{"sessionId": "79f104", "runId": "pre-fix", "hypothesisId": "H2", "location": "Epos自動化測試工具3.0.py:delete_invoice:query_result", "message": "Delete page query result", "data": {"invoiceNumber": "BN91351642", "rowCount": 1}, "timestamp": 1778039213836}
{"sessionId": "79f104", "runId": "post-fix", "hypothesisId": "H5", "location": "Epos自動化測試工具3.0.py:write_invoice_data:success", "message": "Excel write success", "data": {"path": "D:\\D\\wilsonhuang\\Worktime\\python\\epos自動化測試工具3.0\\data\\EposError.xlsx", "rows": 0}, "timestamp": 1778039215121}
{"sessionId": "79f104", "runId": "pre-fix", "hypothesisId": "H4", "location": "Epos自動化測試工具3.0.py:check_and_process_invoice:start", "message": "Start process invoice", "data": {"companyId": "00577422", "invoiceNumber": "BQ61725982", "currentUrl": "https://epos.einvoice.com.tw/Welcome"}, "timestamp": 1778121163146}
{"sessionId": "79f104", "runId": "pre-fix", "hypothesisId": "H1", "location": "Epos自動化測試工具3.0.py:query_invoice_rows:start", "message": "Start invoice query", "data": {"companyId": "00577422", "invoiceNumber": "BQ61725982", "currentUrl": "https://epos.einvoice.com.tw/Welcome"}, "timestamp": 1778121163305}
{"sessionId": "79f104", "runId": "pre-fix", "hypothesisId": "H1", "location": "Epos自動化測試工具3.0.py:open_business_query_page", "message": "Opened business query page", "data": {"currentUrl": "https://epos.einvoice.com.tw/AS0102", "openedBizPage": true}, "timestamp": 1778121163618}
{"sessionId": "79f104", "runId": "pre-fix", "hypothesisId": "H3", "location": "Epos自動化測試工具3.0.py:query_invoice_rows:rows", "message": "Fetched invoice rows", "data": {"companyId": "00577422", "invoiceNumber": "BQ61725982", "rowCount": 2, "rows": [[1, "開立", "大平台回覆成功"], [2, "開立", "小平台解析失敗"]]}, "timestamp": 1778121165349}
{"sessionId": "79f104", "runId": "pre-fix", "hypothesisId": "H3", "location": "Epos自動化測試工具3.0.py:check_and_process_invoice:decision", "message": "Decision for multi rows", "data": {"invoiceNumber": "BQ61725982", "totalRows": 2, "failRows": 1, "reasons": ["大平台回覆成功", "小平台解析失敗"]}, "timestamp": 1778121165356}
{"sessionId": "79f104", "runId": "pre-fix", "hypothesisId": "H2", "location": "Epos自動化測試工具3.0.py:delete_invoice:start", "message": "Start delete invoice", "data": {"companyId": "00577422", "invoiceNumber": "BQ61725982", "currentUrl": "https://epos.einvoice.com.tw/AS0102"}, "timestamp": 1778121165366}
{"sessionId": "79f104", "runId": "post-fix", "hypothesisId": "H2", "location": "Epos自動化測試工具3.0.py:open_ops_page:ready", "message": "Ops page ready", "data": {"currentUrl": "https://epos.einvoice.com.tw/UM0501", "openedOpsPage": true}, "timestamp": 1778121166034}
{"sessionId": "79f104", "runId": "pre-fix", "hypothesisId": "H2", "location": "Epos自動化測試工具3.0.py:delete_invoice:query_result", "message": "Delete page query result", "data": {"invoiceNumber": "BQ61725982", "rowCount": 1}, "timestamp": 1778121166724}
{"sessionId": "79f104", "runId": "pre-fix", "hypothesisId": "H4", "location": "Epos自動化測試工具3.0.py:check_and_process_invoice:start", "message": "Start process invoice", "data": {"companyId": "83843132", "invoiceNumber": "BJ80460959", "currentUrl": "https://epos.einvoice.com.tw/UM0501"}, "timestamp": 1778121167455}
{"sessionId": "79f104", "runId": "pre-fix", "hypothesisId": "H1", "location": "Epos自動化測試工具3.0.py:query_invoice_rows:start", "message": "Start invoice query", "data": {"companyId": "83843132", "invoiceNumber": "BJ80460959", "currentUrl": "https://epos.einvoice.com.tw/UM0501"}, "timestamp": 1778121167464}
{"sessionId": "79f104", "runId": "pre-fix", "hypothesisId": "H1", "location": "Epos自動化測試工具3.0.py:open_business_query_page", "message": "Opened business query page", "data": {"currentUrl": "https://epos.einvoice.com.tw/AS0102", "openedBizPage": true}, "timestamp": 1778121168409}
{"sessionId": "79f104", "runId": "pre-fix", "hypothesisId": "H3", "location": "Epos自動化測試工具3.0.py:query_invoice_rows:rows", "message": "Fetched invoice rows", "data": {"companyId": "83843132", "invoiceNumber": "BJ80460959", "rowCount": 2, "rows": [[1, "開立", "大平台回覆成功"], [2, "開立", "小平台解析失敗"]]}, "timestamp": 1778121170079}
{"sessionId": "79f104", "runId": "pre-fix", "hypothesisId": "H3", "location": "Epos自動化測試工具3.0.py:check_and_process_invoice:decision", "message": "Decision for multi rows", "data": {"invoiceNumber": "BJ80460959", "totalRows": 2, "failRows": 1, "reasons": ["大平台回覆成功", "小平台解析失敗"]}, "timestamp": 1778121170087}
{"sessionId": "79f104", "runId": "pre-fix", "hypothesisId": "H2", "location": "Epos自動化測試工具3.0.py:delete_invoice:start", "message": "Start delete invoice", "data": {"companyId": "83843132", "invoiceNumber": "BJ80460959", "currentUrl": "https://epos.einvoice.com.tw/AS0102"}, "timestamp": 1778121170097}
{"sessionId": "79f104", "runId": "post-fix", "hypothesisId": "H2", "location": "Epos自動化測試工具3.0.py:open_ops_page:ready", "message": "Ops page ready", "data": {"currentUrl": "https://epos.einvoice.com.tw/UM0501", "openedOpsPage": true}, "timestamp": 1778121170746}
{"sessionId": "79f104", "runId": "pre-fix", "hypothesisId": "H2", "location": "Epos自動化測試工具3.0.py:delete_invoice:query_result", "message": "Delete page query result", "data": {"invoiceNumber": "BJ80460959", "rowCount": 1}, "timestamp": 1778121171427}
{"sessionId": "79f104", "runId": "pre-fix", "hypothesisId": "H4", "location": "Epos自動化測試工具3.0.py:check_and_process_invoice:start", "message": "Start process invoice", "data": {"companyId": "83843132", "invoiceNumber": "BJ80460967", "currentUrl": "https://epos.einvoice.com.tw/UM0501"}, "timestamp": 1778121172140}
{"sessionId": "79f104", "runId": "pre-fix", "hypothesisId": "H1", "location": "Epos自動化測試工具3.0.py:query_invoice_rows:start", "message": "Start invoice query", "data": {"companyId": "83843132", "invoiceNumber": "BJ80460967", "currentUrl": "https://epos.einvoice.com.tw/UM0501"}, "timestamp": 1778121172161}
{"sessionId": "79f104", "runId": "pre-fix", "hypothesisId": "H1", "location": "Epos自動化測試工具3.0.py:open_business_query_page", "message": "Opened business query page", "data": {"currentUrl": "https://epos.einvoice.com.tw/AS0102", "openedBizPage": true}, "timestamp": 1778121173001}
{"sessionId": "79f104", "runId": "pre-fix", "hypothesisId": "H3", "location": "Epos自動化測試工具3.0.py:query_invoice_rows:rows", "message": "Fetched invoice rows", "data": {"companyId": "83843132", "invoiceNumber": "BJ80460967", "rowCount": 2, "rows": [[1, "開立", "大平台回覆成功"], [2, "開立", "小平台解析失敗"]]}, "timestamp": 1778121174619}
{"sessionId": "79f104", "runId": "pre-fix", "hypothesisId": "H3", "location": "Epos自動化測試工具3.0.py:check_and_process_invoice:decision", "message": "Decision for multi rows", "data": {"invoiceNumber": "BJ80460967", "totalRows": 2, "failRows": 1, "reasons": ["大平台回覆成功", "小平台解析失敗"]}, "timestamp": 1778121174625}
{"sessionId": "79f104", "runId": "pre-fix", "hypothesisId": "H2", "location": "Epos自動化測試工具3.0.py:delete_invoice:start", "message": "Start delete invoice", "data": {"companyId": "83843132", "invoiceNumber": "BJ80460967", "currentUrl": "https://epos.einvoice.com.tw/AS0102"}, "timestamp": 1778121174633}
{"sessionId": "79f104", "runId": "post-fix", "hypothesisId": "H2", "location": "Epos自動化測試工具3.0.py:open_ops_page:ready", "message": "Ops page ready", "data": {"currentUrl": "https://epos.einvoice.com.tw/UM0501", "openedOpsPage": true}, "timestamp": 1778121175295}
{"sessionId": "79f104", "runId": "pre-fix", "hypothesisId": "H2", "location": "Epos自動化測試工具3.0.py:delete_invoice:query_result", "message": "Delete page query result", "data": {"invoiceNumber": "BJ80460967", "rowCount": 1}, "timestamp": 1778121175955}
{"sessionId": "79f104", "runId": "pre-fix", "hypothesisId": "H4", "location": "Epos自動化測試工具3.0.py:check_and_process_invoice:start", "message": "Start process invoice", "data": {"companyId": "83843132", "invoiceNumber": "BJ80460970", "currentUrl": "https://epos.einvoice.com.tw/UM0501"}, "timestamp": 1778121176689}
{"sessionId": "79f104", "runId": "pre-fix", "hypothesisId": "H1", "location": "Epos自動化測試工具3.0.py:query_invoice_rows:start", "message": "Start invoice query", "data": {"companyId": "83843132", "invoiceNumber": "BJ80460970", "currentUrl": "https://epos.einvoice.com.tw/UM0501"}, "timestamp": 1778121176702}
{"sessionId": "79f104", "runId": "pre-fix", "hypothesisId": "H1", "location": "Epos自動化測試工具3.0.py:open_business_query_page", "message": "Opened business query page", "data": {"currentUrl": "https://epos.einvoice.com.tw/AS0102", "openedBizPage": true}, "timestamp": 1778121177572}
{"sessionId": "79f104", "runId": "pre-fix", "hypothesisId": "H3", "location": "Epos自動化測試工具3.0.py:query_invoice_rows:rows", "message": "Fetched invoice rows", "data": {"companyId": "83843132", "invoiceNumber": "BJ80460970", "rowCount": 2, "rows": [[1, "開立", "大平台回覆成功"], [2, "開立", "小平台解析失敗"]]}, "timestamp": 1778121179286}
{"sessionId": "79f104", "runId": "pre-fix", "hypothesisId": "H3", "location": "Epos自動化測試工具3.0.py:check_and_process_invoice:decision", "message": "Decision for multi rows", "data": {"invoiceNumber": "BJ80460970", "totalRows": 2, "failRows": 1, "reasons": ["大平台回覆成功", "小平台解析失敗"]}, "timestamp": 1778121179292}
{"sessionId": "79f104", "runId": "pre-fix", "hypothesisId": "H2", "location": "Epos自動化測試工具3.0.py:delete_invoice:start", "message": "Start delete invoice", "data": {"companyId": "83843132", "invoiceNumber": "BJ80460970", "currentUrl": "https://epos.einvoice.com.tw/AS0102"}, "timestamp": 1778121179301}
{"sessionId": "79f104", "runId": "post-fix", "hypothesisId": "H2", "location": "Epos自動化測試工具3.0.py:open_ops_page:ready", "message": "Ops page ready", "data": {"currentUrl": "https://epos.einvoice.com.tw/UM0501", "openedOpsPage": true}, "timestamp": 1778121179950}
{"sessionId": "79f104", "runId": "pre-fix", "hypothesisId": "H2", "location": "Epos自動化測試工具3.0.py:delete_invoice:query_result", "message": "Delete page query result", "data": {"invoiceNumber": "BJ80460970", "rowCount": 1}, "timestamp": 1778121180648}
{"sessionId": "79f104", "runId": "pre-fix", "hypothesisId": "H4", "location": "Epos自動化測試工具3.0.py:check_and_process_invoice:start", "message": "Start process invoice", "data": {"companyId": "83843132", "invoiceNumber": "BJ80460958", "currentUrl": "https://epos.einvoice.com.tw/UM0501"}, "timestamp": 1778121181354}
{"sessionId": "79f104", "runId": "pre-fix", "hypothesisId": "H1", "location": "Epos自動化測試工具3.0.py:query_invoice_rows:start", "message": "Start invoice query", "data": {"companyId": "83843132", "invoiceNumber": "BJ80460958", "currentUrl": "https://epos.einvoice.com.tw/UM0501"}, "timestamp": 1778121181363}
{"sessionId": "79f104", "runId": "pre-fix", "hypothesisId": "H1", "location": "Epos自動化測試工具3.0.py:open_business_query_page", "message": "Opened business query page", "data": {"currentUrl": "https://epos.einvoice.com.tw/AS0102", "openedBizPage": true}, "timestamp": 1778121182269}
{"sessionId": "79f104", "runId": "pre-fix", "hypothesisId": "H3", "location": "Epos自動化測試工具3.0.py:query_invoice_rows:rows", "message": "Fetched invoice rows", "data": {"companyId": "83843132", "invoiceNumber": "BJ80460958", "rowCount": 2, "rows": [[1, "開立", "大平台回覆成功"], [2, "開立", "小平台解析失敗"]]}, "timestamp": 1778121183957}
{"sessionId": "79f104", "runId": "pre-fix", "hypothesisId": "H3", "location": "Epos自動化測試工具3.0.py:check_and_process_invoice:decision", "message": "Decision for multi rows", "data": {"invoiceNumber": "BJ80460958", "totalRows": 2, "failRows": 1, "reasons": ["大平台回覆成功", "小平台解析失敗"]}, "timestamp": 1778121183965}
{"sessionId": "79f104", "runId": "pre-fix", "hypothesisId": "H2", "location": "Epos自動化測試工具3.0.py:delete_invoice:start", "message": "Start delete invoice", "data": {"companyId": "83843132", "invoiceNumber": "BJ80460958", "currentUrl": "https://epos.einvoice.com.tw/AS0102"}, "timestamp": 1778121183976}
{"sessionId": "79f104", "runId": "post-fix", "hypothesisId": "H2", "location": "Epos自動化測試工具3.0.py:open_ops_page:ready", "message": "Ops page ready", "data": {"currentUrl": "https://epos.einvoice.com.tw/UM0501", "openedOpsPage": true}, "timestamp": 1778121184693}
{"sessionId": "79f104", "runId": "pre-fix", "hypothesisId": "H2", "location": "Epos自動化測試工具3.0.py:delete_invoice:query_result", "message": "Delete page query result", "data": {"invoiceNumber": "BJ80460958", "rowCount": 1}, "timestamp": 1778121185500}
{"sessionId": "79f104", "runId": "post-fix", "hypothesisId": "H5", "location": "Epos自動化測試工具3.0.py:write_invoice_data:success", "message": "Excel write success", "data": {"path": "D:\\D\\wilsonhuang\\Worktime\\python\\epos自動化測試工具3.0\\data\\EposError.xlsx", "rows": 13}, "timestamp": 1778121186278}
{"sessionId": "79f104", "runId": "pre-fix", "hypothesisId": "H4", "location": "Epos自動化測試工具3.0.py:check_and_process_invoice:start", "message": "Start process invoice", "data": {"companyId": "83843132", "invoiceNumber": "BJ80460961", "currentUrl": "https://epos.einvoice.com.tw/UM0501"}, "timestamp": 1778121186287}
{"sessionId": "79f104", "runId": "pre-fix", "hypothesisId": "H1", "location": "Epos自動化測試工具3.0.py:query_invoice_rows:start", "message": "Start invoice query", "data": {"companyId": "83843132", "invoiceNumber": "BJ80460961", "currentUrl": "https://epos.einvoice.com.tw/UM0501"}, "timestamp": 1778121186295}
{"sessionId": "79f104", "runId": "pre-fix", "hypothesisId": "H1", "location": "Epos自動化測試工具3.0.py:open_business_query_page", "message": "Opened business query page", "data": {"currentUrl": "https://epos.einvoice.com.tw/AS0102", "openedBizPage": true}, "timestamp": 1778121187086}
{"sessionId": "79f104", "runId": "pre-fix", "hypothesisId": "H3", "location": "Epos自動化測試工具3.0.py:query_invoice_rows:rows", "message": "Fetched invoice rows", "data": {"companyId": "83843132", "invoiceNumber": "BJ80460961", "rowCount": 2, "rows": [[1, "開立", "小平台解析失敗"], [2, "開立", "大平台回覆成功"]]}, "timestamp": 1778121188751}
{"sessionId": "79f104", "runId": "pre-fix", "hypothesisId": "H3", "location": "Epos自動化測試工具3.0.py:check_and_process_invoice:decision", "message": "Decision for multi rows", "data": {"invoiceNumber": "BJ80460961", "totalRows": 2, "failRows": 1, "reasons": ["小平台解析失敗", "大平台回覆成功"]}, "timestamp": 1778121188758}
{"sessionId": "79f104", "runId": "pre-fix", "hypothesisId": "H2", "location": "Epos自動化測試工具3.0.py:delete_invoice:start", "message": "Start delete invoice", "data": {"companyId": "83843132", "invoiceNumber": "BJ80460961", "currentUrl": "https://epos.einvoice.com.tw/AS0102"}, "timestamp": 1778121188769}
{"sessionId": "79f104", "runId": "post-fix", "hypothesisId": "H2", "location": "Epos自動化測試工具3.0.py:open_ops_page:ready", "message": "Ops page ready", "data": {"currentUrl": "https://epos.einvoice.com.tw/UM0501", "openedOpsPage": true}, "timestamp": 1778121189452}
{"sessionId": "79f104", "runId": "pre-fix", "hypothesisId": "H2", "location": "Epos自動化測試工具3.0.py:delete_invoice:query_result", "message": "Delete page query result", "data": {"invoiceNumber": "BJ80460961", "rowCount": 1}, "timestamp": 1778121190125}
{"sessionId": "79f104", "runId": "pre-fix", "hypothesisId": "H4", "location": "Epos自動化測試工具3.0.py:check_and_process_invoice:start", "message": "Start process invoice", "data": {"companyId": "83843132", "invoiceNumber": "BJ80460962", "currentUrl": "https://epos.einvoice.com.tw/UM0501"}, "timestamp": 1778121190821}
{"sessionId": "79f104", "runId": "pre-fix", "hypothesisId": "H1", "location": "Epos自動化測試工具3.0.py:query_invoice_rows:start", "message": "Start invoice query", "data": {"companyId": "83843132", "invoiceNumber": "BJ80460962", "currentUrl": "https://epos.einvoice.com.tw/UM0501"}, "timestamp": 1778121190831}
{"sessionId": "79f104", "runId": "pre-fix", "hypothesisId": "H1", "location": "Epos自動化測試工具3.0.py:open_business_query_page", "message": "Opened business query page", "data": {"currentUrl": "https://epos.einvoice.com.tw/AS0102", "openedBizPage": true}, "timestamp": 1778121191772}
{"sessionId": "79f104", "runId": "pre-fix", "hypothesisId": "H3", "location": "Epos自動化測試工具3.0.py:query_invoice_rows:rows", "message": "Fetched invoice rows", "data": {"companyId": "83843132", "invoiceNumber": "BJ80460962", "rowCount": 2, "rows": [[1, "開立", "小平台解析失敗"], [2, "開立", "大平台回覆成功"]]}, "timestamp": 1778121193530}
{"sessionId": "79f104", "runId": "pre-fix", "hypothesisId": "H3", "location": "Epos自動化測試工具3.0.py:check_and_process_invoice:decision", "message": "Decision for multi rows", "data": {"invoiceNumber": "BJ80460962", "totalRows": 2, "failRows": 1, "reasons": ["小平台解析失敗", "大平台回覆成功"]}, "timestamp": 1778121193536}
{"sessionId": "79f104", "runId": "pre-fix", "hypothesisId": "H2", "location": "Epos自動化測試工具3.0.py:delete_invoice:start", "message": "Start delete invoice", "data": {"companyId": "83843132", "invoiceNumber": "BJ80460962", "currentUrl": "https://epos.einvoice.com.tw/AS0102"}, "timestamp": 1778121193545}
{"sessionId": "79f104", "runId": "post-fix", "hypothesisId": "H2", "location": "Epos自動化測試工具3.0.py:open_ops_page:ready", "message": "Ops page ready", "data": {"currentUrl": "https://epos.einvoice.com.tw/UM0501", "openedOpsPage": true}, "timestamp": 1778121194241}
{"sessionId": "79f104", "runId": "pre-fix", "hypothesisId": "H2", "location": "Epos自動化測試工具3.0.py:delete_invoice:query_result", "message": "Delete page query result", "data": {"invoiceNumber": "BJ80460962", "rowCount": 1}, "timestamp": 1778121194911}
{"sessionId": "79f104", "runId": "pre-fix", "hypothesisId": "H4", "location": "Epos自動化測試工具3.0.py:check_and_process_invoice:start", "message": "Start process invoice", "data": {"companyId": "83843132", "invoiceNumber": "BJ80460966", "currentUrl": "https://epos.einvoice.com.tw/UM0501"}, "timestamp": 1778121195608}
{"sessionId": "79f104", "runId": "pre-fix", "hypothesisId": "H1", "location": "Epos自動化測試工具3.0.py:query_invoice_rows:start", "message": "Start invoice query", "data": {"companyId": "83843132", "invoiceNumber": "BJ80460966", "currentUrl": "https://epos.einvoice.com.tw/UM0501"}, "timestamp": 1778121195618}
{"sessionId": "79f104", "runId": "pre-fix", "hypothesisId": "H1", "location": "Epos自動化測試工具3.0.py:open_business_query_page", "message": "Opened business query page", "data": {"currentUrl": "https://epos.einvoice.com.tw/AS0102", "openedBizPage": true}, "timestamp": 1778121196548}
{"sessionId": "79f104", "runId": "pre-fix", "hypothesisId": "H3", "location": "Epos自動化測試工具3.0.py:query_invoice_rows:rows", "message": "Fetched invoice rows", "data": {"companyId": "83843132", "invoiceNumber": "BJ80460966", "rowCount": 2, "rows": [[1, "開立", "小平台解析失敗"], [2, "開立", "大平台回覆成功"]]}, "timestamp": 1778121198247}
{"sessionId": "79f104", "runId": "pre-fix", "hypothesisId": "H3", "location": "Epos自動化測試工具3.0.py:check_and_process_invoice:decision", "message": "Decision for multi rows", "data": {"invoiceNumber": "BJ80460966", "totalRows": 2, "failRows": 1, "reasons": ["小平台解析失敗", "大平台回覆成功"]}, "timestamp": 1778121198254}
{"sessionId": "79f104", "runId": "pre-fix", "hypothesisId": "H2", "location": "Epos自動化測試工具3.0.py:delete_invoice:start", "message": "Start delete invoice", "data": {"companyId": "83843132", "invoiceNumber": "BJ80460966", "currentUrl": "https://epos.einvoice.com.tw/AS0102"}, "timestamp": 1778121198263}
{"sessionId": "79f104", "runId": "post-fix", "hypothesisId": "H2", "location": "Epos自動化測試工具3.0.py:open_ops_page:ready", "message": "Ops page ready", "data": {"currentUrl": "https://epos.einvoice.com.tw/UM0501", "openedOpsPage": true}, "timestamp": 1778121198930}
{"sessionId": "79f104", "runId": "pre-fix", "hypothesisId": "H2", "location": "Epos自動化測試工具3.0.py:delete_invoice:query_result", "message": "Delete page query result", "data": {"invoiceNumber": "BJ80460966", "rowCount": 1}, "timestamp": 1778121199681}
{"sessionId": "79f104", "runId": "pre-fix", "hypothesisId": "H4", "location": "Epos自動化測試工具3.0.py:check_and_process_invoice:start", "message": "Start process invoice", "data": {"companyId": "83843132", "invoiceNumber": "BJ80460957", "currentUrl": "https://epos.einvoice.com.tw/UM0501"}, "timestamp": 1778121200372}
{"sessionId": "79f104", "runId": "pre-fix", "hypothesisId": "H1", "location": "Epos自動化測試工具3.0.py:query_invoice_rows:start", "message": "Start invoice query", "data": {"companyId": "83843132", "invoiceNumber": "BJ80460957", "currentUrl": "https://epos.einvoice.com.tw/UM0501"}, "timestamp": 1778121200382}
{"sessionId": "79f104", "runId": "pre-fix", "hypothesisId": "H1", "location": "Epos自動化測試工具3.0.py:open_business_query_page", "message": "Opened business query page", "data": {"currentUrl": "https://epos.einvoice.com.tw/AS0102", "openedBizPage": true}, "timestamp": 1778121201243}
{"sessionId": "79f104", "runId": "pre-fix", "hypothesisId": "H3", "location": "Epos自動化測試工具3.0.py:query_invoice_rows:rows", "message": "Fetched invoice rows", "data": {"companyId": "83843132", "invoiceNumber": "BJ80460957", "rowCount": 2, "rows": [[1, "開立", "大平台回覆成功"], [2, "開立", "小平台解析失敗"]]}, "timestamp": 1778121202894}
{"sessionId": "79f104", "runId": "pre-fix", "hypothesisId": "H3", "location": "Epos自動化測試工具3.0.py:check_and_process_invoice:decision", "message": "Decision for multi rows", "data": {"invoiceNumber": "BJ80460957", "totalRows": 2, "failRows": 1, "reasons": ["大平台回覆成功", "小平台解析失敗"]}, "timestamp": 1778121202901}
{"sessionId": "79f104", "runId": "pre-fix", "hypothesisId": "H2", "location": "Epos自動化測試工具3.0.py:delete_invoice:start", "message": "Start delete invoice", "data": {"companyId": "83843132", "invoiceNumber": "BJ80460957", "currentUrl": "https://epos.einvoice.com.tw/AS0102"}, "timestamp": 1778121202910}
{"sessionId": "79f104", "runId": "post-fix", "hypothesisId": "H2", "location": "Epos自動化測試工具3.0.py:open_ops_page:ready", "message": "Ops page ready", "data": {"currentUrl": "https://epos.einvoice.com.tw/UM0501", "openedOpsPage": true}, "timestamp": 1778121203626}
{"sessionId": "79f104", "runId": "pre-fix", "hypothesisId": "H2", "location": "Epos自動化測試工具3.0.py:delete_invoice:query_result", "message": "Delete page query result", "data": {"invoiceNumber": "BJ80460957", "rowCount": 1}, "timestamp": 1778121204322}
{"sessionId": "79f104", "runId": "pre-fix", "hypothesisId": "H4", "location": "Epos自動化測試工具3.0.py:check_and_process_invoice:start", "message": "Start process invoice", "data": {"companyId": "83843132", "invoiceNumber": "BJ80460965", "currentUrl": "https://epos.einvoice.com.tw/UM0501"}, "timestamp": 1778121205038}
{"sessionId": "79f104", "runId": "pre-fix", "hypothesisId": "H1", "location": "Epos自動化測試工具3.0.py:query_invoice_rows:start", "message": "Start invoice query", "data": {"companyId": "83843132", "invoiceNumber": "BJ80460965", "currentUrl": "https://epos.einvoice.com.tw/UM0501"}, "timestamp": 1778121205048}
{"sessionId": "79f104", "runId": "pre-fix", "hypothesisId": "H1", "location": "Epos自動化測試工具3.0.py:open_business_query_page", "message": "Opened business query page", "data": {"currentUrl": "https://epos.einvoice.com.tw/AS0102", "openedBizPage": true}, "timestamp": 1778121205909}
{"sessionId": "79f104", "runId": "pre-fix", "hypothesisId": "H3", "location": "Epos自動化測試工具3.0.py:query_invoice_rows:rows", "message": "Fetched invoice rows", "data": {"companyId": "83843132", "invoiceNumber": "BJ80460965", "rowCount": 2, "rows": [[1, "開立", "大平台回覆成功"], [2, "開立", "小平台解析失敗"]]}, "timestamp": 1778121207572}
{"sessionId": "79f104", "runId": "pre-fix", "hypothesisId": "H3", "location": "Epos自動化測試工具3.0.py:check_and_process_invoice:decision", "message": "Decision for multi rows", "data": {"invoiceNumber": "BJ80460965", "totalRows": 2, "failRows": 1, "reasons": ["大平台回覆成功", "小平台解析失敗"]}, "timestamp": 1778121207579}
{"sessionId": "79f104", "runId": "pre-fix", "hypothesisId": "H2", "location": "Epos自動化測試工具3.0.py:delete_invoice:start", "message": "Start delete invoice", "data": {"companyId": "83843132", "invoiceNumber": "BJ80460965", "currentUrl": "https://epos.einvoice.com.tw/AS0102"}, "timestamp": 1778121207588}
{"sessionId": "79f104", "runId": "post-fix", "hypothesisId": "H2", "location": "Epos自動化測試工具3.0.py:open_ops_page:ready", "message": "Ops page ready", "data": {"currentUrl": "https://epos.einvoice.com.tw/UM0501", "openedOpsPage": true}, "timestamp": 1778121208273}
{"sessionId": "79f104", "runId": "pre-fix", "hypothesisId": "H2", "location": "Epos自動化測試工具3.0.py:delete_invoice:query_result", "message": "Delete page query result", "data": {"invoiceNumber": "BJ80460965", "rowCount": 1}, "timestamp": 1778121208930}
{"sessionId": "79f104", "runId": "post-fix", "hypothesisId": "H5", "location": "Epos自動化測試工具3.0.py:write_invoice_data:success", "message": "Excel write success", "data": {"path": "D:\\D\\wilsonhuang\\Worktime\\python\\epos自動化測試工具3.0\\data\\EposError.xlsx", "rows": 8}, "timestamp": 1778121209826}
{"sessionId": "79f104", "runId": "pre-fix", "hypothesisId": "H4", "location": "Epos自動化測試工具3.0.py:check_and_process_invoice:start", "message": "Start process invoice", "data": {"companyId": "83843132", "invoiceNumber": "BJ80460964", "currentUrl": "https://epos.einvoice.com.tw/UM0501"}, "timestamp": 1778121209838}
{"sessionId": "79f104", "runId": "pre-fix", "hypothesisId": "H1", "location": "Epos自動化測試工具3.0.py:query_invoice_rows:start", "message": "Start invoice query", "data": {"companyId": "83843132", "invoiceNumber": "BJ80460964", "currentUrl": "https://epos.einvoice.com.tw/UM0501"}, "timestamp": 1778121209847}
{"sessionId": "79f104", "runId": "pre-fix", "hypothesisId": "H1", "location": "Epos自動化測試工具3.0.py:open_business_query_page", "message": "Opened business query page", "data": {"currentUrl": "https://epos.einvoice.com.tw/AS0102", "openedBizPage": true}, "timestamp": 1778121210535}
{"sessionId": "79f104", "runId": "pre-fix", "hypothesisId": "H3", "location": "Epos自動化測試工具3.0.py:query_invoice_rows:rows", "message": "Fetched invoice rows", "data": {"companyId": "83843132", "invoiceNumber": "BJ80460964", "rowCount": 2, "rows": [[1, "開立", "小平台解析失敗"], [2, "開立", "大平台回覆成功"]]}, "timestamp": 1778121212241}
{"sessionId": "79f104", "runId": "pre-fix", "hypothesisId": "H3", "location": "Epos自動化測試工具3.0.py:check_and_process_invoice:decision", "message": "Decision for multi rows", "data": {"invoiceNumber": "BJ80460964", "totalRows": 2, "failRows": 1, "reasons": ["小平台解析失敗", "大平台回覆成功"]}, "timestamp": 1778121212247}
{"sessionId": "79f104", "runId": "pre-fix", "hypothesisId": "H2", "location": "Epos自動化測試工具3.0.py:delete_invoice:start", "message": "Start delete invoice", "data": {"companyId": "83843132", "invoiceNumber": "BJ80460964", "currentUrl": "https://epos.einvoice.com.tw/AS0102"}, "timestamp": 1778121212254}
{"sessionId": "79f104", "runId": "post-fix", "hypothesisId": "H2", "location": "Epos自動化測試工具3.0.py:open_ops_page:ready", "message": "Ops page ready", "data": {"currentUrl": "https://epos.einvoice.com.tw/UM0501", "openedOpsPage": true}, "timestamp": 1778121212914}
{"sessionId": "79f104", "runId": "pre-fix", "hypothesisId": "H2", "location": "Epos自動化測試工具3.0.py:delete_invoice:query_result", "message": "Delete page query result", "data": {"invoiceNumber": "BJ80460964", "rowCount": 1}, "timestamp": 1778121213589}
{"sessionId": "79f104", "runId": "pre-fix", "hypothesisId": "H4", "location": "Epos自動化測試工具3.0.py:check_and_process_invoice:start", "message": "Start process invoice", "data": {"companyId": "83843132", "invoiceNumber": "BJ80460960", "currentUrl": "https://epos.einvoice.com.tw/UM0501"}, "timestamp": 1778121214319}
{"sessionId": "79f104", "runId": "pre-fix", "hypothesisId": "H1", "location": "Epos自動化測試工具3.0.py:query_invoice_rows:start", "message": "Start invoice query", "data": {"companyId": "83843132", "invoiceNumber": "BJ80460960", "currentUrl": "https://epos.einvoice.com.tw/UM0501"}, "timestamp": 1778121214330}
{"sessionId": "79f104", "runId": "pre-fix", "hypothesisId": "H1", "location": "Epos自動化測試工具3.0.py:open_business_query_page", "message": "Opened business query page", "data": {"currentUrl": "https://epos.einvoice.com.tw/AS0102", "openedBizPage": true}, "timestamp": 1778121215285}
{"sessionId": "79f104", "runId": "pre-fix", "hypothesisId": "H3", "location": "Epos自動化測試工具3.0.py:query_invoice_rows:rows", "message": "Fetched invoice rows", "data": {"companyId": "83843132", "invoiceNumber": "BJ80460960", "rowCount": 2, "rows": [[1, "開立", "小平台解析失敗"], [2, "開立", "大平台回覆成功"]]}, "timestamp": 1778121217003}
{"sessionId": "79f104", "runId": "pre-fix", "hypothesisId": "H3", "location": "Epos自動化測試工具3.0.py:check_and_process_invoice:decision", "message": "Decision for multi rows", "data": {"invoiceNumber": "BJ80460960", "totalRows": 2, "failRows": 1, "reasons": ["小平台解析失敗", "大平台回覆成功"]}, "timestamp": 1778121217014}
{"sessionId": "79f104", "runId": "pre-fix", "hypothesisId": "H2", "location": "Epos自動化測試工具3.0.py:delete_invoice:start", "message": "Start delete invoice", "data": {"companyId": "83843132", "invoiceNumber": "BJ80460960", "currentUrl": "https://epos.einvoice.com.tw/AS0102"}, "timestamp": 1778121217023}
{"sessionId": "79f104", "runId": "post-fix", "hypothesisId": "H2", "location": "Epos自動化測試工具3.0.py:open_ops_page:ready", "message": "Ops page ready", "data": {"currentUrl": "https://epos.einvoice.com.tw/UM0501", "openedOpsPage": true}, "timestamp": 1778121217749}
{"sessionId": "79f104", "runId": "pre-fix", "hypothesisId": "H2", "location": "Epos自動化測試工具3.0.py:delete_invoice:query_result", "message": "Delete page query result", "data": {"invoiceNumber": "BJ80460960", "rowCount": 1}, "timestamp": 1778121218496}
{"sessionId": "79f104", "runId": "pre-fix", "hypothesisId": "H4", "location": "Epos自動化測試工具3.0.py:check_and_process_invoice:start", "message": "Start process invoice", "data": {"companyId": "28018396", "invoiceNumber": "BM07726373", "currentUrl": "https://epos.einvoice.com.tw/UM0501"}, "timestamp": 1778121219218}
{"sessionId": "79f104", "runId": "pre-fix", "hypothesisId": "H1", "location": "Epos自動化測試工具3.0.py:query_invoice_rows:start", "message": "Start invoice query", "data": {"companyId": "28018396", "invoiceNumber": "BM07726373", "currentUrl": "https://epos.einvoice.com.tw/UM0501"}, "timestamp": 1778121219229}
{"sessionId": "79f104", "runId": "pre-fix", "hypothesisId": "H1", "location": "Epos自動化測試工具3.0.py:open_business_query_page", "message": "Opened business query page", "data": {"currentUrl": "https://epos.einvoice.com.tw/AS0102", "openedBizPage": true}, "timestamp": 1778121220062}
{"sessionId": "79f104", "runId": "pre-fix", "hypothesisId": "H3", "location": "Epos自動化測試工具3.0.py:query_invoice_rows:rows", "message": "Fetched invoice rows", "data": {"companyId": "28018396", "invoiceNumber": "BM07726373", "rowCount": 2, "rows": [[1, "開立", "大平台回覆成功"], [2, "開立", "小平台解析失敗"]]}, "timestamp": 1778121221772}
{"sessionId": "79f104", "runId": "pre-fix", "hypothesisId": "H3", "location": "Epos自動化測試工具3.0.py:check_and_process_invoice:decision", "message": "Decision for multi rows", "data": {"invoiceNumber": "BM07726373", "totalRows": 2, "failRows": 1, "reasons": ["大平台回覆成功", "小平台解析失敗"]}, "timestamp": 1778121221790}
{"sessionId": "79f104", "runId": "pre-fix", "hypothesisId": "H2", "location": "Epos自動化測試工具3.0.py:delete_invoice:start", "message": "Start delete invoice", "data": {"companyId": "28018396", "invoiceNumber": "BM07726373", "currentUrl": "https://epos.einvoice.com.tw/AS0102"}, "timestamp": 1778121221804}
{"sessionId": "79f104", "runId": "post-fix", "hypothesisId": "H2", "location": "Epos自動化測試工具3.0.py:open_ops_page:ready", "message": "Ops page ready", "data": {"currentUrl": "https://epos.einvoice.com.tw/UM0501", "openedOpsPage": true}, "timestamp": 1778121222470}
{"sessionId": "79f104", "runId": "pre-fix", "hypothesisId": "H2", "location": "Epos自動化測試工具3.0.py:delete_invoice:query_result", "message": "Delete page query result", "data": {"invoiceNumber": "BM07726373", "rowCount": 1}, "timestamp": 1778121223137}
{"sessionId": "79f104", "runId": "pre-fix", "hypothesisId": "H4", "location": "Epos自動化測試工具3.0.py:check_and_process_invoice:start", "message": "Start process invoice", "data": {"companyId": "92141457", "invoiceNumber": "BR16671221", "currentUrl": "https://epos.einvoice.com.tw/UM0501"}, "timestamp": 1778121223846}
{"sessionId": "79f104", "runId": "pre-fix", "hypothesisId": "H1", "location": "Epos自動化測試工具3.0.py:query_invoice_rows:start", "message": "Start invoice query", "data": {"companyId": "92141457", "invoiceNumber": "BR16671221", "currentUrl": "https://epos.einvoice.com.tw/UM0501"}, "timestamp": 1778121223858}
{"sessionId": "79f104", "runId": "pre-fix", "hypothesisId": "H1", "location": "Epos自動化測試工具3.0.py:open_business_query_page", "message": "Opened business query page", "data": {"currentUrl": "https://epos.einvoice.com.tw/AS0102", "openedBizPage": true}, "timestamp": 1778121224714}
{"sessionId": "79f104", "runId": "pre-fix", "hypothesisId": "H3", "location": "Epos自動化測試工具3.0.py:query_invoice_rows:rows", "message": "Fetched invoice rows", "data": {"companyId": "92141457", "invoiceNumber": "BR16671221", "rowCount": 2, "rows": [[1, "開立", "小平台解析失敗"], [2, "開立", "大平台回覆成功"]]}, "timestamp": 1778121226395}
{"sessionId": "79f104", "runId": "pre-fix", "hypothesisId": "H3", "location": "Epos自動化測試工具3.0.py:check_and_process_invoice:decision", "message": "Decision for multi rows", "data": {"invoiceNumber": "BR16671221", "totalRows": 2, "failRows": 1, "reasons": ["小平台解析失敗", "大平台回覆成功"]}, "timestamp": 1778121226402}
{"sessionId": "79f104", "runId": "pre-fix", "hypothesisId": "H2", "location": "Epos自動化測試工具3.0.py:delete_invoice:start", "message": "Start delete invoice", "data": {"companyId": "92141457", "invoiceNumber": "BR16671221", "currentUrl": "https://epos.einvoice.com.tw/AS0102"}, "timestamp": 1778121226411}
{"sessionId": "79f104", "runId": "post-fix", "hypothesisId": "H2", "location": "Epos自動化測試工具3.0.py:open_ops_page:ready", "message": "Ops page ready", "data": {"currentUrl": "https://epos.einvoice.com.tw/UM0501", "openedOpsPage": true}, "timestamp": 1778121227059}
{"sessionId": "79f104", "runId": "pre-fix", "hypothesisId": "H2", "location": "Epos自動化測試工具3.0.py:delete_invoice:query_result", "message": "Delete page query result", "data": {"invoiceNumber": "BR16671221", "rowCount": 1}, "timestamp": 1778121227755}
{"sessionId": "79f104", "runId": "pre-fix", "hypothesisId": "H4", "location": "Epos自動化測試工具3.0.py:check_and_process_invoice:start", "message": "Start process invoice", "data": {"companyId": "95140403", "invoiceNumber": "BQ09910769", "currentUrl": "https://epos.einvoice.com.tw/UM0501"}, "timestamp": 1778121228502}
{"sessionId": "79f104", "runId": "pre-fix", "hypothesisId": "H1", "location": "Epos自動化測試工具3.0.py:query_invoice_rows:start", "message": "Start invoice query", "data": {"companyId": "95140403", "invoiceNumber": "BQ09910769", "currentUrl": "https://epos.einvoice.com.tw/UM0501"}, "timestamp": 1778121228513}
{"sessionId": "79f104", "runId": "pre-fix", "hypothesisId": "H1", "location": "Epos自動化測試工具3.0.py:open_business_query_page", "message": "Opened business query page", "data": {"currentUrl": "https://epos.einvoice.com.tw/AS0102", "openedBizPage": true}, "timestamp": 1778121229399}
{"sessionId": "79f104", "runId": "pre-fix", "hypothesisId": "H3", "location": "Epos自動化測試工具3.0.py:query_invoice_rows:rows", "message": "Fetched invoice rows", "data": {"companyId": "95140403", "invoiceNumber": "BQ09910769", "rowCount": 2, "rows": [[1, "開立", "大平台回覆成功"], [2, "開立", "小平台解析失敗"]]}, "timestamp": 1778121231033}
{"sessionId": "79f104", "runId": "pre-fix", "hypothesisId": "H3", "location": "Epos自動化測試工具3.0.py:check_and_process_invoice:decision", "message": "Decision for multi rows", "data": {"invoiceNumber": "BQ09910769", "totalRows": 2, "failRows": 1, "reasons": ["大平台回覆成功", "小平台解析失敗"]}, "timestamp": 1778121231039}
{"sessionId": "79f104", "runId": "pre-fix", "hypothesisId": "H2", "location": "Epos自動化測試工具3.0.py:delete_invoice:start", "message": "Start delete invoice", "data": {"companyId": "95140403", "invoiceNumber": "BQ09910769", "currentUrl": "https://epos.einvoice.com.tw/AS0102"}, "timestamp": 1778121231047}
{"sessionId": "79f104", "runId": "post-fix", "hypothesisId": "H2", "location": "Epos自動化測試工具3.0.py:open_ops_page:ready", "message": "Ops page ready", "data": {"currentUrl": "https://epos.einvoice.com.tw/UM0501", "openedOpsPage": true}, "timestamp": 1778121231779}
{"sessionId": "79f104", "runId": "pre-fix", "hypothesisId": "H2", "location": "Epos自動化測試工具3.0.py:delete_invoice:query_result", "message": "Delete page query result", "data": {"invoiceNumber": "BQ09910769", "rowCount": 1}, "timestamp": 1778121232471}
{"sessionId": "79f104", "runId": "post-fix", "hypothesisId": "H5", "location": "Epos自動化測試工具3.0.py:write_invoice_data:success", "message": "Excel write success", "data": {"path": "D:\\D\\wilsonhuang\\Worktime\\python\\epos自動化測試工具3.0\\data\\EposError.xlsx", "rows": 3}, "timestamp": 1778121233204}
{"sessionId": "79f104", "runId": "pre-fix", "hypothesisId": "H4", "location": "Epos自動化測試工具3.0.py:check_and_process_invoice:start", "message": "Start process invoice", "data": {"companyId": "91455676", "invoiceNumber": "BR75993703", "currentUrl": "https://epos.einvoice.com.tw/UM0501"}, "timestamp": 1778121233213}
{"sessionId": "79f104", "runId": "pre-fix", "hypothesisId": "H1", "location": "Epos自動化測試工具3.0.py:query_invoice_rows:start", "message": "Start invoice query", "data": {"companyId": "91455676", "invoiceNumber": "BR75993703", "currentUrl": "https://epos.einvoice.com.tw/UM0501"}, "timestamp": 1778121233221}
{"sessionId": "79f104", "runId": "pre-fix", "hypothesisId": "H1", "location": "Epos自動化測試工具3.0.py:open_business_query_page", "message": "Opened business query page", "data": {"currentUrl": "https://epos.einvoice.com.tw/AS0102", "openedBizPage": true}, "timestamp": 1778121234026}
{"sessionId": "79f104", "runId": "pre-fix", "hypothesisId": "H3", "location": "Epos自動化測試工具3.0.py:query_invoice_rows:rows", "message": "Fetched invoice rows", "data": {"companyId": "91455676", "invoiceNumber": "BR75993703", "rowCount": 2, "rows": [[1, "開立", "大平台回覆成功"], [2, "開立", "小平台解析失敗"]]}, "timestamp": 1778121235707}
{"sessionId": "79f104", "runId": "pre-fix", "hypothesisId": "H3", "location": "Epos自動化測試工具3.0.py:check_and_process_invoice:decision", "message": "Decision for multi rows", "data": {"invoiceNumber": "BR75993703", "totalRows": 2, "failRows": 1, "reasons": ["大平台回覆成功", "小平台解析失敗"]}, "timestamp": 1778121235714}
{"sessionId": "79f104", "runId": "pre-fix", "hypothesisId": "H2", "location": "Epos自動化測試工具3.0.py:delete_invoice:start", "message": "Start delete invoice", "data": {"companyId": "91455676", "invoiceNumber": "BR75993703", "currentUrl": "https://epos.einvoice.com.tw/AS0102"}, "timestamp": 1778121235724}
{"sessionId": "79f104", "runId": "post-fix", "hypothesisId": "H2", "location": "Epos自動化測試工具3.0.py:open_ops_page:ready", "message": "Ops page ready", "data": {"currentUrl": "https://epos.einvoice.com.tw/UM0501", "openedOpsPage": true}, "timestamp": 1778121236374}
{"sessionId": "79f104", "runId": "pre-fix", "hypothesisId": "H2", "location": "Epos自動化測試工具3.0.py:delete_invoice:query_result", "message": "Delete page query result", "data": {"invoiceNumber": "BR75993703", "rowCount": 1}, "timestamp": 1778121237044}
{"sessionId": "79f104", "runId": "pre-fix", "hypothesisId": "H4", "location": "Epos自動化測試工具3.0.py:check_and_process_invoice:start", "message": "Start process invoice", "data": {"companyId": "83298034", "invoiceNumber": "BP60640426", "currentUrl": "https://epos.einvoice.com.tw/UM0501"}, "timestamp": 1778121237771}
{"sessionId": "79f104", "runId": "pre-fix", "hypothesisId": "H1", "location": "Epos自動化測試工具3.0.py:query_invoice_rows:start", "message": "Start invoice query", "data": {"companyId": "83298034", "invoiceNumber": "BP60640426", "currentUrl": "https://epos.einvoice.com.tw/UM0501"}, "timestamp": 1778121237782}
{"sessionId": "79f104", "runId": "pre-fix", "hypothesisId": "H1", "location": "Epos自動化測試工具3.0.py:open_business_query_page", "message": "Opened business query page", "data": {"currentUrl": "https://epos.einvoice.com.tw/AS0102", "openedBizPage": true}, "timestamp": 1778121238723}
{"sessionId": "79f104", "runId": "pre-fix", "hypothesisId": "H3", "location": "Epos自動化測試工具3.0.py:query_invoice_rows:rows", "message": "Fetched invoice rows", "data": {"companyId": "83298034", "invoiceNumber": "BP60640426", "rowCount": 2, "rows": [[1, "開立", "小平台解析失敗"], [2, "開立", "大平台回覆成功"]]}, "timestamp": 1778121240499}
{"sessionId": "79f104", "runId": "pre-fix", "hypothesisId": "H3", "location": "Epos自動化測試工具3.0.py:check_and_process_invoice:decision", "message": "Decision for multi rows", "data": {"invoiceNumber": "BP60640426", "totalRows": 2, "failRows": 1, "reasons": ["小平台解析失敗", "大平台回覆成功"]}, "timestamp": 1778121240508}
{"sessionId": "79f104", "runId": "pre-fix", "hypothesisId": "H2", "location": "Epos自動化測試工具3.0.py:delete_invoice:start", "message": "Start delete invoice", "data": {"companyId": "83298034", "invoiceNumber": "BP60640426", "currentUrl": "https://epos.einvoice.com.tw/AS0102"}, "timestamp": 1778121240517}
{"sessionId": "79f104", "runId": "post-fix", "hypothesisId": "H2", "location": "Epos自動化測試工具3.0.py:open_ops_page:ready", "message": "Ops page ready", "data": {"currentUrl": "https://epos.einvoice.com.tw/UM0501", "openedOpsPage": true}, "timestamp": 1778121241173}
{"sessionId": "79f104", "runId": "pre-fix", "hypothesisId": "H2", "location": "Epos自動化測試工具3.0.py:delete_invoice:query_result", "message": "Delete page query result", "data": {"invoiceNumber": "BP60640426", "rowCount": 1}, "timestamp": 1778121241834}
{"sessionId": "79f104", "runId": "pre-fix", "hypothesisId": "H4", "location": "Epos自動化測試工具3.0.py:check_and_process_invoice:start", "message": "Start process invoice", "data": {"companyId": "90154032", "invoiceNumber": "BM67522065", "currentUrl": "https://epos.einvoice.com.tw/UM0501"}, "timestamp": 1778121242533}
{"sessionId": "79f104", "runId": "pre-fix", "hypothesisId": "H1", "location": "Epos自動化測試工具3.0.py:query_invoice_rows:start", "message": "Start invoice query", "data": {"companyId": "90154032", "invoiceNumber": "BM67522065", "currentUrl": "https://epos.einvoice.com.tw/UM0501"}, "timestamp": 1778121242544}
{"sessionId": "79f104", "runId": "pre-fix", "hypothesisId": "H1", "location": "Epos自動化測試工具3.0.py:open_business_query_page", "message": "Opened business query page", "data": {"currentUrl": "https://epos.einvoice.com.tw/AS0102", "openedBizPage": true}, "timestamp": 1778121243479}
{"sessionId": "79f104", "runId": "pre-fix", "hypothesisId": "H3", "location": "Epos自動化測試工具3.0.py:query_invoice_rows:rows", "message": "Fetched invoice rows", "data": {"companyId": "90154032", "invoiceNumber": "BM67522065", "rowCount": 2, "rows": [[1, "開立", "小平台解析失敗"], [2, "開立", "大平台回覆成功"]]}, "timestamp": 1778121245204}
{"sessionId": "79f104", "runId": "pre-fix", "hypothesisId": "H3", "location": "Epos自動化測試工具3.0.py:check_and_process_invoice:decision", "message": "Decision for multi rows", "data": {"invoiceNumber": "BM67522065", "totalRows": 2, "failRows": 1, "reasons": ["小平台解析失敗", "大平台回覆成功"]}, "timestamp": 1778121245212}
{"sessionId": "79f104", "runId": "pre-fix", "hypothesisId": "H2", "location": "Epos自動化測試工具3.0.py:delete_invoice:start", "message": "Start delete invoice", "data": {"companyId": "90154032", "invoiceNumber": "BM67522065", "currentUrl": "https://epos.einvoice.com.tw/AS0102"}, "timestamp": 1778121245222}
{"sessionId": "79f104", "runId": "post-fix", "hypothesisId": "H2", "location": "Epos自動化測試工具3.0.py:open_ops_page:ready", "message": "Ops page ready", "data": {"currentUrl": "https://epos.einvoice.com.tw/UM0501", "openedOpsPage": true}, "timestamp": 1778121245908}
{"sessionId": "79f104", "runId": "pre-fix", "hypothesisId": "H2", "location": "Epos自動化測試工具3.0.py:delete_invoice:query_result", "message": "Delete page query result", "data": {"invoiceNumber": "BM67522065", "rowCount": 1}, "timestamp": 1778121246589}
{"sessionId": "79f104", "runId": "post-fix", "hypothesisId": "H5", "location": "Epos自動化測試工具3.0.py:write_invoice_data:success", "message": "Excel write success", "data": {"path": "D:\\D\\wilsonhuang\\Worktime\\python\\epos自動化測試工具3.0\\data\\EposError.xlsx", "rows": 0}, "timestamp": 1778121247320}
{"sessionId": "79f104", "runId": "pre-fix", "hypothesisId": "H4", "location": "Epos自動化測試工具3.0.py:check_and_process_invoice:start", "message": "Start process invoice", "data": {"companyId": "82940939", "invoiceNumber": "ZJ01630345", "currentUrl": "https://epos.einvoice.com.tw/Welcome"}, "timestamp": 1778133926264}
{"sessionId": "79f104", "runId": "pre-fix", "hypothesisId": "H1", "location": "Epos自動化測試工具3.0.py:query_invoice_rows:start", "message": "Start invoice query", "data": {"companyId": "82940939", "invoiceNumber": "ZJ01630345", "currentUrl": "https://epos.einvoice.com.tw/Welcome"}, "timestamp": 1778133926274}
{"sessionId": "79f104", "runId": "pre-fix", "hypothesisId": "H1", "location": "Epos自動化測試工具3.0.py:open_business_query_page", "message": "Opened business query page", "data": {"currentUrl": "https://epos.einvoice.com.tw/AS0102", "openedBizPage": true}, "timestamp": 1778133927120}
{"sessionId": "79f104", "runId": "pre-fix", "hypothesisId": "H3", "location": "Epos自動化測試工具3.0.py:query_invoice_rows:rows", "message": "Fetched invoice rows", "data": {"companyId": "82940939", "invoiceNumber": "ZJ01630345", "rowCount": 3, "rows": [[1, "開立", "小平台解析失敗"], [2, "開立", "大平台回覆成功"], [3, "註銷", "大平台回覆成功"]]}, "timestamp": 1778133928871}
{"sessionId": "79f104", "runId": "pre-fix", "hypothesisId": "H3", "location": "Epos自動化測試工具3.0.py:check_and_process_invoice:decision", "message": "Decision for multi rows", "data": {"invoiceNumber": "ZJ01630345", "totalRows": 3, "failRows": 1, "reasons": ["小平台解析失敗", "大平台回覆成功", "大平台回覆成功"]}, "timestamp": 1778133928881}
{"sessionId": "79f104", "runId": "pre-fix", "hypothesisId": "H2", "location": "Epos自動化測試工具3.0.py:delete_invoice:start", "message": "Start delete invoice", "data": {"companyId": "82940939", "invoiceNumber": "ZJ01630345", "currentUrl": "https://epos.einvoice.com.tw/AS0102"}, "timestamp": 1778133928893}
{"sessionId": "79f104", "runId": "post-fix", "hypothesisId": "H2", "location": "Epos自動化測試工具3.0.py:open_ops_page:ready", "message": "Ops page ready", "data": {"currentUrl": "https://epos.einvoice.com.tw/UM0501", "openedOpsPage": true}, "timestamp": 1778133929599}
{"sessionId": "79f104", "runId": "pre-fix", "hypothesisId": "H2", "location": "Epos自動化測試工具3.0.py:delete_invoice:query_result", "message": "Delete page query result", "data": {"invoiceNumber": "ZJ01630345", "rowCount": 1}, "timestamp": 1778133930287}
{"sessionId": "79f104", "runId": "pre-fix", "hypothesisId": "H4", "location": "Epos自動化測試工具3.0.py:check_and_process_invoice:start", "message": "Start process invoice", "data": {"companyId": "94065785", "invoiceNumber": "ZE16281452", "currentUrl": "https://epos.einvoice.com.tw/UM0501"}, "timestamp": 1778133931598}
{"sessionId": "79f104", "runId": "pre-fix", "hypothesisId": "H1", "location": "Epos自動化測試工具3.0.py:query_invoice_rows:start", "message": "Start invoice query", "data": {"companyId": "94065785", "invoiceNumber": "ZE16281452", "currentUrl": "https://epos.einvoice.com.tw/UM0501"}, "timestamp": 1778133931610}
{"sessionId": "79f104", "runId": "pre-fix", "hypothesisId": "H1", "location": "Epos自動化測試工具3.0.py:open_business_query_page", "message": "Opened business query page", "data": {"currentUrl": "https://epos.einvoice.com.tw/AS0102", "openedBizPage": true}, "timestamp": 1778133932484}
{"sessionId": "79f104", "runId": "pre-fix", "hypothesisId": "H3", "location": "Epos自動化測試工具3.0.py:query_invoice_rows:rows", "message": "Fetched invoice rows", "data": {"companyId": "94065785", "invoiceNumber": "ZE16281452", "rowCount": 2, "rows": [[1, "開立", "小平台解析失敗"], [2, "開立", "大平台回覆成功"]]}, "timestamp": 1778133934151}
{"sessionId": "79f104", "runId": "pre-fix", "hypothesisId": "H3", "location": "Epos自動化測試工具3.0.py:check_and_process_invoice:decision", "message": "Decision for multi rows", "data": {"invoiceNumber": "ZE16281452", "totalRows": 2, "failRows": 1, "reasons": ["小平台解析失敗", "大平台回覆成功"]}, "timestamp": 1778133934162}
{"sessionId": "79f104", "runId": "pre-fix", "hypothesisId": "H2", "location": "Epos自動化測試工具3.0.py:delete_invoice:start", "message": "Start delete invoice", "data": {"companyId": "94065785", "invoiceNumber": "ZE16281452", "currentUrl": "https://epos.einvoice.com.tw/AS0102"}, "timestamp": 1778133934171}
{"sessionId": "79f104", "runId": "post-fix", "hypothesisId": "H2", "location": "Epos自動化測試工具3.0.py:open_ops_page:ready", "message": "Ops page ready", "data": {"currentUrl": "https://epos.einvoice.com.tw/UM0501", "openedOpsPage": true}, "timestamp": 1778133934821}
{"sessionId": "79f104", "runId": "pre-fix", "hypothesisId": "H2", "location": "Epos自動化測試工具3.0.py:delete_invoice:query_result", "message": "Delete page query result", "data": {"invoiceNumber": "ZE16281452", "rowCount": 1}, "timestamp": 1778133935478}
{"sessionId": "79f104", "runId": "pre-fix", "hypothesisId": "H4", "location": "Epos自動化測試工具3.0.py:check_and_process_invoice:start", "message": "Start process invoice", "data": {"companyId": "94065785", "invoiceNumber": "ZE16281451", "currentUrl": "https://epos.einvoice.com.tw/UM0501"}, "timestamp": 1778133936754}
{"sessionId": "79f104", "runId": "pre-fix", "hypothesisId": "H1", "location": "Epos自動化測試工具3.0.py:query_invoice_rows:start", "message": "Start invoice query", "data": {"companyId": "94065785", "invoiceNumber": "ZE16281451", "currentUrl": "https://epos.einvoice.com.tw/UM0501"}, "timestamp": 1778133936765}
{"sessionId": "79f104", "runId": "pre-fix", "hypothesisId": "H1", "location": "Epos自動化測試工具3.0.py:open_business_query_page", "message": "Opened business query page", "data": {"currentUrl": "https://epos.einvoice.com.tw/AS0102", "openedBizPage": true}, "timestamp": 1778133937660}
{"sessionId": "79f104", "runId": "pre-fix", "hypothesisId": "H3", "location": "Epos自動化測試工具3.0.py:query_invoice_rows:rows", "message": "Fetched invoice rows", "data": {"companyId": "94065785", "invoiceNumber": "ZE16281451", "rowCount": 2, "rows": [[1, "開立", "大平台回覆成功"], [2, "開立", "小平台解析失敗"]]}, "timestamp": 1778133939296}
{"sessionId": "79f104", "runId": "pre-fix", "hypothesisId": "H3", "location": "Epos自動化測試工具3.0.py:check_and_process_invoice:decision", "message": "Decision for multi rows", "data": {"invoiceNumber": "ZE16281451", "totalRows": 2, "failRows": 1, "reasons": ["大平台回覆成功", "小平台解析失敗"]}, "timestamp": 1778133939303}
{"sessionId": "79f104", "runId": "pre-fix", "hypothesisId": "H2", "location": "Epos自動化測試工具3.0.py:delete_invoice:start", "message": "Start delete invoice", "data": {"companyId": "94065785", "invoiceNumber": "ZE16281451", "currentUrl": "https://epos.einvoice.com.tw/AS0102"}, "timestamp": 1778133939310}
{"sessionId": "79f104", "runId": "post-fix", "hypothesisId": "H2", "location": "Epos自動化測試工具3.0.py:open_ops_page:ready", "message": "Ops page ready", "data": {"currentUrl": "https://epos.einvoice.com.tw/UM0501", "openedOpsPage": true}, "timestamp": 1778133939969}
{"sessionId": "79f104", "runId": "pre-fix", "hypothesisId": "H2", "location": "Epos自動化測試工具3.0.py:delete_invoice:query_result", "message": "Delete page query result", "data": {"invoiceNumber": "ZE16281451", "rowCount": 1}, "timestamp": 1778133940624}
{"sessionId": "79f104", "runId": "post-fix", "hypothesisId": "H5", "location": "Epos自動化測試工具3.0.py:write_invoice_data:success", "message": "Excel write success", "data": {"path": "D:\\D\\wilsonhuang\\Worktime\\python\\epos自動化測試工具3.0\\data\\EposError.xlsx", "rows": 0}, "timestamp": 1778133941394}
